allocation_scope,amount_check_scope,approval_status,audit_as_of,audit_month_end_exclusive,audit_month_start,business_type,cancellation_date,cancellation_docentry,cancelled_at,candidate_invoice_nos,careos_total_installments,cause_confidence,charge_amount_thb,charge_id,charge_updated_at,comparable_item_amount_thb,compulsory_item_count,counterpart_cancelled_docentries,date_scope,event_type,flow,installment_period,is_cancelled,is_change_order_new,is_change_order_old,item_pk,lead_status,matched_docentries,matched_invoices,matched_sap_rows,matched_statuses,motor_item_type,needs_review,order_id,order_item,order_item_count,paid_at,paid_date,paid_date_source,payment_method,payment_mode,payment_option,period_charge_rank,product,raw_invoice_no,raw_payment_at,reason_code,reconciliation_status,sap_item_rows,sap_matched_actual,sap_paid_date,sap_period_paid_rows,sap_period_rows,sap_period_statuses,sap_update_at,service_provider,snapshot_periods,submission_status,terminal_matches,transaction_charge_rank,transaction_id,upstream_invoice_present,rcl_newpayment_invoice_present,item_in_cancel_output,receipt_in_cancel_output,route_check_note,order_created_at,source_insurer,sap_view_item_routes,sap_view_period_routes,sap_view_identity_routes,sap_view_matching_event_routes,sap_view_output_invoices,sap_view_coverage,scenario,latest_period_already_paid,event_period_already_paid,cancel_stale_pending_paid,cancel_already_cancelled_flag,root_cause_group,blocker_attribution,matching_output_risks,matching_route_count,multiple_route_owners,identity_present_with_flagged_payload,membership_limit
RECEIPT_LINK,SINGLE_ITEM_RAW_CHARGE_COMPARISON,ITEM_APPROVAL_STATUS_POLICY_UPLOADED,2026-09-26 16:06:06,2026-10-01,2026-09-01,Motor,,,,"[""chrg_68wz5w2gyza2ou3gs0o"",""2_chrg_68wz5w2gyza2ou3gs0o""]",6,ROUTING_CAUSE_CANDIDATE,875.0,d5a40c8e-ec60-4331-ba82-85d9b6a75466,2026-09-05 09:16:55,875.0,0,,CURRENT_MONTH,PAID,RCL,1,false,false,false,db5ef31b-b433-43ce-b269-00bf90bc6fbf,LEAD_STATUS_PURCHASED,,,0,,MOTOR_TYPE_1,true,L78869745,L78869745-V1,1,2026-09-05 09:16:54,2026-09-05,PAYMENT_DATE,QR_CODE,INSTALLMENT,RABBIT_CARE_INSTALLMENT,2,products/car-insurance,chrg_68wz5w2gyza2ou3gs0o,2026-09-05 09:16:54,ADDITIONAL_CHARGE_PAID_PERIOD_GATE,MISSING_TERMINAL_SAP_EVIDENCE,6,,,1,1,paid,,RABBIT_LENDING,6,ITEM_SUBMISSION_STATUS_SUBMITTED,0,2,2ceb0e5b-a8c1-4af3-9842-29ddf9726b61,true,false,,,RCL newpayment membership applies only to Motor RCL; false for other flows is not a blocker.,2026-09-05 16:21:08,insurers/27,,,,,,EVENT_ABSENT,SAME_PERIOD_ADDITIONAL,true,true,,,RCL_PAID_PERIOD_EXCLUDES_NEW_INVOICE,FIRST_APPLICABLE_OBSERVED_GROUP_NOT_EXHAUSTIVE,[],0,False,False,Identity+status only; no scheduling/import or accounting allocation assertion. Cancellation does not prove per-DocEntry multiplicity.
RECEIPT_LINK,MULTI_ITEM_ALLOCATION_NOT_RECONCILED,ITEM_APPROVAL_STATUS_POLICY_UPLOADED,2026-09-26 16:06:06,2026-10-01,2026-09-01,Motor,,,,"[""chrg_691z43yy5glcey7wixv"",""2_chrg_691z43yy5glcey7wixv""]",6,ROUTING_CAUSE_CANDIDATE,322.07,a9d6cc17-356e-45c6-abf5-5816555ab7a0,2026-09-18 04:03:47,,1,,CURRENT_MONTH,PAID,RCL,1,false,false,false,65d99fd3-2d62-473d-a3c9-6a1a8b9710b5,LEAD_STATUS_PURCHASED,,,0,,MOTOR_TYPE_2_PLUS,true,L78871425,L78871425-V1,2,2026-09-18 04:03:47,2026-09-18,PAYMENT_DATE,QR_CODE,INSTALLMENT,RABBIT_CARE_INSTALLMENT,2,products/car-insurance,chrg_691z43yy5glcey7wixv,2026-09-18 04:03:47,ADDITIONAL_CHARGE_PAID_PERIOD_GATE,MISSING_TERMINAL_SAP_EVIDENCE,6,,,1,1,paid,,RABBIT_LENDING,6,ITEM_SUBMISSION_STATUS_SUBMITTED,0,2,6b620d0a-926f-4b92-aff1-69221061050d,true,false,,,RCL newpayment membership applies only to Motor RCL; false for other flows is not a blocker.,2026-09-18 11:20:44,insurers/7,,,,,,EVENT_ABSENT,SAME_PERIOD_ADDITIONAL,true,true,,,RCL_PAID_PERIOD_EXCLUDES_NEW_INVOICE,FIRST_APPLICABLE_OBSERVED_GROUP_NOT_EXHAUSTIVE,[],0,False,False,Identity+status only; no scheduling/import or accounting allocation assertion. Cancellation does not prove per-DocEntry multiplicity.
RECEIPT_LINK,SINGLE_ITEM_RAW_CHARGE_COMPARISON,ITEM_APPROVAL_STATUS_PENDING,2026-09-26 16:06:06,2026-10-01,2026-09-01,Motor,,,,"[""chrg_694qoz0j4q5kzfgj6rk"",""2_chrg_694qoz0j4q5kzfgj6rk""]",3,ROUTING_CAUSE_CANDIDATE,129.38,417efa35-394d-4660-9615-d7fb06abed06,2026-09-25 06:20:28,129.38,0,,CURRENT_MONTH,PAID,RCL,1,false,false,false,bf5cf51a-8a22-4ab6-8875-d47254d58521,LEAD_STATUS_PURCHASED,,,0,,MOTOR_TYPE_2_PLUS,true,L78875096,L78875096-V1,1,2026-09-25 06:20:28,2026-09-25,PAYMENT_DATE,QR_CODE,INSTALLMENT,RABBIT_CARE_INSTALLMENT,2,products/car-insurance,chrg_694qoz0j4q5kzfgj6rk,2026-09-25 06:20:28,ADDITIONAL_CHARGE_PAID_PERIOD_GATE,MISSING_TERMINAL_SAP_EVIDENCE,3,,,1,1,paid,,RABBIT_LENDING,3,ITEM_SUBMISSION_STATUS_PENDING,0,2,d59a1d9f-f2c6-4321-b359-9edb91660f44,true,false,,,RCL newpayment membership applies only to Motor RCL; false for other flows is not a blocker.,2026-09-25 18:28:51,insurers/6,,,,,,EVENT_ABSENT,SAME_PERIOD_ADDITIONAL,true,true,,,RCL_PAID_PERIOD_EXCLUDES_NEW_INVOICE,FIRST_APPLICABLE_OBSERVED_GROUP_NOT_EXHAUSTIVE,[],0,False,False,Identity+status only; no scheduling/import or accounting allocation assertion. Cancellation does not prove per-DocEntry multiplicity.
RECEIPT_LINK,MULTI_ITEM_ALLOCATION_NOT_RECONCILED,ITEM_APPROVAL_STATUS_POLICY_UPLOADED,2026-09-26 16:06:06,2026-10-01,2026-09-01,Motor,,,,"[""chrg_693musl5peqte0ydkwo"",""2_chrg_693musl5peqte0ydkwo""]",8,ROUTING_CAUSE_CANDIDATE,42.17,6051f80d-0431-4977-ab10-72bafea506bc,2026-09-22 09:48:22,,1,,CURRENT_MONTH,PAID,RCL,1,false,false,false,1be36071-a28b-40ec-8a69-479b25e31c57,LEAD_STATUS_PURCHASED,,,0,,MOTOR_TYPE_1,true,L78903915,L78903915-V1,2,2026-09-22 09:48:21,2026-09-22,PAYMENT_DATE,QR_CODE,INSTALLMENT,RABBIT_CARE_INSTALLMENT,2,products/car-insurance,chrg_693musl5peqte0ydkwo,2026-09-22 09:48:21,ADDITIONAL_CHARGE_PAID_PERIOD_GATE,MISSING_TERMINAL_SAP_EVIDENCE,8,,,1,1,paid,,RABBIT_LENDING,8,ITEM_SUBMISSION_STATUS_SUBMITTED,0,2,8dcbe058-a66d-439f-b091-1b10fdba8d5d,true,false,,,RCL newpayment membership applies only to Motor RCL; false for other flows is not a blocker.,2026-09-22 17:06:49,insurers/7,,,,,,EVENT_ABSENT,SAME_PERIOD_ADDITIONAL,true,true,,,RCL_PAID_PERIOD_EXCLUDES_NEW_INVOICE,FIRST_APPLICABLE_OBSERVED_GROUP_NOT_EXHAUSTIVE,[],0,False,False,Identity+status only; no scheduling/import or accounting allocation assertion. Cancellation does not prove per-DocEntry multiplicity.
RECEIPT_LINK,MULTI_ITEM_ALLOCATION_NOT_RECONCILED,ITEM_APPROVAL_STATUS_POLICY_UPLOADED,2026-09-26 16:06:06,2026-10-01,2026-09-01,Motor,,,,"[""chrg_68xqdk0ad87d6rk1hog"",""2_chrg_68xqdk0ad87d6rk1hog""]",10,ROUTING_CAUSE_CANDIDATE,561.01,68d7e70b-ba92-48ff-af98-cc10cc0dd066,2026-09-07 07:56:36,,1,,CURRENT_MONTH,PAID,RCL,1,false,false,false,02f08bd0-559a-4458-b9a7-939c83ce8383,LEAD_STATUS_PURCHASED,,,0,,MOTOR_TYPE_1,true,L78964092,L78964092-V1,2,2026-09-07 07:56:35,2026-09-07,PAYMENT_DATE,QR_CODE,INSTALLMENT,RABBIT_CARE_INSTALLMENT,2,products/car-insurance,chrg_68xqdk0ad87d6rk1hog,2026-09-07 07:56:35,ADDITIONAL_CHARGE_PAID_PERIOD_GATE,MISSING_TERMINAL_SAP_EVIDENCE,10,,,1,1,paid,,RABBIT_LENDING,10,ITEM_SUBMISSION_STATUS_SUBMITTED,0,2,add1f73d-2b88-4463-bde5-37ee4ddb018c,true,false,,,RCL newpayment membership applies only to Motor RCL; false for other flows is not a blocker.,2026-09-07 16:50:59,insurers/27,,,,,,EVENT_ABSENT,SAME_PERIOD_ADDITIONAL,true,true,,,RCL_PAID_PERIOD_EXCLUDES_NEW_INVOICE,FIRST_APPLICABLE_OBSERVED_GROUP_NOT_EXHAUSTIVE,[],0,False,False,Identity+status only; no scheduling/import or accounting allocation assertion. Cancellation does not prove per-DocEntry multiplicity.
RECEIPT_LINK,MULTI_ITEM_ALLOCATION_NOT_RECONCILED,ITEM_APPROVAL_STATUS_POLICY_UPLOADED,2026-09-26 16:06:06,2026-10-01,2026-09-01,Motor,,,,"[""chrg_68w87npgw0hbvid58ho"",""2_chrg_68w87npgw0hbvid58ho""]",8,ROUTING_CAUSE_CANDIDATE,645.21,dc98599e-b5bb-44e4-97df-18f9f6c3916a,2026-09-03 11:34:04,,1,,CURRENT_MONTH,PAID,RCL,1,false,false,false,c0827c6c-d283-4737-91c7-f6accf279316,LEAD_STATUS_PURCHASED,,,0,,MOTOR_TYPE_1,true,L79109956,L79109956-V1,2,2026-09-03 11:34:03,2026-09-03,PAYMENT_DATE,QR_CODE,INSTALLMENT,RABBIT_CARE_INSTALLMENT,2,products/car-insurance,chrg_68w87npgw0hbvid58ho,2026-09-03 11:34:03,ADDITIONAL_CHARGE_PAID_PERIOD_GATE,MISSING_TERMINAL_SAP_EVIDENCE,8,,,1,1,paid,,RABBIT_LENDING,8,ITEM_SUBMISSION_STATUS_SUBMITTED,0,2,1cd06594-0a36-45e8-96a4-438042192956,true,false,,,RCL newpayment membership applies only to Motor RCL; false for other flows is not a blocker.,2026-09-04 09:48:41,insurers/7,,,,,,EVENT_ABSENT,SAME_PERIOD_ADDITIONAL,true,true,,,RCL_PAID_PERIOD_EXCLUDES_NEW_INVOICE,FIRST_APPLICABLE_OBSERVED_GROUP_NOT_EXHAUSTIVE,[],0,False,False,Identity+status only; no scheduling/import or accounting allocation assertion. Cancellation does not prove per-DocEntry multiplicity.
RECEIPT_LINK,MULTI_ITEM_ALLOCATION_NOT_RECONCILED,ITEM_APPROVAL_STATUS_PENDING,2026-09-26 16:06:06,2026-10-01,2026-09-01,Motor,,,,"[""chrg_68vdsd4aq0b1siwdgby"",""2_chrg_68vdsd4aq0b1siwdgby""]",10,ROUTING_CAUSE_CANDIDATE,645.21,2b0136c4-1bfb-413a-aee4-7298266bd115,2026-09-01 07:28:18,,1,,CURRENT_MONTH,PAID,RCL,1,false,false,false,8dad4e50-a622-4eeb-bc7d-06f83ae037ee,LEAD_STATUS_PURCHASED,,,0,,MOTOR_TYPE_1,true,L79117599,L79117599-V1,2,2026-09-01 07:28:17,2026-09-01,PAYMENT_DATE,QR_CODE,INSTALLMENT,RABBIT_CARE_INSTALLMENT,2,products/car-insurance,chrg_68vdsd4aq0b1siwdgby,2026-09-01 07:28:17,ADDITIONAL_CHARGE_PAID_PERIOD_GATE,MISSING_TERMINAL_SAP_EVIDENCE,10,,,1,1,paid,,RABBIT_LENDING,10,ITEM_SUBMISSION_STATUS_SUBMITTED,0,2,100d8e91-64da-4c6d-8cf0-c3ff84063f3b,true,false,,,RCL newpayment membership applies only to Motor RCL; false for other flows is not a blocker.,2026-09-01 15:29:13,insurers/27,,,,,,EVENT_ABSENT,SAME_PERIOD_ADDITIONAL,true,true,,,RCL_PAID_PERIOD_EXCLUDES_NEW_INVOICE,FIRST_APPLICABLE_OBSERVED_GROUP_NOT_EXHAUSTIVE,[],0,False,False,Identity+status only; no scheduling/import or accounting allocation assertion. Cancellation does not prove per-DocEntry multiplicity.
RECEIPT_LINK,SINGLE_ITEM_RAW_CHARGE_COMPARISON,ITEM_APPROVAL_STATUS_POLICY_UPLOADED,2026-09-26 16:06:06,2026-10-01,2026-09-01,Motor,,,,"[""chrg_68ve8ufva4h1iil7wrn"",""2_chrg_68ve8ufva4h1iil7wrn""]",10,ROUTING_CAUSE_CANDIDATE,22.04,097864a4-cd1f-4d0a-9e08-9ec775363484,2026-09-01 08:14:59,22.04,0,,CURRENT_MONTH,PAID,RCL,1,false,false,false,83351d83-b369-4cc6-bdca-fa8007cd84a1,LEAD_STATUS_PURCHASED,,,0,,MOTOR_TYPE_1,true,L80570054,L80570054-V1,1,2026-09-01 08:14:59,2026-09-01,PAYMENT_DATE,QR_CODE,INSTALLMENT,RABBIT_CARE_INSTALLMENT,2,products/car-insurance,chrg_68ve8ufva4h1iil7wrn,2026-09-01 08:14:59,ADDITIONAL_CHARGE_PAID_PERIOD_GATE,MISSING_TERMINAL_SAP_EVIDENCE,10,,,1,1,paid,,RABBIT_LENDING,10,ITEM_SUBMISSION_STATUS_SUBMITTED,0,2,7a77816e-a17e-4353-bcd4-4c33bfb68ae2,true,false,,,RCL newpayment membership applies only to Motor RCL; false for other flows is not a blocker.,2026-09-01 16:10:57,insurers/6,,,,,,EVENT_ABSENT,SAME_PERIOD_ADDITIONAL,true,true,,,RCL_PAID_PERIOD_EXCLUDES_NEW_INVOICE,FIRST_APPLICABLE_OBSERVED_GROUP_NOT_EXHAUSTIVE,[],0,False,False,Identity+status only; no scheduling/import or accounting allocation assertion. Cancellation does not prove per-DocEntry multiplicity.
RECEIPT_LINK,SINGLE_ITEM_RAW_CHARGE_COMPARISON,ITEM_APPROVAL_STATUS_POLICY_UPLOADED,2026-09-26 16:06:06,2026-10-01,2026-09-01,Motor,,,,"[""chrg_690wg65nn3euwaxcw5b"",""2_chrg_690wg65nn3euwaxcw5b""]",10,ROUTING_CAUSE_CANDIDATE,20.0,45b5ed90-2abe-4d9c-b806-47a9b41200ac,2026-09-15 10:23:38,20.0,0,,CURRENT_MONTH,PAID,RCL,1,false,false,false,23ecefaa-64f5-4dae-ab02-be0e7532c741,LEAD_STATUS_PURCHASED,,,0,,MOTOR_TYPE_1,true,L80625866,L80625866-V1,1,2026-09-15 10:23:37,2026-09-15,PAYMENT_DATE,QR_CODE,INSTALLMENT,RABBIT_CARE_INSTALLMENT,2,products/car-insurance,chrg_690wg65nn3euwaxcw5b,2026-09-15 10:23:37,ADDITIONAL_CHARGE_PAID_PERIOD_GATE,MISSING_TERMINAL_SAP_EVIDENCE,10,,,1,1,paid,,RABBIT_LENDING,10,ITEM_SUBMISSION_STATUS_SUBMITTED,0,2,b4ea65ed-5a6d-4353-ae50-62d803bf8f87,true,false,,,RCL newpayment membership applies only to Motor RCL; false for other flows is not a blocker.,2026-09-15 17:23:45,insurers/28,,,,,,EVENT_ABSENT,SAME_PERIOD_ADDITIONAL,true,true,,,RCL_PAID_PERIOD_EXCLUDES_NEW_INVOICE,FIRST_APPLICABLE_OBSERVED_GROUP_NOT_EXHAUSTIVE,[],0,False,False,Identity+status only; no scheduling/import or accounting allocation assertion. Cancellation does not prove per-DocEntry multiplicity.
RECEIPT_LINK,MULTI_ITEM_ALLOCATION_NOT_RECONCILED,ITEM_APPROVAL_STATUS_PENDING,2026-09-26 16:06:06,2026-10-01,2026-09-01,Motor,,,,"[""chrg_694tw1xiqjitz0mwy4k"",""2_chrg_694tw1xiqjitz0mwy4k""]",10,ROUTING_CAUSE_CANDIDATE,20.0,0b70d3d5-b17e-4dd7-b2b4-31e7d3df202d,2026-09-25 11:09:32,,1,,CURRENT_MONTH,PAID,RCL,1,false,false,false,53c77510-a459-4dd5-b384-8c7f61c5b01b,LEAD_STATUS_PURCHASED,,,0,,MOTOR_TYPE_1,true,L80938202,L80938202-V1,2,2026-09-25 11:09:31,2026-09-25,PAYMENT_DATE,QR_CODE,INSTALLMENT,RABBIT_CARE_INSTALLMENT,2,products/car-insurance,chrg_694tw1xiqjitz0mwy4k,2026-09-25 11:09:31,ADDITIONAL_CHARGE_PAID_PERIOD_GATE,MISSING_TERMINAL_SAP_EVIDENCE,10,,,1,1,paid,,RABBIT_LENDING,10,ITEM_SUBMISSION_STATUS_PENDING,0,2,55f790b3-6e41-4f05-9459-1eda02e28923,true,false,,,RCL newpayment membership applies only to Motor RCL; false for other flows is not a blocker.,2026-09-25 18:29:03,insurers/28,,,,,,EVENT_ABSENT,SAME_PERIOD_ADDITIONAL,true,true,,,RCL_PAID_PERIOD_EXCLUDES_NEW_INVOICE,FIRST_APPLICABLE_OBSERVED_GROUP_NOT_EXHAUSTIVE,[],0,False,False,Identity+status only; no scheduling/import or accounting allocation assertion. Cancellation does not prove per-DocEntry multiplicity.
RECEIPT_LINK,SINGLE_ITEM_RAW_CHARGE_COMPARISON,ITEM_APPROVAL_STATUS_POLICY_UPLOADED,2026-09-26 16:06:06,2026-10-01,2026-09-01,Motor,2026-09-18,,2026-09-18 11:59:34,"[""chrg_690wgj6dzoolh8qal92""]",6,OBSERVED_DATA_STATE,5600.74,51ad7bd7-f7bc-42e0-aaf6-3ba19023cd1e,2026-09-18 06:16:35,5600.74,0,,CURRENT_MONTH,PAID,RCL,5,true,false,true,00d1615b-ef69-456c-8bc0-ffee19a63beb,LEAD_STATUS_PURCHASED,,,0,,MOTOR_TYPE_1,true,L78403669,L78403669-V1,1,2026-09-18 06:16:35,2026-09-18,PAYMENT_DATE,QR_CODE,INSTALLMENT,RABBIT_CARE_INSTALLMENT,1,products/car-insurance,chrg_690wgj6dzoolh8qal92,2026-09-18 06:16:35,CANCELLED_ITEM_RECEIPT_NOT_FOUND,MISSING_TERMINAL_SAP_EVIDENCE,12,,,0,2,"cancelled,pending",,RABBIT_LENDING,6,ITEM_SUBMISSION_STATUS_SUBMITTED,0,5,314721e3-886e-476a-aa12-e6e40f0181f6,true,true,,,RCL newpayment membership applies only to Motor RCL; false for other flows is not a blocker.,2026-05-08 15:14:58,insurers/17,,,,,,EVENT_ABSENT,SUBSEQUENT_INSTALLMENT,false,false,,,PAID_ON_CANCELLED_ITEM_REQUIRES_LIFECYCLE_REVIEW,INVESTIGATION_SCENARIO_NOT_PROVEN_SINGLE_CAUSE,[],0,False,False,Identity+status only; no scheduling/import or accounting allocation assertion. Cancellation does not prove per-DocEntry multiplicity.
RECEIPT_LINK,SINGLE_ITEM_RAW_CHARGE_COMPARISON,ITEM_APPROVAL_STATUS_PENDING,2026-09-26 16:06:06,2026-10-01,2026-09-01,Motor,2026-09-15,,2026-09-14 18:12:56,"[""chrg_68z8pmyzv5awp60uxi8"",""2_chrg_68z8pmyzv5awp60uxi8""]",6,OBSERVED_DATA_STATE,1108.18,c9269c44-3cd1-4070-94cc-1673f44caf6c,2026-09-13 13:27:04,1108.18,0,,CURRENT_MONTH,PAID,RCL,1,true,false,true,68727dde-5909-4765-acfd-4f4591fabf2e,LEAD_STATUS_PURCHASED,,,0,,MOTOR_TYPE_2_PLUS,true,L78848241,L78848241-V1,1,2026-09-13 13:27:02,2026-09-13,PAYMENT_DATE,QR_CODE,INSTALLMENT,RABBIT_CARE_INSTALLMENT,1,products/car-insurance,chrg_68z8pmyzv5awp60uxi8,2026-09-13 13:27:02,CANCELLED_ITEM_RECEIPT_NOT_FOUND,MISSING_TERMINAL_SAP_EVIDENCE,6,,,0,1,pending,,RABBIT_LENDING,6,ITEM_SUBMISSION_STATUS_PENDING,0,1,b31b1d2e-297c-4a69-a2a6-a15dea4d3f7b,true,true,,,RCL newpayment membership applies only to Motor RCL; false for other flows is not a blocker.,2026-09-14 15:47:52,insurers/28,,,,,,EVENT_ABSENT,EXISTING_ITEM_PERIOD1_RECEIPT,false,false,true,0,PAID_ON_CANCELLED_ITEM_REQUIRES_LIFECYCLE_REVIEW,INVESTIGATION_SCENARIO_NOT_PROVEN_SINGLE_CAUSE,[],0,False,False,Identity+status only; no scheduling/import or accounting allocation assertion. Cancellation does not prove per-DocEntry multiplicity.
RECEIPT_LINK,SINGLE_ITEM_RAW_CHARGE_COMPARISON,ITEM_APPROVAL_STATUS_POLICY_UPLOADED,2026-09-26 16:06:06,2026-10-01,2026-09-01,Motor,,,,"[""chrg_6914wjom18gf7byt2z5""]",10,ROUTING_CAUSE_CANDIDATE,2550.02,abc08e5c-8c85-4558-85bd-e5382cdbf59e,2026-09-16 00:28:48,2550.02,0,,CURRENT_MONTH,PAID,RCL,10,false,true,false,e2fb649f-01f3-43a1-9913-20c7ae460e4e,LEAD_STATUS_PURCHASED,,,0,,MOTOR_TYPE_1,true,L79312967,L79312967-V1,1,2026-09-16 00:28:47,2026-09-16,PAYMENT_DATE,QR_CODE,INSTALLMENT,RABBIT_CARE_INSTALLMENT,1,products/car-insurance,chrg_6914wjom18gf7byt2z5,2026-09-16 00:28:47,CHANGE_ORDER_NEW_FLOW_REVIEW,MISSING_TERMINAL_SAP_EVIDENCE,10,,,0,1,pending,,RABBIT_LENDING,10,ITEM_SUBMISSION_STATUS_SUBMITTED,0,10,e61f01b0-a032-45e4-9ad6-38ed32496f75,true,true,,,RCL newpayment membership applies only to Motor RCL; false for other flows is not a blocker.,2025-12-10 15:30:45,insurers/28,,,,,,EVENT_ABSENT,CHANGE_ORDER_RECEIPT,false,false,,,RCL_MOTOR_ORDER_YEAR_2026_CUTOFF,FIRST_APPLICABLE_OBSERVED_GROUP_NOT_EXHAUSTIVE,[],0,False,False,Identity+status only; no scheduling/import or accounting allocation assertion. Cancellation does not prove per-DocEntry multiplicity.
RECEIPT_LINK,SINGLE_ITEM_RAW_CHARGE_COMPARISON,ITEM_APPROVAL_STATUS_PENDING,2026-09-26 16:06:06,2026-10-01,2026-09-01,NonMotor,,,,"[""chrg_690x3dhjpcxq68nbfa9""]",10,ROUTING_CAUSE_CANDIDATE,1234.0,afbd6d6d-d2ba-4f5d-92cd-e38de742ce64,2026-09-15 11:09:39,1234.0,0,,CURRENT_MONTH,PAID,RCL,10,false,true,false,0ebcffcb-e85b-47f5-9e04-f6155096cc2a,,,,0,,,true,L79327000,L79327000-1,1,2026-09-15 11:09:38,2026-09-15,PAYMENT_DATE,QR_CODE,INSTALLMENT,RABBIT_CARE_INSTALLMENT,1,products/health-insurance,chrg_690x3dhjpcxq68nbfa9,2026-09-15 11:09:38,CHANGE_ORDER_NEW_FLOW_REVIEW,MISSING_TERMINAL_SAP_EVIDENCE,10,,,0,1,pending,,RABBIT_LENDING,10,ITEM_SUBMISSION_STATUS_PENDING,0,10,05c42aff-eba4-4457-a355-bfff06812365,false,false,,,RCL newpayment membership applies only to Motor RCL; false for other flows is not a blocker.,2025-12-15 14:50:38,insurers/46,RCL_NonMotor_process_2_newpayment,,,,,EVENT_ABSENT,CHANGE_ORDER_RECEIPT,false,false,,,RCL_NONMOTOR_CREDITSHELL_FOLLOWUP_SOURCE_GAP,FIRST_APPLICABLE_OBSERVED_GROUP_NOT_EXHAUSTIVE,[],0,False,False,Identity+status only; no scheduling/import or accounting allocation assertion. Cancellation does not prove per-DocEntry multiplicity.
RECEIPT_LINK,SINGLE_ITEM_RAW_CHARGE_COMPARISON,ITEM_APPROVAL_STATUS_POLICY_UPLOADED,2026-09-26 16:06:06,2026-10-01,2026-09-01,Motor,,,,"[""chrg_690thx535dv8b87g45i""]",10,ROUTING_CAUSE_CANDIDATE,3299.99,4eeedbbc-a389-40c7-acc7-f264e222c406,2026-09-15 05:02:24,3299.99,0,,CURRENT_MONTH,PAID,RCL,10,false,true,false,f6521d3d-0b21-472a-9bd8-36d3845b2d8a,LEAD_STATUS_PURCHASED,,,0,,MOTOR_TYPE_1,true,L79329562,L79329562-V1,1,2026-09-15 05:02:23,2026-09-15,PAYMENT_DATE,QR_CODE,INSTALLMENT,RABBIT_CARE_INSTALLMENT,1,products/car-insurance,chrg_690thx535dv8b87g45i,2026-09-15 05:02:23,CHANGE_ORDER_NEW_FLOW_REVIEW,MISSING_TERMINAL_SAP_EVIDENCE,10,,,0,1,pending,,RABBIT_LENDING,10,ITEM_SUBMISSION_STATUS_SUBMITTED,0,10,ea9eea99-698d-41bb-adbd-bcfdfb54f20d,true,true,,,RCL newpayment membership applies only to Motor RCL; false for other flows is not a blocker.,2025-12-15 14:02:21,insurers/11,,,,,,EVENT_ABSENT,CHANGE_ORDER_RECEIPT,false,false,,,RCL_MOTOR_ORDER_YEAR_2026_CUTOFF,FIRST_APPLICABLE_OBSERVED_GROUP_NOT_EXHAUSTIVE,[],0,False,False,Identity+status only; no scheduling/import or accounting allocation assertion. Cancellation does not prove per-DocEntry multiplicity.
RECEIPT_LINK,MULTI_ITEM_ALLOCATION_NOT_RECONCILED,ITEM_APPROVAL_STATUS_POLICY_UPLOADED,2026-09-26 16:06:06,2026-10-01,2026-09-01,Motor,,,,"[""chrg_69233s2co6qo6kwbgy1""]",10,ROUTING_CAUSE_CANDIDATE,2864.43,70a8c1d2-ea3d-4a1b-ac87-19570c22cdb5,2026-09-18 10:46:42,,1,,CURRENT_MONTH,PAID,RCL,10,false,true,false,a1bead34-9552-4141-9947-0c2a709447d5,LEAD_STATUS_PURCHASED,,,0,,MOTOR_TYPE_1,true,L79331377,L79331377-V1,2,2026-09-18 10:46:41,2026-09-18,PAYMENT_DATE,QR_CODE,INSTALLMENT,RABBIT_CARE_INSTALLMENT,1,products/car-insurance,chrg_69233s2co6qo6kwbgy1,2026-09-18 10:46:41,CHANGE_ORDER_NEW_FLOW_REVIEW,MISSING_TERMINAL_SAP_EVIDENCE,10,,,0,1,pending,,RABBIT_LENDING,10,ITEM_SUBMISSION_STATUS_SUBMITTED,0,10,6a808027-a4be-497e-8b52-cdc1ecb1995c,true,true,,,RCL newpayment membership applies only to Motor RCL; false for other flows is not a blocker.,2025-12-15 12:29:30,insurers/27,,,,,,EVENT_ABSENT,CHANGE_ORDER_RECEIPT,false,false,,,RCL_MOTOR_ORDER_YEAR_2026_CUTOFF,FIRST_APPLICABLE_OBSERVED_GROUP_NOT_EXHAUSTIVE,[],0,False,False,Identity+status only; no scheduling/import or accounting allocation assertion. Cancellation does not prove per-DocEntry multiplicity.
RECEIPT_LINK,SINGLE_ITEM_RAW_CHARGE_COMPARISON,ITEM_APPROVAL_STATUS_POLICY_UPLOADED,2026-09-26 16:06:06,2026-10-01,2026-09-01,NonMotor,,,,"[""chrg_68yxd8iio0gajdnzjow""]",10,ROUTING_CAUSE_CANDIDATE,1381.0,577a97e5-6c55-4530-80d0-5ef0da16041b,2026-09-10 08:54:48,1381.0,0,,CURRENT_MONTH,PAID,RCL,10,false,true,false,4324dc7c-2e8c-476c-b6ab-119b97086b9d,,,,0,,,true,L79333459,L79333459-1,1,2026-09-10 08:54:46,2026-09-10,PAYMENT_DATE,QR_CODE,INSTALLMENT,RABBIT_CARE_INSTALLMENT,1,products/health-insurance,chrg_68yxd8iio0gajdnzjow,2026-09-10 08:54:46,CHANGE_ORDER_NEW_FLOW_REVIEW,MISSING_TERMINAL_SAP_EVIDENCE,10,,,0,1,pending,,RABBIT_LENDING,10,ITEM_SUBMISSION_STATUS_SUBMITTED,0,10,761371db-f8cf-4c33-9192-33f30198ac7b,false,false,,,RCL newpayment membership applies only to Motor RCL; false for other flows is not a blocker.,2025-12-16 09:37:06,insurers/34,RCL_NonMotor_process_2_newpayment,,,,,EVENT_ABSENT,CHANGE_ORDER_RECEIPT,false,false,,,RCL_NONMOTOR_CREDITSHELL_FOLLOWUP_SOURCE_GAP,FIRST_APPLICABLE_OBSERVED_GROUP_NOT_EXHAUSTIVE,[],0,False,False,Identity+status only; no scheduling/import or accounting allocation assertion. Cancellation does not prove per-DocEntry multiplicity.
RECEIPT_LINK,SINGLE_ITEM_RAW_CHARGE_COMPARISON,ITEM_APPROVAL_STATUS_POLICY_UPLOADED,2026-09-26 16:06:06,2026-10-01,2026-09-01,Motor,,,,"[""chrg_690zx8n052eyghupwn8""]",10,ROUTING_CAUSE_CANDIDATE,2219.93,32e666a6-af5d-4717-b9a3-c260ae8832bb,2026-09-15 16:01:08,2219.93,0,,CURRENT_MONTH,PAID,RCL,10,false,true,false,f9e916ac-3e81-4284-88f6-fecb069fbf7c,LEAD_STATUS_PURCHASED,,,0,,MOTOR_TYPE_1,true,L79333640,L79333640-V1,1,2026-09-15 16:01:07,2026-09-15,PAYMENT_DATE,QR_CODE,INSTALLMENT,RABBIT_CARE_INSTALLMENT,1,products/car-insurance,chrg_690zx8n052eyghupwn8,2026-09-15 16:01:07,CHANGE_ORDER_NEW_FLOW_REVIEW,MISSING_TERMINAL_SAP_EVIDENCE,10,,,0,1,pending,,RABBIT_LENDING,10,ITEM_SUBMISSION_STATUS_SUBMITTED,0,10,854be141-f3f3-4de8-bec7-720800032563,true,true,,,RCL newpayment membership applies only to Motor RCL; false for other flows is not a blocker.,2025-12-15 17:35:35,insurers/28,,,,,,EVENT_ABSENT,CHANGE_ORDER_RECEIPT,false,false,,,RCL_MOTOR_ORDER_YEAR_2026_CUTOFF,FIRST_APPLICABLE_OBSERVED_GROUP_NOT_EXHAUSTIVE,[],0,False,False,Identity+status only; no scheduling/import or accounting allocation assertion. Cancellation does not prove per-DocEntry multiplicity.
RECEIPT_LINK,SINGLE_ITEM_RAW_CHARGE_COMPARISON,ITEM_APPROVAL_STATUS_POLICY_UPLOADED,2026-09-26 16:06:06,2026-10-01,2026-09-01,Motor,,,,"[""chrg_690comyu0ilobyvm00v""]",10,ROUTING_CAUSE_CANDIDATE,1930.0,132ddb16-0bee-49bd-8811-4b2fa3844703,2026-09-14 00:22:36,1930.0,0,,CURRENT_MONTH,PAID,RCL,10,false,true,false,4cb936f0-5970-4767-a77f-0bc9daa860a1,LEAD_STATUS_PURCHASED,,,0,,MOTOR_TYPE_1,true,L79342818,L79342818-V1,1,2026-09-14 00:22:35,2026-09-14,PAYMENT_DATE,QR_CODE,INSTALLMENT,RABBIT_CARE_INSTALLMENT,1,products/car-insurance,chrg_690comyu0ilobyvm00v,2026-09-14 00:22:35,CHANGE_ORDER_NEW_FLOW_REVIEW,MISSING_TERMINAL_SAP_EVIDENCE,10,,,0,1,pending,,RABBIT_LENDING,10,ITEM_SUBMISSION_STATUS_SUBMITTED,0,10,46003878-dfcc-4f33-825e-869951e33a19,true,true,,,RCL newpayment membership applies only to Motor RCL; false for other flows is not a blocker.,2025-12-17 14:49:22,insurers/31,,,,,,EVENT_ABSENT,CHANGE_ORDER_RECEIPT,false,false,,,RCL_MOTOR_ORDER_YEAR_2026_CUTOFF,FIRST_APPLICABLE_OBSERVED_GROUP_NOT_EXHAUSTIVE,[],0,False,False,Identity+status only; no scheduling/import or accounting allocation assertion. Cancellation does not prove per-DocEntry multiplicity.
RECEIPT_LINK,MULTI_ITEM_ALLOCATION_NOT_RECONCILED,ITEM_APPROVAL_STATUS_POLICY_UPLOADED,2026-09-26 16:06:06,2026-10-01,2026-09-01,Motor,,,,"[""chrg_694whkyrsajvlx7cywq""]",10,ROUTING_CAUSE_CANDIDATE,2099.98,2f470cb7-9add-4924-97f5-966e359b0ae6,2026-09-25 15:34:56,,1,,CURRENT_MONTH,PAID,RCL,10,false,true,false,791b1f4a-5f57-43d8-a613-2880527011e1,LEAD_STATUS_PURCHASED,,,0,,MOTOR_TYPE_1,true,L79346906,L79346906-V1,2,2026-09-25 15:34:55,2026-09-25,PAYMENT_DATE,QR_CODE,INSTALLMENT,RABBIT_CARE_INSTALLMENT,1,products/car-insurance,chrg_694whkyrsajvlx7cywq,2026-09-25 15:34:55,CHANGE_ORDER_NEW_FLOW_REVIEW,MISSING_TERMINAL_SAP_EVIDENCE,10,,,0,1,pending,,RABBIT_LENDING,10,ITEM_SUBMISSION_STATUS_SUBMITTED,0,10,3df16b7b-5a8d-4852-8ebf-51936804e97b,true,true,,,RCL newpayment membership applies only to Motor RCL; false for other flows is not a blocker.,2025-12-18 11:22:39,insurers/33,,,,,,EVENT_ABSENT,CHANGE_ORDER_RECEIPT,false,false,,,RCL_MOTOR_ORDER_YEAR_2026_CUTOFF,FIRST_APPLICABLE_OBSERVED_GROUP_NOT_EXHAUSTIVE,[],0,False,False,Identity+status only; no scheduling/import or accounting allocation assertion. Cancellation does not prove per-DocEntry multiplicity.
RECEIPT_LINK,MULTI_ITEM_ALLOCATION_NOT_RECONCILED,ITEM_APPROVAL_STATUS_POLICY_UPLOADED,2026-09-26 16:06:06,2026-10-01,2026-09-01,Motor,,,,"[""chrg_692414yf9fztvozqzi6""]",10,ROUTING_CAUSE_CANDIDATE,2769.05,16b3c79a-62a8-4770-ba4f-a4571fbeb691,2026-09-18 12:20:35,,1,,CURRENT_MONTH,PAID,RCL,10,false,true,false,9c26a31b-4c1a-499a-b284-51d87286e051,LEAD_STATUS_PURCHASED,,,0,,MOTOR_TYPE_1,true,L79357058,L79357058-V1,2,2026-09-18 12:20:34,2026-09-18,PAYMENT_DATE,QR_CODE,INSTALLMENT,RABBIT_CARE_INSTALLMENT,1,products/car-insurance,chrg_692414yf9fztvozqzi6,2026-09-18 12:20:34,CHANGE_ORDER_NEW_FLOW_REVIEW,MISSING_TERMINAL_SAP_EVIDENCE,12,,,0,1,pending,,RABBIT_LENDING,10,ITEM_SUBMISSION_STATUS_SUBMITTED,0,12,52c3393d-1768-48b8-9791-52170e95604e,true,true,,,RCL newpayment membership applies only to Motor RCL; false for other flows is not a blocker.,2025-12-19 17:37:15,insurers/28,,,,,,EVENT_ABSENT,CHANGE_ORDER_RECEIPT,false,false,,,RCL_MOTOR_ORDER_YEAR_2026_CUTOFF,FIRST_APPLICABLE_OBSERVED_GROUP_NOT_EXHAUSTIVE,[],0,False,False,Identity+status only; no scheduling/import or accounting allocation assertion. Cancellation does not prove per-DocEntry multiplicity.
RECEIPT_LINK,SINGLE_ITEM_RAW_CHARGE_COMPARISON,ITEM_APPROVAL_STATUS_POLICY_UPLOADED,2026-09-26 16:06:06,2026-10-01,2026-09-01,Motor,,,,"[""chrg_691x5wjyeyzp3px43j2""]",10,ROUTING_CAUSE_CANDIDATE,2550.0,6a7c1e51-8907-4076-b035-d9eb99cc6a8f,2026-09-18 00:38:24,2550.0,0,,CURRENT_MONTH,PAID,RCL,10,false,true,false,24f5a5b2-20bc-4fed-90c4-d3e5130b7dfe,LEAD_STATUS_PURCHASED,,,0,,MOTOR_TYPE_1,true,L79358147,L79358147-V1,1,2026-09-18 00:38:23,2026-09-18,PAYMENT_DATE,QR_CODE,INSTALLMENT,RABBIT_CARE_INSTALLMENT,1,products/car-insurance,chrg_691x5wjyeyzp3px43j2,2026-09-18 00:38:23,CHANGE_ORDER_NEW_FLOW_REVIEW,MISSING_TERMINAL_SAP_EVIDENCE,10,,,0,1,pending,,RABBIT_LENDING,10,ITEM_SUBMISSION_STATUS_SUBMITTED,0,10,864fb129-a6b5-44e1-9e05-0e6743210801,true,true,,,RCL newpayment membership applies only to Motor RCL; false for other flows is not a blocker.,2025-12-20 09:56:18,insurers/34,,,,,,EVENT_ABSENT,CHANGE_ORDER_RECEIPT,false,false,,,RCL_MOTOR_ORDER_YEAR_2026_CUTOFF,FIRST_APPLICABLE_OBSERVED_GROUP_NOT_EXHAUSTIVE,[],0,False,False,Identity+status only; no scheduling/import or accounting allocation assertion. Cancellation does not prove per-DocEntry multiplicity.
RECEIPT_LINK,SINGLE_ITEM_RAW_CHARGE_COMPARISON,ITEM_APPROVAL_STATUS_POLICY_UPLOADED,2026-09-26 16:06:06,2026-10-01,2026-09-01,Motor,,,,"[""chrg_6955n8unyk5a63mg70w""]",10,ROUTING_CAUSE_CANDIDATE,2864.43,aafb6874-cd77-4b88-83ee-fd4f44b1de96,2026-09-26 07:12:50,2864.43,0,,CURRENT_MONTH,PAID,RCL,10,false,true,false,4afceb01-14a6-4d01-84cb-b0258df4f3c4,LEAD_STATUS_PURCHASED,,,0,,MOTOR_TYPE_1,true,L79369426,L79369426-V1,1,2026-09-26 07:12:50,2026-09-26,PAYMENT_DATE,QR_CODE,INSTALLMENT,RABBIT_CARE_INSTALLMENT,1,products/car-insurance,chrg_6955n8unyk5a63mg70w,2026-09-26 07:12:50,CHANGE_ORDER_NEW_FLOW_REVIEW,MISSING_TERMINAL_SAP_EVIDENCE,10,,,0,1,pending,,RABBIT_LENDING,10,ITEM_SUBMISSION_STATUS_SUBMITTED,0,10,fac6da0a-3000-41f6-8b4d-04fb22215212,true,true,,,RCL newpayment membership applies only to Motor RCL; false for other flows is not a blocker.,2025-12-22 17:56:10,insurers/27,,,,,,EVENT_ABSENT,CHANGE_ORDER_RECEIPT,false,false,,,RCL_MOTOR_ORDER_YEAR_2026_CUTOFF,FIRST_APPLICABLE_OBSERVED_GROUP_NOT_EXHAUSTIVE,[],0,False,False,Identity+status only; no scheduling/import or accounting allocation assertion. Cancellation does not prove per-DocEntry multiplicity.
RECEIPT_LINK,SINGLE_ITEM_RAW_CHARGE_COMPARISON,ITEM_APPROVAL_STATUS_POLICY_UPLOADED,2026-09-26 16:06:06,2026-10-01,2026-09-01,Motor,,,,"[""chrg_69251cwl58bc1gvng4v""]",10,ROUTING_CAUSE_CANDIDATE,2280.0,90444ab0-6cb3-4131-9ca0-4fedb3e18f66,2026-09-18 14:04:37,2280.0,0,,CURRENT_MONTH,PAID,RCL,9,false,true,false,6e26da14-fe03-443d-a65f-f8b0405e882e,LEAD_STATUS_PURCHASED,,,0,,MOTOR_TYPE_1,true,L79379524,L79379524-V1,1,2026-09-18 14:04:36,2026-09-18,PAYMENT_DATE,QR_CODE,INSTALLMENT,RABBIT_CARE_INSTALLMENT,1,products/car-insurance,chrg_69251cwl58bc1gvng4v,2026-09-18 14:04:36,CHANGE_ORDER_NEW_FLOW_REVIEW,MISSING_TERMINAL_SAP_EVIDENCE,11,,,0,1,pending,,RABBIT_LENDING,10,ITEM_SUBMISSION_STATUS_SUBMITTED,0,10,c5cc006b-e2fe-481f-94ed-dbe97e3ff3ee,true,true,,,RCL newpayment membership applies only to Motor RCL; false for other flows is not a blocker.,2025-12-25 10:01:53,insurers/28,,,,,,EVENT_ABSENT,CHANGE_ORDER_RECEIPT,false,false,,,RCL_MOTOR_ORDER_YEAR_2026_CUTOFF,FIRST_APPLICABLE_OBSERVED_GROUP_NOT_EXHAUSTIVE,[],0,False,False,Identity+status only; no scheduling/import or accounting allocation assertion. Cancellation does not prove per-DocEntry multiplicity.
RECEIPT_LINK,SINGLE_ITEM_RAW_CHARGE_COMPARISON,ITEM_APPROVAL_STATUS_POLICY_UPLOADED,2026-09-26 16:06:06,2026-10-01,2026-09-01,Motor,,,,"[""chrg_69251z1uukttukun7qq""]",10,ROUTING_CAUSE_CANDIDATE,2280.0,7809fcf0-3117-4858-af8d-20495b9d4356,2026-09-18 14:05:29,2280.0,0,,CURRENT_MONTH,PAID,RCL,10,false,true,false,6e26da14-fe03-443d-a65f-f8b0405e882e,LEAD_STATUS_PURCHASED,,,0,,MOTOR_TYPE_1,true,L79379524,L79379524-V1,1,2026-09-18 14:05:28,2026-09-18,PAYMENT_DATE,QR_CODE,INSTALLMENT,RABBIT_CARE_INSTALLMENT,1,products/car-insurance,chrg_69251z1uukttukun7qq,2026-09-18 14:05:28,CHANGE_ORDER_NEW_FLOW_REVIEW,MISSING_TERMINAL_SAP_EVIDENCE,11,,,0,1,pending,,RABBIT_LENDING,10,ITEM_SUBMISSION_STATUS_SUBMITTED,0,11,c5cc006b-e2fe-481f-94ed-dbe97e3ff3ee,true,true,,,RCL newpayment membership applies only to Motor RCL; false for other flows is not a blocker.,2025-12-25 10:01:53,insurers/28,,,,,,EVENT_ABSENT,CHANGE_ORDER_RECEIPT,false,false,,,RCL_MOTOR_ORDER_YEAR_2026_CUTOFF,FIRST_APPLICABLE_OBSERVED_GROUP_NOT_EXHAUSTIVE,[],0,False,False,Identity+status only; no scheduling/import or accounting allocation assertion. Cancellation does not prove per-DocEntry multiplicity.
RECEIPT_LINK,SINGLE_ITEM_RAW_CHARGE_COMPARISON,ITEM_APPROVAL_STATUS_POLICY_UPLOADED,2026-09-26 16:06:06,2026-10-01,2026-09-01,Motor,,,,"[""chrg_693j6w9i7vhnzwcgncd""]",10,ROUTING_CAUSE_CANDIDATE,1919.7,902b792a-3dd1-4676-a385-9db140db17b4,2026-09-22 03:33:22,1919.7,0,,CURRENT_MONTH,PAID,RCL,10,false,true,false,6b468ffa-84ec-4543-a65b-738bb82cebd6,LEAD_STATUS_PURCHASED,,,0,,MOTOR_TYPE_1,true,L79379882,L79379882-V1,1,2026-09-22 03:33:21,2026-09-22,PAYMENT_DATE,QR_CODE,INSTALLMENT,RABBIT_CARE_INSTALLMENT,1,products/car-insurance,chrg_693j6w9i7vhnzwcgncd,2026-09-22 03:33:21,CHANGE_ORDER_NEW_FLOW_REVIEW,MISSING_TERMINAL_SAP_EVIDENCE,11,,,0,1,pending,,RABBIT_LENDING,10,ITEM_SUBMISSION_STATUS_SUBMITTED,0,11,b107ba04-5a6b-4245-9a0d-d14acec548eb,true,true,,,RCL newpayment membership applies only to Motor RCL; false for other flows is not a blocker.,2025-12-24 18:34:28,insurers/27,,,,,,EVENT_ABSENT,CHANGE_ORDER_RECEIPT,false,false,,,RCL_MOTOR_ORDER_YEAR_2026_CUTOFF,FIRST_APPLICABLE_OBSERVED_GROUP_NOT_EXHAUSTIVE,[],0,False,False,Identity+status only; no scheduling/import or accounting allocation assertion. Cancellation does not prove per-DocEntry multiplicity.
RECEIPT_LINK,SINGLE_ITEM_RAW_CHARGE_COMPARISON,ITEM_APPROVAL_STATUS_POLICY_UPLOADED,2026-09-26 16:06:06,2026-10-01,2026-09-01,NonMotor,,,,"[""chrg_6921sfedntqfy3xixn4""]",10,ROUTING_CAUSE_CANDIDATE,2662.8,262b6dda-a89e-4d6e-b29c-64fe7e63b128,2026-09-18 08:32:49,2662.8,0,,CURRENT_MONTH,PAID,RCL,9,false,true,false,dab147b5-78c7-4553-a140-40666a98956a,,,,0,,,true,L79446625,L79446625-1,1,2026-09-18 08:32:48,2026-09-18,PAYMENT_DATE,QR_CODE,INSTALLMENT,RABBIT_CARE_INSTALLMENT,1,products/health-insurance,chrg_6921sfedntqfy3xixn4,2026-09-18 08:32:48,CHANGE_ORDER_NEW_FLOW_REVIEW,MISSING_TERMINAL_SAP_EVIDENCE,11,,,0,1,pending,,RABBIT_LENDING,10,ITEM_SUBMISSION_STATUS_SUBMITTED,0,10,5de2e253-2a27-441d-836a-1ab0f621c7fb,false,false,,,RCL newpayment membership applies only to Motor RCL; false for other flows is not a blocker.,2026-01-15 14:09:13,insurers/27,RCL_NonMotor_process_2_newpayment,,,,,EVENT_ABSENT,CHANGE_ORDER_RECEIPT,false,false,,,RCL_NONMOTOR_CREDITSHELL_FOLLOWUP_SOURCE_GAP,FIRST_APPLICABLE_OBSERVED_GROUP_NOT_EXHAUSTIVE,[],0,False,False,Identity+status only; no scheduling/import or accounting allocation assertion. Cancellation does not prove per-DocEntry multiplicity.
RECEIPT_LINK,SINGLE_ITEM_RAW_CHARGE_COMPARISON,ITEM_APPROVAL_STATUS_POLICY_UPLOADED,2026-09-26 16:06:06,2026-10-01,2026-09-01,NonMotor,,,,"[""chrg_6922j1uke95y01gy1vl""]",10,ROUTING_CAUSE_CANDIDATE,2029.5,09ea1897-d465-4fb8-845c-c2b062d1598a,2026-09-18 09:47:24,2029.5,0,,CURRENT_MONTH,PAID,RCL,9,false,true,false,bc84b918-a7fa-4aa0-ba3c-3fd375a3986b,,,,0,,,true,L79487149,L79487149-1,1,2026-09-18 09:47:24,2026-09-18,PAYMENT_DATE,QR_CODE,INSTALLMENT,RABBIT_CARE_INSTALLMENT,1,products/health-insurance,chrg_6922j1uke95y01gy1vl,2026-09-18 09:47:24,CHANGE_ORDER_NEW_FLOW_REVIEW,MISSING_TERMINAL_SAP_EVIDENCE,11,,,0,1,pending,,RABBIT_LENDING,10,ITEM_SUBMISSION_STATUS_SUBMITTED,0,10,2bd3dee0-b5d5-4706-b405-92bc6a276eff,false,false,,,RCL newpayment membership applies only to Motor RCL; false for other flows is not a blocker.,2026-01-16 17:45:46,insurers/46,RCL_NonMotor_process_2_newpayment,,,,,EVENT_ABSENT,CHANGE_ORDER_RECEIPT,false,false,,,RCL_NONMOTOR_CREDITSHELL_FOLLOWUP_SOURCE_GAP,FIRST_APPLICABLE_OBSERVED_GROUP_NOT_EXHAUSTIVE,[],0,False,False,Identity+status only; no scheduling/import or accounting allocation assertion. Cancellation does not prove per-DocEntry multiplicity.
RECEIPT_LINK,SINGLE_ITEM_RAW_CHARGE_COMPARISON,ITEM_APPROVAL_STATUS_POLICY_UPLOADED,2026-09-26 16:06:06,2026-10-01,2026-09-01,NonMotor,,,,"[""chrg_69166wlf6hg6vaa1avo""]",10,ROUTING_CAUSE_CANDIDATE,1329.0,24f6237e-c872-4e9d-8d42-637e39fe3c58,2026-09-16 06:16:54,1329.0,0,,CURRENT_MONTH,PAID,RCL,9,false,true,false,148880b7-bf82-4755-8065-27667efa5f83,,,,0,,,true,L79487240,L79487240-1,1,2026-09-16 06:16:53,2026-09-16,PAYMENT_DATE,QR_CODE,INSTALLMENT,RABBIT_CARE_INSTALLMENT,1,products/health-insurance,chrg_69166wlf6hg6vaa1avo,2026-09-16 06:16:53,CHANGE_ORDER_NEW_FLOW_REVIEW,MISSING_TERMINAL_SAP_EVIDENCE,10,,,0,1,pending,,RABBIT_LENDING,10,ITEM_SUBMISSION_STATUS_SUBMITTED,0,9,77f1c352-c230-4d7c-a25f-bf594a2aaad3,false,false,,,RCL newpayment membership applies only to Motor RCL; false for other flows is not a blocker.,2026-01-20 18:16:43,insurers/34,RCL_NonMotor_process_2_newpayment,,,,,EVENT_ABSENT,CHANGE_ORDER_RECEIPT,false,false,,,RCL_NONMOTOR_CREDITSHELL_FOLLOWUP_SOURCE_GAP,FIRST_APPLICABLE_OBSERVED_GROUP_NOT_EXHAUSTIVE,[],0,False,False,Identity+status only; no scheduling/import or accounting allocation assertion. Cancellation does not prove per-DocEntry multiplicity.
RECEIPT_LINK,SINGLE_ITEM_RAW_CHARGE_COMPARISON,ITEM_APPROVAL_STATUS_PENDING,2026-09-26 16:06:06,2026-10-01,2026-09-01,NonMotor,,,,"[""chrg_68x8pj4tqyl9lkdoym4""]",10,ROUTING_CAUSE_CANDIDATE,1162.0,cd721b28-a4ea-4fbb-96a4-15784645a989,2026-09-06 01:30:34,1162.0,0,,CURRENT_MONTH,PAID,RCL,8,false,true,false,af554ddf-f529-4ac9-841e-a1774508b03b,,,,0,,,true,L79507693,L79507693-1,1,2026-09-06 01:30:32,2026-09-06,PAYMENT_DATE,DIRECT_DEBIT,INSTALLMENT,RABBIT_CARE_INSTALLMENT,1,products/health-insurance,chrg_68x8pj4tqyl9lkdoym4,2026-09-06 01:30:32,CHANGE_ORDER_NEW_FLOW_REVIEW,MISSING_TERMINAL_SAP_EVIDENCE,10,,,0,1,pending,,RABBIT_LENDING,10,ITEM_SUBMISSION_STATUS_SUBMITTED,0,8,1397cd0d-1b22-45dc-8092-481d66f8d426,false,false,,,RCL newpayment membership applies only to Motor RCL; false for other flows is not a blocker.,2026-02-06 09:38:44,insurers/34,RCL_NonMotor_process_2_newpayment,,,,,EVENT_ABSENT,CHANGE_ORDER_RECEIPT,false,false,,,RCL_NONMOTOR_CREDITSHELL_FOLLOWUP_SOURCE_GAP,FIRST_APPLICABLE_OBSERVED_GROUP_NOT_EXHAUSTIVE,[],0,False,False,Identity+status only; no scheduling/import or accounting allocation assertion. Cancellation does not prove per-DocEntry multiplicity.
RECEIPT_LINK,SINGLE_ITEM_RAW_CHARGE_COMPARISON,ITEM_APPROVAL_STATUS_POLICY_UPLOADED,2026-09-26 16:06:06,2026-10-01,2026-09-01,NonMotor,,,,"[""chrg_69036g30mysowamuimm""]",10,ROUTING_CAUSE_CANDIDATE,1879.2,efe71e4c-3008-4d05-bc20-ac5521984023,2026-09-13 08:10:46,1879.2,0,,CURRENT_MONTH,PAID,RCL,8,false,true,false,13aa20a1-47db-4008-b509-a72c250c9973,,,,0,,,true,L79599391,L79599391-1,1,2026-09-13 08:10:45,2026-09-13,PAYMENT_DATE,QR_CODE,INSTALLMENT,RABBIT_CARE_INSTALLMENT,1,products/health-insurance,chrg_69036g30mysowamuimm,2026-09-13 08:10:45,CHANGE_ORDER_NEW_FLOW_REVIEW,MISSING_TERMINAL_SAP_EVIDENCE,11,,,0,1,pending,,RABBIT_LENDING,10,ITEM_SUBMISSION_STATUS_SUBMITTED,0,9,43250db3-e0d6-490f-9580-965ba725fd66,false,false,,,RCL newpayment membership applies only to Motor RCL; false for other flows is not a blocker.,2026-02-03 16:56:59,insurers/27,RCL_NonMotor_process_2_newpayment,,,,,EVENT_ABSENT,CHANGE_ORDER_RECEIPT,false,false,,,RCL_NONMOTOR_CREDITSHELL_FOLLOWUP_SOURCE_GAP,FIRST_APPLICABLE_OBSERVED_GROUP_NOT_EXHAUSTIVE,[],0,False,False,Identity+status only; no scheduling/import or accounting allocation assertion. Cancellation does not prove per-DocEntry multiplicity.
RECEIPT_LINK,SINGLE_ITEM_RAW_CHARGE_COMPARISON,ITEM_APPROVAL_STATUS_POLICY_UPLOADED,2026-09-26 16:06:06,2026-10-01,2026-09-01,NonMotor,,,,"[""chrg_68xp6tsb4dck9lcbc7q""]",10,ROUTING_CAUSE_CANDIDATE,1329.0,fbadc2d2-d235-4822-adc9-2144ee5cdd52,2026-09-07 05:36:46,1329.0,0,,CURRENT_MONTH,PAID,RCL,8,false,true,false,a6b1ca8e-2884-4f28-8e7e-8ccb1d7f5d00,,,,0,,,true,L79618922,L79618922-1,1,2026-09-07 05:36:46,2026-09-07,PAYMENT_DATE,QR_CODE,INSTALLMENT,RABBIT_CARE_INSTALLMENT,1,products/health-insurance,chrg_68xp6tsb4dck9lcbc7q,2026-09-07 05:36:46,CHANGE_ORDER_NEW_FLOW_REVIEW,MISSING_TERMINAL_SAP_EVIDENCE,10,,,0,1,pending,,RABBIT_LENDING,10,ITEM_SUBMISSION_STATUS_SUBMITTED,0,8,721a6098-d1e3-4036-b2b6-ece4c7bda7b3,false,false,,,RCL newpayment membership applies only to Motor RCL; false for other flows is not a blocker.,2026-02-06 18:25:13,insurers/34,RCL_NonMotor_process_2_newpayment,,,,,EVENT_ABSENT,CHANGE_ORDER_RECEIPT,false,false,,,RCL_NONMOTOR_CREDITSHELL_FOLLOWUP_SOURCE_GAP,FIRST_APPLICABLE_OBSERVED_GROUP_NOT_EXHAUSTIVE,[],0,False,False,Identity+status only; no scheduling/import or accounting allocation assertion. Cancellation does not prove per-DocEntry multiplicity.
RECEIPT_LINK,SINGLE_ITEM_RAW_CHARGE_COMPARISON,ITEM_APPROVAL_STATUS_POLICY_UPLOADED,2026-09-26 16:06:06,2026-10-01,2026-09-01,NonMotor,,,,"[""chrg_68x9k06mfmdhujyejui""]",10,ROUTING_CAUSE_CANDIDATE,2214.0,e71ea34d-b8a2-4fa1-8bbd-9641edd09636,2026-09-06 02:58:13,2214.0,0,,CURRENT_MONTH,PAID,RCL,8,false,true,false,c0683bf2-a548-44d4-8d0e-94238acd7663,,,,0,,,true,L79654322,L79654322-1,1,2026-09-06 02:58:12,2026-09-06,PAYMENT_DATE,QR_CODE,INSTALLMENT,RABBIT_CARE_INSTALLMENT,1,products/health-insurance,chrg_68x9k06mfmdhujyejui,2026-09-06 02:58:12,CHANGE_ORDER_NEW_FLOW_REVIEW,MISSING_TERMINAL_SAP_EVIDENCE,11,,,0,1,pending,,RABBIT_LENDING,10,ITEM_SUBMISSION_STATUS_SUBMITTED,0,9,91454b0b-c4a4-43b3-8fad-09ec1499eb26,false,false,,,RCL newpayment membership applies only to Motor RCL; false for other flows is not a blocker.,2026-02-13 10:41:13,insurers/27,RCL_NonMotor_process_2_newpayment,,,,,EVENT_ABSENT,CHANGE_ORDER_RECEIPT,false,false,,,RCL_NONMOTOR_CREDITSHELL_FOLLOWUP_SOURCE_GAP,FIRST_APPLICABLE_OBSERVED_GROUP_NOT_EXHAUSTIVE,[],0,False,False,Identity+status only; no scheduling/import or accounting allocation assertion. Cancellation does not prove per-DocEntry multiplicity.
RECEIPT_LINK,SINGLE_ITEM_RAW_CHARGE_COMPARISON,ITEM_APPROVAL_STATUS_POLICY_UPLOADED,2026-09-26 16:06:06,2026-10-01,2026-09-01,NonMotor,,,,"[""chrg_690fpcxn88tkuo5bc3p""]",10,ROUTING_CAUSE_CANDIDATE,1074.0,1ccbc6f7-c995-49d3-a36f-397503c783d1,2026-09-14 05:31:44,1074.0,0,,CURRENT_MONTH,PAID,RCL,8,false,true,false,d326878b-a74b-4292-a885-906d4eacf549,,,,0,,,true,L79675335,L79675335-1,1,2026-09-14 05:31:43,2026-09-14,PAYMENT_DATE,QR_CODE,INSTALLMENT,RABBIT_CARE_INSTALLMENT,1,products/health-insurance,chrg_690fpcxn88tkuo5bc3p,2026-09-14 05:31:43,CHANGE_ORDER_NEW_FLOW_REVIEW,MISSING_TERMINAL_SAP_EVIDENCE,11,,,0,1,pending,,RABBIT_LENDING,10,ITEM_SUBMISSION_STATUS_SUBMITTED,0,9,d46d18e7-ea60-47b4-816e-5277a031e801,false,false,,,RCL newpayment membership applies only to Motor RCL; false for other flows is not a blocker.,2026-02-19 15:22:28,insurers/34,RCL_NonMotor_process_2_newpayment,,,,,EVENT_ABSENT,CHANGE_ORDER_RECEIPT,false,false,,,RCL_NONMOTOR_CREDITSHELL_FOLLOWUP_SOURCE_GAP,FIRST_APPLICABLE_OBSERVED_GROUP_NOT_EXHAUSTIVE,[],0,False,False,Identity+status only; no scheduling/import or accounting allocation assertion. Cancellation does not prove per-DocEntry multiplicity.
RECEIPT_LINK,SINGLE_ITEM_RAW_CHARGE_COMPARISON,ITEM_APPROVAL_STATUS_POLICY_UPLOADED,2026-09-26 16:06:06,2026-10-01,2026-09-01,NonMotor,,,,"[""chrg_6900o81ijw96cxb15ih""]",10,ROUTING_CAUSE_CANDIDATE,1329.0,6784e7c8-2615-4490-908b-5f61a86f9f84,2026-09-13 03:55:08,1329.0,0,,CURRENT_MONTH,PAID,RCL,8,false,true,false,d5587fc8-bf87-4a77-b9c1-43dccc5c345d,,,,0,,,true,L79678885,L79678885-1,1,2026-09-13 03:55:07,2026-09-13,PAYMENT_DATE,QR_CODE,INSTALLMENT,RABBIT_CARE_INSTALLMENT,1,products/health-insurance,chrg_6900o81ijw96cxb15ih,2026-09-13 03:55:07,CHANGE_ORDER_NEW_FLOW_REVIEW,MISSING_TERMINAL_SAP_EVIDENCE,10,,,0,1,pending,,RABBIT_LENDING,10,ITEM_SUBMISSION_STATUS_SUBMITTED,0,8,4a9f8292-6570-4bca-b8d6-9af0d84c02f4,false,false,,,RCL newpayment membership applies only to Motor RCL; false for other flows is not a blocker.,2026-02-20 16:50:22,insurers/34,RCL_NonMotor_process_2_newpayment,,,,,EVENT_ABSENT,CHANGE_ORDER_RECEIPT,false,false,,,RCL_NONMOTOR_CREDITSHELL_FOLLOWUP_SOURCE_GAP,FIRST_APPLICABLE_OBSERVED_GROUP_NOT_EXHAUSTIVE,[],0,False,False,Identity+status only; no scheduling/import or accounting allocation assertion. Cancellation does not prove per-DocEntry multiplicity.
RECEIPT_LINK,SINGLE_ITEM_RAW_CHARGE_COMPARISON,ITEM_APPROVAL_STATUS_POLICY_UPLOADED,2026-09-26 16:06:06,2026-10-01,2026-09-01,NonMotor,,,,"[""chrg_691aqkf02nefhd1j67a""]",10,ROUTING_CAUSE_CANDIDATE,1329.0,70f32e2d-c2c2-419e-b2a1-e1d60065ce60,2026-09-16 10:24:50,1329.0,0,,CURRENT_MONTH,PAID,RCL,7,false,true,false,a34dbeee-4921-4600-b7d1-1cef57bcaf2d,,,,0,,,true,L79870554,L79870554-1,1,2026-09-16 10:24:50,2026-09-16,PAYMENT_DATE,QR_CODE,INSTALLMENT,RABBIT_CARE_INSTALLMENT,1,products/health-insurance,chrg_691aqkf02nefhd1j67a,2026-09-16 10:24:50,CHANGE_ORDER_NEW_FLOW_REVIEW,MISSING_TERMINAL_SAP_EVIDENCE,10,,,0,1,pending,,RABBIT_LENDING,10,ITEM_SUBMISSION_STATUS_SUBMITTED,0,7,29267eb5-3c05-4e3c-96e1-0fc38669dc23,false,false,,,RCL newpayment membership applies only to Motor RCL; false for other flows is not a blocker.,2026-03-11 18:08:10,insurers/34,RCL_NonMotor_process_2_newpayment,,,,,EVENT_ABSENT,CHANGE_ORDER_RECEIPT,false,false,,,RCL_NONMOTOR_CREDITSHELL_FOLLOWUP_SOURCE_GAP,FIRST_APPLICABLE_OBSERVED_GROUP_NOT_EXHAUSTIVE,[],0,False,False,Identity+status only; no scheduling/import or accounting allocation assertion. Cancellation does not prove per-DocEntry multiplicity.
RECEIPT_LINK,SINGLE_ITEM_RAW_CHARGE_COMPARISON,ITEM_APPROVAL_STATUS_POLICY_UPLOADED,2026-09-26 16:06:06,2026-10-01,2026-09-01,NonMotor,,,,"[""chrg_68xmsv98b7pmkyicdla""]",8,ROUTING_CAUSE_CANDIDATE,915.0,4e44d15e-c077-4aef-ab81-6d003dece781,2026-09-07 01:32:12,915.0,0,,CURRENT_MONTH,PAID,RCL,7,false,true,false,4c09cc68-78c9-4941-b52c-cd7f7694872b,,,,0,,,true,L79887352,L79887352-1,1,2026-09-07 01:32:11,2026-09-07,PAYMENT_DATE,QR_CODE,INSTALLMENT,RABBIT_CARE_INSTALLMENT,1,products/health-insurance,chrg_68xmsv98b7pmkyicdla,2026-09-07 01:32:11,CHANGE_ORDER_NEW_FLOW_REVIEW,MISSING_TERMINAL_SAP_EVIDENCE,8,,,0,1,pending,,RABBIT_LENDING,8,ITEM_SUBMISSION_STATUS_SUBMITTED,0,7,afe8c789-9edf-4bbe-b2ee-63766d4b818d,false,false,,,RCL newpayment membership applies only to Motor RCL; false for other flows is not a blocker.,2026-03-10 16:51:45,insurers/7,RCL_NonMotor_process_2_newpayment,,,,,EVENT_ABSENT,CHANGE_ORDER_RECEIPT,false,false,,,RCL_NONMOTOR_CREDITSHELL_FOLLOWUP_SOURCE_GAP,FIRST_APPLICABLE_OBSERVED_GROUP_NOT_EXHAUSTIVE,[],0,False,False,Identity+status only; no scheduling/import or accounting allocation assertion. Cancellation does not prove per-DocEntry multiplicity.
RECEIPT_LINK,SINGLE_ITEM_RAW_CHARGE_COMPARISON,ITEM_APPROVAL_STATUS_POLICY_UPLOADED,2026-09-26 16:06:06,2026-10-01,2026-09-01,NonMotor,,,,"[""chrg_68xrpy8553cdvc089j3""]",10,ROUTING_CAUSE_CANDIDATE,1344.0,537d6283-c54d-4113-8cbd-a59213a75843,2026-09-07 09:55:47,1344.0,0,,CURRENT_MONTH,PAID,RCL,7,false,true,false,0e7a9274-1ef0-40bd-be52-615bfca795a1,,,,0,,,true,L79887933,L79887933-1,1,2026-09-07 09:55:46,2026-09-07,PAYMENT_DATE,QR_CODE,INSTALLMENT,RABBIT_CARE_INSTALLMENT,1,products/health-insurance,chrg_68xrpy8553cdvc089j3,2026-09-07 09:55:46,CHANGE_ORDER_NEW_FLOW_REVIEW,MISSING_TERMINAL_SAP_EVIDENCE,10,,,0,1,pending,,RABBIT_LENDING,10,ITEM_SUBMISSION_STATUS_SUBMITTED,0,7,8fa47f4b-2881-49bc-8422-aa1ed36438f9,false,false,,,RCL newpayment membership applies only to Motor RCL; false for other flows is not a blocker.,2026-03-16 15:10:23,insurers/7,RCL_NonMotor_process_2_newpayment,,,,,EVENT_ABSENT,CHANGE_ORDER_RECEIPT,false,false,,,RCL_NONMOTOR_CREDITSHELL_FOLLOWUP_SOURCE_GAP,FIRST_APPLICABLE_OBSERVED_GROUP_NOT_EXHAUSTIVE,[],0,False,False,Identity+status only; no scheduling/import or accounting allocation assertion. Cancellation does not prove per-DocEntry multiplicity.
RECEIPT_LINK,SINGLE_ITEM_RAW_CHARGE_COMPARISON,ITEM_APPROVAL_STATUS_POLICY_UPLOADED,2026-09-26 16:06:06,2026-10-01,2026-09-01,NonMotor,,,,"[""chrg_6942dwkv9qsqcgctgq5""]",10,ROUTING_CAUSE_CANDIDATE,1329.0,aed1b588-e06c-457d-a59b-35719070dfe7,2026-09-23 12:15:46,1329.0,0,,CURRENT_MONTH,PAID,RCL,7,false,true,false,e6994cd2-5bd5-4f78-ac3a-dffaf1e2ec94,,,,0,,,true,L79913302,L79913302-1,1,2026-09-23 12:15:45,2026-09-23,PAYMENT_DATE,QR_CODE,INSTALLMENT,RABBIT_CARE_INSTALLMENT,1,products/health-insurance,chrg_6942dwkv9qsqcgctgq5,2026-09-23 12:15:45,CHANGE_ORDER_NEW_FLOW_REVIEW,MISSING_TERMINAL_SAP_EVIDENCE,10,,,0,1,pending,,RABBIT_LENDING,10,ITEM_SUBMISSION_STATUS_SUBMITTED,0,7,38d113dc-3e12-4389-9255-a286c0e77682,false,false,,,RCL newpayment membership applies only to Motor RCL; false for other flows is not a blocker.,2026-03-16 13:47:15,insurers/34,RCL_NonMotor_process_2_newpayment,,,,,EVENT_ABSENT,CHANGE_ORDER_RECEIPT,false,false,,,RCL_NONMOTOR_CREDITSHELL_FOLLOWUP_SOURCE_GAP,FIRST_APPLICABLE_OBSERVED_GROUP_NOT_EXHAUSTIVE,[],0,False,False,Identity+status only; no scheduling/import or accounting allocation assertion. Cancellation does not prove per-DocEntry multiplicity.
RECEIPT_LINK,SINGLE_ITEM_RAW_CHARGE_COMPARISON,ITEM_APPROVAL_STATUS_POLICY_UPLOADED,2026-09-26 16:06:06,2026-10-01,2026-09-01,NonMotor,,,,"[""chrg_68w8z659y36i2s9rtf0""]",10,ROUTING_CAUSE_CANDIDATE,987.1,d1d24eca-9625-4408-b01d-1b2492c3979b,2026-09-03 12:37:55,987.1,0,,CURRENT_MONTH,PAID,RCL,5,false,true,false,2252223e-8d92-43f9-86c5-0a38d2b412b2,,,,0,,,true,L79916978,L79916978-1,1,2026-09-03 12:37:54,2026-09-03,PAYMENT_DATE,QR_CODE,INSTALLMENT,RABBIT_CARE_INSTALLMENT,1,products/health-insurance,chrg_68w8z659y36i2s9rtf0,2026-09-03 12:37:54,CHANGE_ORDER_NEW_FLOW_REVIEW,MISSING_TERMINAL_SAP_EVIDENCE,10,,,0,1,pending,,RABBIT_LENDING,10,ITEM_SUBMISSION_STATUS_SUBMITTED,0,5,e25a9686-e816-4782-833a-1948c80d64d5,false,false,,,RCL newpayment membership applies only to Motor RCL; false for other flows is not a blocker.,2026-04-10 14:58:10,insurers/46,RCL_NonMotor_process_2_newpayment,,,,,EVENT_ABSENT,CHANGE_ORDER_RECEIPT,false,false,,,RCL_NONMOTOR_CREDITSHELL_FOLLOWUP_SOURCE_GAP,FIRST_APPLICABLE_OBSERVED_GROUP_NOT_EXHAUSTIVE,[],0,False,False,Identity+status only; no scheduling/import or accounting allocation assertion. Cancellation does not prove per-DocEntry multiplicity.
RECEIPT_LINK,SINGLE_ITEM_RAW_CHARGE_COMPARISON,ITEM_APPROVAL_STATUS_PENDING,2026-09-26 16:06:06,2026-10-01,2026-09-01,NonMotor,,,,"[""chrg_6915jjksc0lsidku478""]",10,ROUTING_CAUSE_CANDIDATE,1369.9,64e136b9-2d35-48f1-b5a2-891efccc120a,2026-09-16 01:33:31,1369.9,0,,CURRENT_MONTH,PAID,RCL,7,false,true,false,21215701-7aba-4cb6-8506-befd4e4e0a87,,,,0,,,true,L79938656,L79938656-1,1,2026-09-16 01:33:30,2026-09-16,PAYMENT_DATE,QR_CODE,INSTALLMENT,RABBIT_CARE_INSTALLMENT,1,products/health-insurance,chrg_6915jjksc0lsidku478,2026-09-16 01:33:30,CHANGE_ORDER_NEW_FLOW_REVIEW,MISSING_TERMINAL_SAP_EVIDENCE,10,,,0,1,pending,,RABBIT_LENDING,10,ITEM_SUBMISSION_STATUS_SUBMITTED,0,7,b0825f20-23f1-444a-8320-51d3da73e22c,false,false,,,RCL newpayment membership applies only to Motor RCL; false for other flows is not a blocker.,2026-03-23 16:53:31,insurers/30,RCL_NonMotor_process_2_newpayment,,,,,EVENT_ABSENT,CHANGE_ORDER_RECEIPT,false,false,,,RCL_NONMOTOR_CREDITSHELL_FOLLOWUP_SOURCE_GAP,FIRST_APPLICABLE_OBSERVED_GROUP_NOT_EXHAUSTIVE,[],0,False,False,Identity+status only; no scheduling/import or accounting allocation assertion. Cancellation does not prove per-DocEntry multiplicity.
RECEIPT_LINK,SINGLE_ITEM_RAW_CHARGE_COMPARISON,ITEM_APPROVAL_STATUS_POLICY_UPLOADED,2026-09-26 16:06:06,2026-10-01,2026-09-01,NonMotor,,,,"[""chrg_690rrgnzdlz0a6ge2re""]",10,ROUTING_CAUSE_CANDIDATE,1381.0,b6c7fd54-5ae5-487e-86ab-dc6fd0a63896,2026-09-15 02:07:41,1381.0,0,,CURRENT_MONTH,PAID,RCL,6,false,true,false,63ccb16d-d267-44e5-8179-a1c076d01ffd,,,,0,,,true,L79994876,L79994876-1,1,2026-09-15 02:07:41,2026-09-15,PAYMENT_DATE,QR_CODE,INSTALLMENT,RABBIT_CARE_INSTALLMENT,1,products/health-insurance,chrg_690rrgnzdlz0a6ge2re,2026-09-15 02:07:41,CHANGE_ORDER_NEW_FLOW_REVIEW,MISSING_TERMINAL_SAP_EVIDENCE,11,,,0,1,pending,,RABBIT_LENDING,10,ITEM_SUBMISSION_STATUS_SUBMITTED,0,7,554b0466-bf2e-429e-91b7-ab6e06e1eef9,false,false,,,RCL newpayment membership applies only to Motor RCL; false for other flows is not a blocker.,2026-04-08 10:55:33,insurers/34,RCL_NonMotor_process_2_newpayment,,,,,EVENT_ABSENT,CHANGE_ORDER_RECEIPT,false,false,,,RCL_NONMOTOR_CREDITSHELL_FOLLOWUP_SOURCE_GAP,FIRST_APPLICABLE_OBSERVED_GROUP_NOT_EXHAUSTIVE,[],0,False,False,Identity+status only; no scheduling/import or accounting allocation assertion. Cancellation does not prove per-DocEntry multiplicity.
RECEIPT_LINK,SINGLE_ITEM_RAW_CHARGE_COMPARISON,ITEM_APPROVAL_STATUS_POLICY_UPLOADED,2026-09-26 16:06:06,2026-10-01,2026-09-01,NonMotor,,,,"[""chrg_68wxiah134d8hw81ynk""]",10,ROUTING_CAUSE_CANDIDATE,1162.0,4e274b9d-7683-4237-b12c-0d3dea006db8,2026-09-05 06:26:04,1162.0,0,,CURRENT_MONTH,PAID,RCL,6,false,true,false,faa704b4-5314-49a8-ab22-58171ff8f610,,,,0,,,true,L80002894,L80002894-1,1,2026-09-05 06:26:03,2026-09-05,PAYMENT_DATE,QR_CODE,INSTALLMENT,RABBIT_CARE_INSTALLMENT,1,products/health-insurance,chrg_68wxiah134d8hw81ynk,2026-09-05 06:26:03,CHANGE_ORDER_NEW_FLOW_REVIEW,MISSING_TERMINAL_SAP_EVIDENCE,10,,,0,1,pending,,RABBIT_LENDING,10,ITEM_SUBMISSION_STATUS_SUBMITTED,0,6,631793dd-1508-4e32-8f64-90a1e732c0ae,false,false,,,RCL newpayment membership applies only to Motor RCL; false for other flows is not a blocker.,2026-04-09 17:17:22,insurers/34,RCL_NonMotor_process_2_newpayment,,,,,EVENT_ABSENT,CHANGE_ORDER_RECEIPT,false,false,,,RCL_NONMOTOR_CREDITSHELL_FOLLOWUP_SOURCE_GAP,FIRST_APPLICABLE_OBSERVED_GROUP_NOT_EXHAUSTIVE,[],0,False,False,Identity+status only; no scheduling/import or accounting allocation assertion. Cancellation does not prove per-DocEntry multiplicity.
RECEIPT_LINK,SINGLE_ITEM_RAW_CHARGE_COMPARISON,ITEM_APPROVAL_STATUS_POLICY_UPLOADED,2026-09-26 16:06:06,2026-10-01,2026-09-01,NonMotor,,,,"[""chrg_68wgk6zc5n198e40bfu""]",10,ROUTING_CAUSE_CANDIDATE,1329.0,9cf6d0b6-ea73-413f-bcd5-b54fafd6d1ee,2026-09-04 01:32:46,1329.0,0,,CURRENT_MONTH,PAID,RCL,6,false,true,false,2a3a24bc-fd1d-4a50-9af5-89676f96a85b,,,,0,,,true,L80010844,L80010844-1,1,2026-09-04 01:32:46,2026-09-04,PAYMENT_DATE,QR_CODE,INSTALLMENT,RABBIT_CARE_INSTALLMENT,1,products/health-insurance,chrg_68wgk6zc5n198e40bfu,2026-09-04 01:32:46,CHANGE_ORDER_NEW_FLOW_REVIEW,MISSING_TERMINAL_SAP_EVIDENCE,10,,,0,1,pending,,RABBIT_LENDING,10,ITEM_SUBMISSION_STATUS_SUBMITTED,0,6,347dda6b-5194-461c-be70-101d91c1dec0,false,false,,,RCL newpayment membership applies only to Motor RCL; false for other flows is not a blocker.,2026-04-11 16:51:19,insurers/34,RCL_NonMotor_process_2_newpayment,,,,,EVENT_ABSENT,CHANGE_ORDER_RECEIPT,false,false,,,RCL_NONMOTOR_CREDITSHELL_FOLLOWUP_SOURCE_GAP,FIRST_APPLICABLE_OBSERVED_GROUP_NOT_EXHAUSTIVE,[],0,False,False,Identity+status only; no scheduling/import or accounting allocation assertion. Cancellation does not prove per-DocEntry multiplicity.
RECEIPT_LINK,SINGLE_ITEM_RAW_CHARGE_COMPARISON,ITEM_APPROVAL_STATUS_POLICY_UPLOADED,2026-09-26 16:06:06,2026-10-01,2026-09-01,NonMotor,,,,"[""chrg_68yuq8v5rguul5qy6nv""]",10,ROUTING_CAUSE_CANDIDATE,2843.0,2c3b14ee-716c-40ac-bf20-deabda29db8b,2026-09-10 05:44:17,2843.0,0,,CURRENT_MONTH,PAID,RCL,5,false,true,false,0ba726d3-aea2-4258-84ac-f2b073b1b67b,,,,0,,,true,L80095354,L80095354-1,1,2026-09-10 05:44:16,2026-09-10,PAYMENT_DATE,QR_CODE,INSTALLMENT,RABBIT_CARE_INSTALLMENT,1,products/health-insurance,chrg_68yuq8v5rguul5qy6nv,2026-09-10 05:44:16,CHANGE_ORDER_NEW_FLOW_REVIEW,MISSING_TERMINAL_SAP_EVIDENCE,11,,,0,1,pending,,RABBIT_LENDING,10,ITEM_SUBMISSION_STATUS_SUBMITTED,0,6,6b580904-ca13-4436-8935-c2febe7d2193,false,false,,,RCL newpayment membership applies only to Motor RCL; false for other flows is not a blocker.,2026-05-05 14:27:18,insurers/34,RCL_NonMotor_process_2_newpayment,,,,,EVENT_ABSENT,CHANGE_ORDER_RECEIPT,false,false,,,RCL_NONMOTOR_CREDITSHELL_FOLLOWUP_SOURCE_GAP,FIRST_APPLICABLE_OBSERVED_GROUP_NOT_EXHAUSTIVE,[],0,False,False,Identity+status only; no scheduling/import or accounting allocation assertion. Cancellation does not prove per-DocEntry multiplicity.
RECEIPT_LINK,SINGLE_ITEM_RAW_CHARGE_COMPARISON,ITEM_APPROVAL_STATUS_POLICY_UPLOADED,2026-09-26 16:06:06,2026-10-01,2026-09-01,NonMotor,,,,"[""chrg_693azg7sg80rc35hib4""]",10,ROUTING_CAUSE_CANDIDATE,1896.0,081de4fe-0ad0-473b-a390-a0e49f2f0b89,2026-09-21 13:33:42,1896.0,0,,CURRENT_MONTH,PAID,RCL,5,false,true,false,94230525-19a0-4a9b-9a97-e1af2ba55866,,,,0,,,true,L80173294,L80173294-1,1,2026-09-21 13:33:40,2026-09-21,PAYMENT_DATE,QR_CODE,INSTALLMENT,RABBIT_CARE_INSTALLMENT,1,products/health-insurance,chrg_693azg7sg80rc35hib4,2026-09-21 13:33:40,CHANGE_ORDER_NEW_FLOW_REVIEW,MISSING_TERMINAL_SAP_EVIDENCE,11,,,0,1,pending,,RABBIT_LENDING,10,ITEM_SUBMISSION_STATUS_SUBMITTED,0,6,ed874d73-b2f2-435f-9167-e526782e57c8,false,false,,,RCL newpayment membership applies only to Motor RCL; false for other flows is not a blocker.,2026-05-21 18:33:52,insurers/34,RCL_NonMotor_process_2_newpayment,,,,,EVENT_ABSENT,CHANGE_ORDER_RECEIPT,false,false,,,RCL_NONMOTOR_CREDITSHELL_FOLLOWUP_SOURCE_GAP,FIRST_APPLICABLE_OBSERVED_GROUP_NOT_EXHAUSTIVE,[],0,False,False,Identity+status only; no scheduling/import or accounting allocation assertion. Cancellation does not prove per-DocEntry multiplicity.
RECEIPT_LINK,SINGLE_ITEM_RAW_CHARGE_COMPARISON,ITEM_APPROVAL_STATUS_POLICY_UPLOADED,2026-09-26 16:06:06,2026-10-01,2026-09-01,NonMotor,,,,"[""chrg_692wvpnqz76oljxyu7c""]",10,ROUTING_CAUSE_CANDIDATE,1065.6,2328ce7d-309a-4229-99c2-6a6400ab2853,2026-09-20 13:31:16,1065.6,0,,CURRENT_MONTH,PAID,RCL,5,false,true,false,b3b23729-6500-4837-9141-7e956b4f986e,,,,0,,,true,L80177608,L80177608-1,1,2026-09-20 13:31:15,2026-09-20,PAYMENT_DATE,QR_CODE,INSTALLMENT,RABBIT_CARE_INSTALLMENT,1,products/health-insurance,chrg_692wvpnqz76oljxyu7c,2026-09-20 13:31:15,CHANGE_ORDER_NEW_FLOW_REVIEW,MISSING_TERMINAL_SAP_EVIDENCE,10,,,0,1,pending,,RABBIT_LENDING,10,ITEM_SUBMISSION_STATUS_SUBMITTED,0,5,079a2aa0-728b-473e-b768-9659ae74d5f8,false,false,,,RCL newpayment membership applies only to Motor RCL; false for other flows is not a blocker.,2026-05-22 17:26:45,insurers/34,RCL_NonMotor_process_2_newpayment,,,,,EVENT_ABSENT,CHANGE_ORDER_RECEIPT,false,false,,,RCL_NONMOTOR_CREDITSHELL_FOLLOWUP_SOURCE_GAP,FIRST_APPLICABLE_OBSERVED_GROUP_NOT_EXHAUSTIVE,[],0,False,False,Identity+status only; no scheduling/import or accounting allocation assertion. Cancellation does not prove per-DocEntry multiplicity.
RECEIPT_LINK,SINGLE_ITEM_RAW_CHARGE_COMPARISON,ITEM_APPROVAL_STATUS_POLICY_UPLOADED,2026-09-26 16:06:06,2026-10-01,2026-09-01,NonMotor,,,,"[""chrg_68va4mzq8u61008okdh""]",10,ROUTING_CAUSE_CANDIDATE,2201.5,4f74a5bf-14b2-4992-8478-274dfecfbc45,2026-09-01 01:13:18,2201.5,0,,CURRENT_MONTH,PAID,RCL,4,false,true,false,5da71be5-97fc-441c-b512-ee98bf400b9c,,,,0,,,true,L80240156,L80240156-1,1,2026-09-01 01:13:18,2026-09-01,PAYMENT_DATE,QR_CODE,INSTALLMENT,RABBIT_CARE_INSTALLMENT,1,products/health-insurance,chrg_68va4mzq8u61008okdh,2026-09-01 01:13:18,CHANGE_ORDER_NEW_FLOW_REVIEW,MISSING_TERMINAL_SAP_EVIDENCE,10,,,0,1,pending,,RABBIT_LENDING,10,ITEM_SUBMISSION_STATUS_SUBMITTED,0,4,fb279494-bc23-46b5-b46e-e9b563cd2450,false,false,,,RCL newpayment membership applies only to Motor RCL; false for other flows is not a blocker.,2026-06-02 13:35:39,insurers/34,RCL_NonMotor_process_2_newpayment,,,,,EVENT_ABSENT,CHANGE_ORDER_RECEIPT,false,false,,,RCL_NONMOTOR_CREDITSHELL_FOLLOWUP_SOURCE_GAP,FIRST_APPLICABLE_OBSERVED_GROUP_NOT_EXHAUSTIVE,[],0,False,False,Identity+status only; no scheduling/import or accounting allocation assertion. Cancellation does not prove per-DocEntry multiplicity.
RECEIPT_LINK,SINGLE_ITEM_RAW_CHARGE_COMPARISON,ITEM_APPROVAL_STATUS_POLICY_UPLOADED,2026-09-26 16:06:06,2026-10-01,2026-09-01,NonMotor,,,,"[""chrg_68yfkhhc79fhqib6a0w""]",10,ROUTING_CAUSE_CANDIDATE,1329.0,9ff34709-49bf-413f-b63a-05411c51ccd4,2026-09-09 02:34:23,1329.0,0,,CURRENT_MONTH,PAID,RCL,10,false,true,false,cf89e21b-cc64-42bb-9057-79b75444929b,,,,0,,,true,L80279795,L80279795-1,1,2026-09-09 02:34:22,2026-09-09,PAYMENT_DATE,QR_CODE,INSTALLMENT,RABBIT_CARE_INSTALLMENT,1,products/health-insurance,chrg_68yfkhhc79fhqib6a0w,2026-09-09 02:34:22,CHANGE_ORDER_NEW_FLOW_REVIEW,MISSING_TERMINAL_SAP_EVIDENCE,10,,,0,1,pending,,RABBIT_LENDING,10,ITEM_SUBMISSION_STATUS_SUBMITTED,0,10,c25d9c8a-4a80-47b7-bbab-61568fbd6cb0,false,false,,,RCL newpayment membership applies only to Motor RCL; false for other flows is not a blocker.,2026-06-11 11:14:34,insurers/34,RCL_NonMotor_process_2_newpayment,,,,,EVENT_ABSENT,CHANGE_ORDER_RECEIPT,false,false,,,RCL_NONMOTOR_CREDITSHELL_FOLLOWUP_SOURCE_GAP,FIRST_APPLICABLE_OBSERVED_GROUP_NOT_EXHAUSTIVE,[],0,False,False,Identity+status only; no scheduling/import or accounting allocation assertion. Cancellation does not prove per-DocEntry multiplicity.
RECEIPT_LINK,SINGLE_ITEM_RAW_CHARGE_COMPARISON,ITEM_APPROVAL_STATUS_POLICY_UPLOADED,2026-09-26 16:06:06,2026-10-01,2026-09-01,NonMotor,,,,"[""chrg_690algpeqe943g0oj4f""]",10,ROUTING_CAUSE_CANDIDATE,1329.0,016e6287-e3e4-41a5-8b68-c330a60dfddc,2026-09-13 20:49:18,1329.0,0,,CURRENT_MONTH,PAID,RCL,4,false,true,false,dcb3e9b4-f7b6-48c3-b7b4-8c648f05317f,,,,0,,,true,L80290420,L80290420-1,1,2026-09-13 20:49:17,2026-09-14,PAYMENT_DATE,QR_CODE,INSTALLMENT,RABBIT_CARE_INSTALLMENT,1,products/health-insurance,chrg_690algpeqe943g0oj4f,2026-09-13 20:49:17,CHANGE_ORDER_NEW_FLOW_REVIEW,MISSING_TERMINAL_SAP_EVIDENCE,10,,,0,1,pending,,RABBIT_LENDING,10,ITEM_SUBMISSION_STATUS_SUBMITTED,0,4,ec363f83-6f72-4cda-9f4e-d4d66127b529,false,false,,,RCL newpayment membership applies only to Motor RCL; false for other flows is not a blocker.,2026-06-13 15:09:43,insurers/34,RCL_NonMotor_process_2_newpayment,,,,,EVENT_ABSENT,CHANGE_ORDER_RECEIPT,false,false,,,RCL_NONMOTOR_CREDITSHELL_FOLLOWUP_SOURCE_GAP,FIRST_APPLICABLE_OBSERVED_GROUP_NOT_EXHAUSTIVE,[],0,False,False,Identity+status only; no scheduling/import or accounting allocation assertion. Cancellation does not prove per-DocEntry multiplicity.
RECEIPT_LINK,SINGLE_ITEM_RAW_CHARGE_COMPARISON,ITEM_APPROVAL_STATUS_POLICY_UPLOADED,2026-09-26 16:06:06,2026-10-01,2026-09-01,NonMotor,,,,"[""chrg_68zm4kc3d4l3h7p63mk""]",10,ROUTING_CAUSE_CANDIDATE,1335.0,acef7631-7a93-4af5-80e0-3e16967b0b99,2026-09-12 03:06:26,1335.0,0,,CURRENT_MONTH,PAID,RCL,3,false,true,false,0639c379-bc8a-4767-a446-3dde6f520ed4,,,,0,,,true,L80358654,L80358654-1,1,2026-09-12 03:06:25,2026-09-12,PAYMENT_DATE,QR_CODE,INSTALLMENT,RABBIT_CARE_INSTALLMENT,1,products/health-insurance,chrg_68zm4kc3d4l3h7p63mk,2026-09-12 03:06:25,CHANGE_ORDER_NEW_FLOW_REVIEW,MISSING_TERMINAL_SAP_EVIDENCE,10,,,0,1,pending,,RABBIT_LENDING,10,ITEM_SUBMISSION_STATUS_SUBMITTED,0,3,d4759cd0-acfc-43b5-9a9a-7d596a4b53bc,false,false,,,RCL newpayment membership applies only to Motor RCL; false for other flows is not a blocker.,2026-07-01 13:17:24,insurers/30,RCL_NonMotor_process_2_newpayment,,,,,EVENT_ABSENT,CHANGE_ORDER_RECEIPT,false,false,,,RCL_NONMOTOR_CREDITSHELL_FOLLOWUP_SOURCE_GAP,FIRST_APPLICABLE_OBSERVED_GROUP_NOT_EXHAUSTIVE,[],0,False,False,Identity+status only; no scheduling/import or accounting allocation assertion. Cancellation does not prove per-DocEntry multiplicity.
RECEIPT_LINK,SINGLE_ITEM_RAW_CHARGE_COMPARISON,ITEM_APPROVAL_STATUS_POLICY_UPLOADED,2026-09-26 16:06:06,2026-10-01,2026-09-01,NonMotor,,,,"[""chrg_690h4bwvuma7luom6sn""]",10,ROUTING_CAUSE_CANDIDATE,1221.5,b14e62d4-bbbc-40f2-bf70-2745b33b6601,2026-09-14 07:56:06,1221.5,0,,CURRENT_MONTH,PAID,RCL,3,false,true,false,e9e00618-523e-4d0a-95ca-cf1ef8a721c6,,,,0,,,true,L80373411,L80373411-1,1,2026-09-14 07:56:05,2026-09-14,PAYMENT_DATE,QR_CODE,INSTALLMENT,RABBIT_CARE_INSTALLMENT,1,products/health-insurance,chrg_690h4bwvuma7luom6sn,2026-09-14 07:56:05,CHANGE_ORDER_NEW_FLOW_REVIEW,MISSING_TERMINAL_SAP_EVIDENCE,10,,,0,1,pending,,RABBIT_LENDING,10,ITEM_SUBMISSION_STATUS_SUBMITTED,0,3,b23a00d4-a386-41ab-b3df-b45aa4cf9873,false,false,,,RCL newpayment membership applies only to Motor RCL; false for other flows is not a blocker.,2026-07-07 18:00:35,insurers/34,RCL_NonMotor_process_2_newpayment,,,,,EVENT_ABSENT,CHANGE_ORDER_RECEIPT,false,false,,,RCL_NONMOTOR_CREDITSHELL_FOLLOWUP_SOURCE_GAP,FIRST_APPLICABLE_OBSERVED_GROUP_NOT_EXHAUSTIVE,[],0,False,False,Identity+status only; no scheduling/import or accounting allocation assertion. Cancellation does not prove per-DocEntry multiplicity.
RECEIPT_LINK,SINGLE_ITEM_RAW_CHARGE_COMPARISON,ITEM_APPROVAL_STATUS_POLICY_UPLOADED,2026-09-26 16:06:06,2026-10-01,2026-09-01,NonMotor,,,,"[""chrg_68wgnpcclfbt7tmstfl""]",10,ROUTING_CAUSE_CANDIDATE,1211.4,8e1d5afe-3a51-4aab-a724-a6a2042cd4bf,2026-09-04 01:43:47,1211.4,0,,CURRENT_MONTH,PAID,RCL,2,false,true,false,f9cc2fbb-333b-49db-a653-b122df0a01b5,,,,0,,,true,L80390573,L80390573-1,1,2026-09-04 01:43:47,2026-09-04,PAYMENT_DATE,QR_CODE,INSTALLMENT,RABBIT_CARE_INSTALLMENT,1,products/health-insurance,chrg_68wgnpcclfbt7tmstfl,2026-09-04 01:43:47,CHANGE_ORDER_NEW_FLOW_REVIEW,MISSING_TERMINAL_SAP_EVIDENCE,10,,,0,1,pending,,RABBIT_LENDING,10,ITEM_SUBMISSION_STATUS_SUBMITTED,0,2,d3033f41-172c-46cd-b7f0-6ffe4a2ea631,false,false,,,RCL newpayment membership applies only to Motor RCL; false for other flows is not a blocker.,2026-08-11 20:19:41,insurers/34,RCL_NonMotor_process_2_newpayment,,,,,EVENT_ABSENT,CHANGE_ORDER_RECEIPT,false,false,,,RCL_NONMOTOR_CREDITSHELL_FOLLOWUP_SOURCE_GAP,FIRST_APPLICABLE_OBSERVED_GROUP_NOT_EXHAUSTIVE,[],0,False,False,Identity+status only; no scheduling/import or accounting allocation assertion. Cancellation does not prove per-DocEntry multiplicity.
RECEIPT_LINK,SINGLE_ITEM_RAW_CHARGE_COMPARISON,ITEM_APPROVAL_STATUS_POLICY_UPLOADED,2026-09-26 16:06:06,2026-10-01,2026-09-01,NonMotor,,,,"[""chrg_68ye9i7wfb232wcvzei""]",8,ROUTING_CAUSE_CANDIDATE,869.25,f62ddd76-fa79-4df9-b26b-198bdb7b8496,2026-09-09 00:22:00,869.25,0,,CURRENT_MONTH,PAID,RCL,3,false,true,false,d0b7184e-155d-4739-bc5e-9df187d7ff9a,,,,0,,,true,L80417151,L80417151-1,1,2026-09-09 00:21:59,2026-09-09,PAYMENT_DATE,QR_CODE,INSTALLMENT,RABBIT_CARE_INSTALLMENT,1,products/health-insurance,chrg_68ye9i7wfb232wcvzei,2026-09-09 00:21:59,CHANGE_ORDER_NEW_FLOW_REVIEW,MISSING_TERMINAL_SAP_EVIDENCE,8,,,0,1,pending,,RABBIT_LENDING,8,ITEM_SUBMISSION_STATUS_SUBMITTED,0,3,067fb5f9-e69c-4b96-a692-d8e8eb8a2cbf,false,false,,,RCL newpayment membership applies only to Motor RCL; false for other flows is not a blocker.,2026-07-13 11:15:17,insurers/34,RCL_NonMotor_process_2_newpayment,,,,,EVENT_ABSENT,CHANGE_ORDER_RECEIPT,false,false,,,RCL_NONMOTOR_CREDITSHELL_FOLLOWUP_SOURCE_GAP,FIRST_APPLICABLE_OBSERVED_GROUP_NOT_EXHAUSTIVE,[],0,False,False,Identity+status only; no scheduling/import or accounting allocation assertion. Cancellation does not prove per-DocEntry multiplicity.
RECEIPT_LINK,SINGLE_ITEM_RAW_CHARGE_COMPARISON,ITEM_APPROVAL_STATUS_POLICY_UPLOADED,2026-09-26 16:06:06,2026-10-01,2026-09-01,NonMotor,,,,"[""chrg_68zzarto5sujcpzgvhx""]",10,ROUTING_CAUSE_CANDIDATE,1074.28,57b8897d-7179-40d7-8a3f-c7a10a61a538,2026-09-13 01:33:57,1074.28,0,,CURRENT_MONTH,PAID,RCL,3,false,true,false,5be3a667-eef3-435e-8605-567e8ad350d6,,,,0,,,true,L80465356,L80465356-1,1,2026-09-13 01:33:57,2026-09-13,PAYMENT_DATE,QR_CODE,INSTALLMENT,RABBIT_CARE_INSTALLMENT,1,products/health-insurance,chrg_68zzarto5sujcpzgvhx,2026-09-13 01:33:57,CHANGE_ORDER_NEW_FLOW_REVIEW,MISSING_TERMINAL_SAP_EVIDENCE,10,,,0,1,pending,,RABBIT_LENDING,10,ITEM_SUBMISSION_STATUS_SUBMITTED,0,3,cedf2dc6-e71f-44db-bf7a-ad1d8d0df90d,false,false,,,RCL newpayment membership applies only to Motor RCL; false for other flows is not a blocker.,2026-07-16 17:36:29,insurers/34,RCL_NonMotor_process_2_newpayment,,,,,EVENT_ABSENT,CHANGE_ORDER_RECEIPT,false,false,,,RCL_NONMOTOR_CREDITSHELL_FOLLOWUP_SOURCE_GAP,FIRST_APPLICABLE_OBSERVED_GROUP_NOT_EXHAUSTIVE,[],0,False,False,Identity+status only; no scheduling/import or accounting allocation assertion. Cancellation does not prove per-DocEntry multiplicity.
RECEIPT_LINK,SINGLE_ITEM_RAW_CHARGE_COMPARISON,ITEM_APPROVAL_STATUS_POLICY_UPLOADED,2026-09-26 16:06:06,2026-10-01,2026-09-01,NonMotor,,,,"[""chrg_692jv0o6pcvw2xbkhob""]",10,ROUTING_CAUSE_CANDIDATE,1450.28,a1038a0c-1c17-493e-818e-eb2f8d725abe,2026-09-19 15:20:31,1450.28,0,,CURRENT_MONTH,PAID,RCL,3,false,true,false,c3caca21-fc86-4727-bf95-9520569076e3,,,,0,,,true,L80482534,L80482534-1,1,2026-09-19 15:20:29,2026-09-19,PAYMENT_DATE,QR_CODE,INSTALLMENT,RABBIT_CARE_INSTALLMENT,1,products/health-insurance,chrg_692jv0o6pcvw2xbkhob,2026-09-19 15:20:29,CHANGE_ORDER_NEW_FLOW_REVIEW,MISSING_TERMINAL_SAP_EVIDENCE,11,,,0,1,pending,,RABBIT_LENDING,10,ITEM_SUBMISSION_STATUS_SUBMITTED,0,4,1fbb5fc3-c0eb-4495-851f-5121edc09cc4,false,false,,,RCL newpayment membership applies only to Motor RCL; false for other flows is not a blocker.,2026-07-21 10:33:57,insurers/11,RCL_NonMotor_process_2_newpayment,,,,,EVENT_ABSENT,CHANGE_ORDER_RECEIPT,false,false,,,RCL_NONMOTOR_CREDITSHELL_FOLLOWUP_SOURCE_GAP,FIRST_APPLICABLE_OBSERVED_GROUP_NOT_EXHAUSTIVE,[],0,False,False,Identity+status only; no scheduling/import or accounting allocation assertion. Cancellation does not prove per-DocEntry multiplicity.
RECEIPT_LINK,SINGLE_ITEM_RAW_CHARGE_COMPARISON,ITEM_APPROVAL_STATUS_POLICY_UPLOADED,2026-09-26 16:06:06,2026-10-01,2026-09-01,NonMotor,,,,"[""chrg_692jvjzh33xug07uc3a""]",10,ROUTING_CAUSE_CANDIDATE,1450.28,e4c59cf2-5b57-49a5-b7a7-ba78880ead6a,2026-09-19 15:22:01,1450.28,0,,CURRENT_MONTH,PAID,RCL,3,false,true,false,5f6c310b-9960-40e5-bf2d-3caa1cd2893e,,,,0,,,true,L80482546,L80482546-1,1,2026-09-19 15:22:00,2026-09-19,PAYMENT_DATE,QR_CODE,INSTALLMENT,RABBIT_CARE_INSTALLMENT,1,products/health-insurance,chrg_692jvjzh33xug07uc3a,2026-09-19 15:22:00,CHANGE_ORDER_NEW_FLOW_REVIEW,MISSING_TERMINAL_SAP_EVIDENCE,11,,,0,1,pending,,RABBIT_LENDING,10,ITEM_SUBMISSION_STATUS_SUBMITTED,0,4,859e0983-9c7f-453a-9f31-214e415bf54d,false,false,,,RCL newpayment membership applies only to Motor RCL; false for other flows is not a blocker.,2026-07-21 10:10:04,insurers/11,RCL_NonMotor_process_2_newpayment,,,,,EVENT_ABSENT,CHANGE_ORDER_RECEIPT,false,false,,,RCL_NONMOTOR_CREDITSHELL_FOLLOWUP_SOURCE_GAP,FIRST_APPLICABLE_OBSERVED_GROUP_NOT_EXHAUSTIVE,[],0,False,False,Identity+status only; no scheduling/import or accounting allocation assertion. Cancellation does not prove per-DocEntry multiplicity.
RECEIPT_LINK,SINGLE_ITEM_RAW_CHARGE_COMPARISON,ITEM_APPROVAL_STATUS_POLICY_UPLOADED,2026-09-26 16:06:06,2026-10-01,2026-09-01,NonMotor,,,,"[""chrg_6957taoagfrtvs6m5sf""]",10,ROUTING_CAUSE_CANDIDATE,1329.0,02e8e7e4-015d-4970-97a9-be8b4ed7aff0,2026-09-26 10:52:34,1329.0,0,,CURRENT_MONTH,PAID,RCL,3,false,true,false,76807039-e82c-4e92-ba35-45e948a73fd5,,,,0,,,true,L80537797,L80537797-1,1,2026-09-26 10:52:33,2026-09-26,PAYMENT_DATE,QR_CODE,INSTALLMENT,RABBIT_CARE_INSTALLMENT,1,products/health-insurance,chrg_6957taoagfrtvs6m5sf,2026-09-26 10:52:33,CHANGE_ORDER_NEW_FLOW_REVIEW,MISSING_TERMINAL_SAP_EVIDENCE,10,,,0,1,pending,,RABBIT_LENDING,10,ITEM_SUBMISSION_STATUS_SUBMITTED,0,3,9b500f2e-7f1c-475b-9737-1d480aca9edf,false,false,,,RCL newpayment membership applies only to Motor RCL; false for other flows is not a blocker.,2026-07-31 11:00:39,insurers/34,RCL_NonMotor_process_2_newpayment,,,,,EVENT_ABSENT,CHANGE_ORDER_RECEIPT,false,false,,,RCL_NONMOTOR_CREDITSHELL_FOLLOWUP_SOURCE_GAP,FIRST_APPLICABLE_OBSERVED_GROUP_NOT_EXHAUSTIVE,[],0,False,False,Identity+status only; no scheduling/import or accounting allocation assertion. Cancellation does not prove per-DocEntry multiplicity.
RECEIPT_LINK,SINGLE_ITEM_RAW_CHARGE_COMPARISON,ITEM_APPROVAL_STATUS_POLICY_UPLOADED,2026-09-26 16:06:06,2026-10-01,2026-09-01,NonMotor,,,,"[""chrg_68w43036u7wtn5sm7mq""]",10,ROUTING_CAUSE_CANDIDATE,1163.9,796880f8-bb5a-4fba-bc2e-7ca0a49973c3,2026-09-03 04:16:27,1163.9,0,,CURRENT_MONTH,PAID,RCL,2,false,true,false,1958ba64-e8a1-48a2-850f-3afd33181131,,,,0,,,true,L80553943,L80553943-1,1,2026-09-03 04:16:26,2026-09-03,PAYMENT_DATE,QR_CODE,INSTALLMENT,RABBIT_CARE_INSTALLMENT,1,products/health-insurance,chrg_68w43036u7wtn5sm7mq,2026-09-03 04:16:26,CHANGE_ORDER_NEW_FLOW_REVIEW,MISSING_TERMINAL_SAP_EVIDENCE,10,,,0,1,pending,,RABBIT_LENDING,10,ITEM_SUBMISSION_STATUS_SUBMITTED,0,2,0603b443-200f-4ff3-9f73-9718082b99c0,false,false,,,RCL newpayment membership applies only to Motor RCL; false for other flows is not a blocker.,2026-08-03 15:37:53,insurers/46,RCL_NonMotor_process_2_newpayment,,,,,EVENT_ABSENT,CHANGE_ORDER_RECEIPT,false,false,,,RCL_NONMOTOR_CREDITSHELL_FOLLOWUP_SOURCE_GAP,FIRST_APPLICABLE_OBSERVED_GROUP_NOT_EXHAUSTIVE,[],0,False,False,Identity+status only; no scheduling/import or accounting allocation assertion. Cancellation does not prove per-DocEntry multiplicity.
RECEIPT_LINK,SINGLE_ITEM_RAW_CHARGE_COMPARISON,ITEM_APPROVAL_STATUS_POLICY_UPLOADED,2026-09-26 16:06:06,2026-10-01,2026-09-01,NonMotor,,,,"[""chrg_6952c26sjqa2jx50b1u""]",10,ROUTING_CAUSE_CANDIDATE,1701.2,b8e9a7d2-6938-453a-96ae-1a2d69d69584,2026-09-26 01:32:16,1701.2,0,,CURRENT_MONTH,PAID,RCL,3,false,true,false,1958ba64-e8a1-48a2-850f-3afd33181131,,,,0,,,true,L80553943,L80553943-1,1,2026-09-26 01:32:14,2026-09-26,PAYMENT_DATE,QR_CODE,INSTALLMENT,RABBIT_CARE_INSTALLMENT,1,products/health-insurance,chrg_6952c26sjqa2jx50b1u,2026-09-26 01:32:14,CHANGE_ORDER_NEW_FLOW_REVIEW,MISSING_TERMINAL_SAP_EVIDENCE,10,,,0,1,pending,,RABBIT_LENDING,10,ITEM_SUBMISSION_STATUS_SUBMITTED,0,3,0603b443-200f-4ff3-9f73-9718082b99c0,false,false,,,RCL newpayment membership applies only to Motor RCL; false for other flows is not a blocker.,2026-08-03 15:37:53,insurers/46,RCL_NonMotor_process_2_newpayment,,,,,EVENT_ABSENT,CHANGE_ORDER_RECEIPT,false,false,,,RCL_NONMOTOR_CREDITSHELL_FOLLOWUP_SOURCE_GAP,FIRST_APPLICABLE_OBSERVED_GROUP_NOT_EXHAUSTIVE,[],0,False,False,Identity+status only; no scheduling/import or accounting allocation assertion. Cancellation does not prove per-DocEntry multiplicity.
RECEIPT_LINK,SINGLE_ITEM_RAW_CHARGE_COMPARISON,ITEM_APPROVAL_STATUS_POLICY_UPLOADED,2026-09-26 16:06:06,2026-10-01,2026-09-01,NonMotor,,,,"[""chrg_68ykj6v8puusjahvhkr""]",10,ROUTING_CAUSE_CANDIDATE,1707.0,2a67a57d-4848-42af-b1d6-b14311a998e8,2026-09-09 11:02:11,1707.0,0,,CURRENT_MONTH,PAID,RCL,2,false,true,false,d4cf2837-edda-469e-b702-38954507bc61,,,,0,,,true,L80553947,L80553947-1,1,2026-09-09 11:02:11,2026-09-09,PAYMENT_DATE,QR_CODE,INSTALLMENT,RABBIT_CARE_INSTALLMENT,1,products/health-insurance,chrg_68ykj6v8puusjahvhkr,2026-09-09 11:02:11,CHANGE_ORDER_NEW_FLOW_REVIEW,MISSING_TERMINAL_SAP_EVIDENCE,10,,,0,1,pending,,RABBIT_LENDING,10,ITEM_SUBMISSION_STATUS_SUBMITTED,0,2,a2a49f36-141a-409e-817f-d91a44f275de,false,false,,,RCL newpayment membership applies only to Motor RCL; false for other flows is not a blocker.,2026-08-03 15:36:47,insurers/46,RCL_NonMotor_process_2_newpayment,,,,,EVENT_ABSENT,CHANGE_ORDER_RECEIPT,false,false,,,RCL_NONMOTOR_CREDITSHELL_FOLLOWUP_SOURCE_GAP,FIRST_APPLICABLE_OBSERVED_GROUP_NOT_EXHAUSTIVE,[],0,False,False,Identity+status only; no scheduling/import or accounting allocation assertion. Cancellation does not prove per-DocEntry multiplicity.
RECEIPT_LINK,SINGLE_ITEM_RAW_CHARGE_COMPARISON,ITEM_APPROVAL_STATUS_POLICY_UPLOADED,2026-09-26 16:06:06,2026-10-01,2026-09-01,NonMotor,,,,"[""chrg_68vof1pam6g3c2huthq""]",10,ROUTING_CAUSE_CANDIDATE,1632.6,e9f28b5a-e8a4-4519-90ee-5337ffb1b192,2026-09-02 01:34:24,1632.6,0,,CURRENT_MONTH,PAID,RCL,2,false,true,false,52317a33-741b-466d-8d34-62b2c8bf8856,,,,0,,,true,L80563990,L80563990-1,1,2026-09-02 01:34:24,2026-09-02,PAYMENT_DATE,QR_CODE,INSTALLMENT,RABBIT_CARE_INSTALLMENT,1,products/health-insurance,chrg_68vof1pam6g3c2huthq,2026-09-02 01:34:24,CHANGE_ORDER_NEW_FLOW_REVIEW,MISSING_TERMINAL_SAP_EVIDENCE,11,,,0,1,pending,,RABBIT_LENDING,10,ITEM_SUBMISSION_STATUS_SUBMITTED,0,3,7dcc7e29-9620-4275-aa40-ca2182a8b3a5,false,false,,,RCL newpayment membership applies only to Motor RCL; false for other flows is not a blocker.,2026-08-05 13:50:52,insurers/46,RCL_NonMotor_process_2_newpayment,,,,,EVENT_ABSENT,CHANGE_ORDER_RECEIPT,false,false,,,RCL_NONMOTOR_CREDITSHELL_FOLLOWUP_SOURCE_GAP,FIRST_APPLICABLE_OBSERVED_GROUP_NOT_EXHAUSTIVE,[],0,False,False,Identity+status only; no scheduling/import or accounting allocation assertion. Cancellation does not prove per-DocEntry multiplicity.
RECEIPT_LINK,SINGLE_ITEM_RAW_CHARGE_COMPARISON,ITEM_APPROVAL_STATUS_POLICY_UPLOADED,2026-09-26 16:06:06,2026-10-01,2026-09-01,NonMotor,,,,"[""chrg_68vp9vt3c2unv98ihou""]",10,ROUTING_CAUSE_CANDIDATE,1360.4,ac544512-e525-469d-836a-b76be5eb6e33,2026-09-02 03:01:53,1360.4,0,,CURRENT_MONTH,PAID,RCL,2,false,true,false,37e1b1f7-4375-401c-8c5e-36ee5078e477,,,,0,,,true,L80563991,L80563991-1,1,2026-09-02 03:01:53,2026-09-02,PAYMENT_DATE,QR_CODE,INSTALLMENT,RABBIT_CARE_INSTALLMENT,1,products/health-insurance,chrg_68vp9vt3c2unv98ihou,2026-09-02 03:01:53,CHANGE_ORDER_NEW_FLOW_REVIEW,MISSING_TERMINAL_SAP_EVIDENCE,11,,,0,1,pending,,RABBIT_LENDING,10,ITEM_SUBMISSION_STATUS_SUBMITTED,0,3,b8d0724a-ad3d-45c2-92aa-be3c4da0dae2,false,false,,,RCL newpayment membership applies only to Motor RCL; false for other flows is not a blocker.,2026-08-05 13:51:12,insurers/46,RCL_NonMotor_process_2_newpayment,,,,,EVENT_ABSENT,CHANGE_ORDER_RECEIPT,false,false,,,RCL_NONMOTOR_CREDITSHELL_FOLLOWUP_SOURCE_GAP,FIRST_APPLICABLE_OBSERVED_GROUP_NOT_EXHAUSTIVE,[],0,False,False,Identity+status only; no scheduling/import or accounting allocation assertion. Cancellation does not prove per-DocEntry multiplicity.
RECEIPT_LINK,SINGLE_ITEM_RAW_CHARGE_COMPARISON,ITEM_APPROVAL_STATUS_POLICY_UPLOADED,2026-09-26 16:06:06,2026-10-01,2026-09-01,Motor,,,,"[""chrg_6915gciza85q2p6a1ss""]",6,ROUTING_CAUSE_CANDIDATE,687.68,ca0f6d6e-bd80-492a-9c76-beb9d28af4be,2026-09-16 01:24:38,687.68,0,,CURRENT_MONTH,PAID,RCL,2,false,true,false,dedcaee4-fa42-496a-80bc-bd3932567505,LEAD_STATUS_PURCHASED,,,0,,MOTOR_TYPE_1,true,L80580319,L80580319-V1,1,2026-09-16 01:24:37,2026-09-16,PAYMENT_DATE,QR_CODE,INSTALLMENT,RABBIT_CARE_INSTALLMENT,2,products/car-insurance,chrg_6915gciza85q2p6a1ss,2026-09-16 01:24:37,CHANGE_ORDER_NEW_FLOW_REVIEW,MISSING_TERMINAL_SAP_EVIDENCE,6,,,1,1,paid,,RABBIT_LENDING,6,ITEM_SUBMISSION_STATUS_SUBMITTED,0,3,4ccf453f-39c0-4995-ad3c-3d3a8826108c,true,false,,,RCL newpayment membership applies only to Motor RCL; false for other flows is not a blocker.,2026-08-10 14:51:35,insurers/7,,,,,,EVENT_ABSENT,CHANGE_ORDER_RECEIPT,true,true,,,RCL_PAID_PERIOD_EXCLUDES_NEW_INVOICE,FIRST_APPLICABLE_OBSERVED_GROUP_NOT_EXHAUSTIVE,[],0,False,False,Identity+status only; no scheduling/import or accounting allocation assertion. Cancellation does not prove per-DocEntry multiplicity.
RECEIPT_LINK,SINGLE_ITEM_RAW_CHARGE_COMPARISON,ITEM_APPROVAL_STATUS_POLICY_UPLOADED,2026-09-26 16:06:06,2026-10-01,2026-09-01,NonMotor,,,,"[""chrg_690ljh2oda78tbei8zu""]",10,ROUTING_CAUSE_CANDIDATE,1162.0,69c84251-9592-45eb-bc3d-04268df46ca1,2026-09-14 15:28:07,1162.0,0,,CURRENT_MONTH,PAID,RCL,2,false,true,false,3f6e729c-a5bd-4e10-84c9-fd2aeaf2d4c8,,,,0,,,true,L80637895,L80637895-1,1,2026-09-14 15:28:06,2026-09-14,PAYMENT_DATE,QR_CODE,INSTALLMENT,RABBIT_CARE_INSTALLMENT,1,products/health-insurance,chrg_690ljh2oda78tbei8zu,2026-09-14 15:28:06,CHANGE_ORDER_NEW_FLOW_REVIEW,MISSING_TERMINAL_SAP_EVIDENCE,11,,,0,1,pending,,RABBIT_LENDING,10,ITEM_SUBMISSION_STATUS_SUBMITTED,0,3,1d3e8578-8720-40cb-82d2-cc22f1a9caba,false,false,,,RCL newpayment membership applies only to Motor RCL; false for other flows is not a blocker.,2026-08-14 14:27:13,insurers/34,RCL_NonMotor_process_2_newpayment,,,,,EVENT_ABSENT,CHANGE_ORDER_RECEIPT,false,false,,,RCL_NONMOTOR_CREDITSHELL_FOLLOWUP_SOURCE_GAP,FIRST_APPLICABLE_OBSERVED_GROUP_NOT_EXHAUSTIVE,[],0,False,False,Identity+status only; no scheduling/import or accounting allocation assertion. Cancellation does not prove per-DocEntry multiplicity.
RECEIPT_LINK,SINGLE_ITEM_RAW_CHARGE_COMPARISON,ITEM_APPROVAL_STATUS_POLICY_UPLOADED,2026-09-26 16:06:06,2026-10-01,2026-09-01,Motor,,,,"[""chrg_6905tt2e328w2f1r1nq""]",6,ROUTING_CAUSE_CANDIDATE,449.99,8ae97845-c9ca-425a-a70c-f0539d1c3bf1,2026-09-13 12:42:04,449.99,0,,CURRENT_MONTH,PAID,RCL,2,false,true,false,fab4a3e2-93d8-4be2-bfd4-0c9747341bbd,LEAD_STATUS_PURCHASED,,,0,,MOTOR_TYPE_2_PLUS,true,L80641527,L80641527-V1,1,2026-09-13 12:42:03,2026-09-13,PAYMENT_DATE,QR_CODE,INSTALLMENT,RABBIT_CARE_INSTALLMENT,3,products/car-insurance,chrg_6905tt2e328w2f1r1nq,2026-09-13 12:42:03,CHANGE_ORDER_NEW_FLOW_REVIEW,MISSING_TERMINAL_SAP_EVIDENCE,6,,,1,1,paid,,RABBIT_LENDING,6,ITEM_SUBMISSION_STATUS_SUBMITTED,0,4,7e89d9f8-36ef-44ae-bf44-35c299d434fd,true,false,,,RCL newpayment membership applies only to Motor RCL; false for other flows is not a blocker.,2026-08-14 18:26:31,insurers/17,,,,,,EVENT_ABSENT,CHANGE_ORDER_RECEIPT,true,true,,,RCL_PAID_PERIOD_EXCLUDES_NEW_INVOICE,FIRST_APPLICABLE_OBSERVED_GROUP_NOT_EXHAUSTIVE,[],0,False,False,Identity+status only; no scheduling/import or accounting allocation assertion. Cancellation does not prove per-DocEntry multiplicity.
RECEIPT_LINK,SINGLE_ITEM_RAW_CHARGE_COMPARISON,ITEM_APPROVAL_STATUS_POLICY_UPLOADED,2026-09-26 16:06:06,2026-10-01,2026-09-01,Motor,2026-08-29,,2026-08-29 10:07:20,"[""chrg_693apl6a8xipqo3xa94""]",10,ROUTING_CAUSE_CANDIDATE,1450.0,788e2665-f79d-41b0-b4fa-0ae5cd42b190,2026-09-21 13:05:57,1450.0,0,,CURRENT_MONTH,PAID,RCL,2,true,true,true,461955cc-655e-42b8-b2f0-c077bb9b1720,LEAD_STATUS_PURCHASED,,,0,,MOTOR_TYPE_1,true,L80663727,L80663727-V1,1,2026-09-21 13:05:56,2026-09-21,PAYMENT_DATE,QR_CODE,INSTALLMENT,RABBIT_CARE_INSTALLMENT,1,products/car-insurance,chrg_693apl6a8xipqo3xa94,2026-09-21 13:05:56,CHANGE_ORDER_NEW_FLOW_REVIEW,MISSING_TERMINAL_SAP_EVIDENCE,24,,,0,2,"cancelled,pending",,RABBIT_LENDING,10,ITEM_SUBMISSION_STATUS_SUBMITTED,0,4,ee63b066-1568-4d79-9cb6-86f955221a8a,true,true,,,RCL newpayment membership applies only to Motor RCL; false for other flows is not a blocker.,2026-08-18 17:26:05,insurers/28,,,,,,EVENT_ABSENT,CHANGE_ORDER_RECEIPT,false,false,,,PAID_ON_CANCELLED_ITEM_REQUIRES_LIFECYCLE_REVIEW,INVESTIGATION_SCENARIO_NOT_PROVEN_SINGLE_CAUSE,[],0,False,False,Identity+status only; no scheduling/import or accounting allocation assertion. Cancellation does not prove per-DocEntry multiplicity.
RECEIPT_LINK,SINGLE_ITEM_RAW_CHARGE_COMPARISON,ITEM_APPROVAL_STATUS_POLICY_UPLOADED,2026-09-26 16:06:06,2026-10-01,2026-09-01,Motor,,,,"[""chrg_68xalkz1xl5qxjrkke2""]",6,ROUTING_CAUSE_CANDIDATE,1136.35,0e8cc7ab-b556-4c67-b0b4-2b54445d596a,2026-09-06 04:45:50,1136.35,0,,CURRENT_MONTH,PAID,RCL,4,false,true,false,f4380700-a752-4e6e-928a-27cc26240747,LEAD_STATUS_PURCHASED,,,0,,MOTOR_TYPE_1,true,L80673380,L80673380-V1,1,2026-09-06 04:45:49,2026-09-06,PAYMENT_DATE,QR_CODE,INSTALLMENT,RABBIT_CARE_INSTALLMENT,2,products/car-insurance,chrg_68xalkz1xl5qxjrkke2,2026-09-06 04:45:49,CHANGE_ORDER_NEW_FLOW_REVIEW,MISSING_TERMINAL_SAP_EVIDENCE,6,,,1,1,paid,,RABBIT_LENDING,6,ITEM_SUBMISSION_STATUS_SUBMITTED,0,5,ec2c6552-5b16-4d00-9900-e828377fd4d7,true,false,,,RCL newpayment membership applies only to Motor RCL; false for other flows is not a blocker.,2026-08-19 18:32:48,insurers/35,,,,,,EVENT_ABSENT,CHANGE_ORDER_RECEIPT,true,true,,,RCL_PAID_PERIOD_EXCLUDES_NEW_INVOICE,FIRST_APPLICABLE_OBSERVED_GROUP_NOT_EXHAUSTIVE,[],0,False,False,Identity+status only; no scheduling/import or accounting allocation assertion. Cancellation does not prove per-DocEntry multiplicity.
RECEIPT_LINK,SINGLE_ITEM_RAW_CHARGE_COMPARISON,ITEM_APPROVAL_STATUS_POLICY_UPLOADED,2026-09-26 16:06:06,2026-10-01,2026-09-01,NonMotor,,,,"[""chrg_68zzt03qf0ze7a70jw5""]",10,ROUTING_CAUSE_CANDIDATE,1896.0,cbb67575-f76e-4784-828b-b22e8dd4e733,2026-09-13 03:40:46,1896.0,0,,CURRENT_MONTH,PAID,RCL,2,false,true,false,c32d01ec-6bae-447d-82f3-76c16ffb647b,,,,0,,,true,L80682561,L80682561-1,1,2026-09-13 03:40:45,2026-09-13,PAYMENT_DATE,QR_CODE,INSTALLMENT,RABBIT_CARE_INSTALLMENT,1,products/health-insurance,chrg_68zzt03qf0ze7a70jw5,2026-09-13 03:40:45,CHANGE_ORDER_NEW_FLOW_REVIEW,MISSING_TERMINAL_SAP_EVIDENCE,11,,,0,1,pending,,RABBIT_LENDING,10,ITEM_SUBMISSION_STATUS_SUBMITTED,0,3,ebac3908-d3cd-40b4-b8ea-cc6b084769db,false,false,,,RCL newpayment membership applies only to Motor RCL; false for other flows is not a blocker.,2026-08-21 16:20:06,insurers/34,RCL_NonMotor_process_2_newpayment,,,,,EVENT_ABSENT,CHANGE_ORDER_RECEIPT,false,false,,,RCL_NONMOTOR_CREDITSHELL_FOLLOWUP_SOURCE_GAP,FIRST_APPLICABLE_OBSERVED_GROUP_NOT_EXHAUSTIVE,[],0,False,False,Identity+status only; no scheduling/import or accounting allocation assertion. Cancellation does not prove per-DocEntry multiplicity.
RECEIPT_LINK,SINGLE_ITEM_RAW_CHARGE_COMPARISON,ITEM_APPROVAL_STATUS_POLICY_UPLOADED,2026-09-26 16:06:06,2026-10-01,2026-09-01,Motor,,,,"[""chrg_68ve70w6qqc3t5h2k7k"",""2_chrg_68ve70w6qqc3t5h2k7k""]",6,ROUTING_CAUSE_CANDIDATE,66.73,47707239-98b2-4ea1-8061-2aa1d4ac8572,2026-09-01 08:15:12,66.73,0,,CURRENT_MONTH,PAID,RCL,1,false,true,false,d2a3c02c-3f5d-49d5-aebf-b6ebc34c2bd8,LEAD_STATUS_PURCHASED,,,0,,MOTOR_TYPE_2_PLUS,true,L80767305,L80767305-V1,1,2026-09-01 08:15:11,2026-09-01,PAYMENT_DATE,QR_CODE,INSTALLMENT,RABBIT_CARE_INSTALLMENT,2,products/car-insurance,chrg_68ve70w6qqc3t5h2k7k,2026-09-01 08:15:11,CHANGE_ORDER_NEW_FLOW_REVIEW,MISSING_TERMINAL_SAP_EVIDENCE,6,,,1,1,paid,,RABBIT_LENDING,6,ITEM_SUBMISSION_STATUS_SUBMITTED,0,2,79e5fa46-fd42-4f0f-9ac5-0dda0532e02e,true,false,,,RCL newpayment membership applies only to Motor RCL; false for other flows is not a blocker.,2026-09-01 15:30:16,insurers/11,RCL_Motor_process_2_newpayment,RCL_Motor_process_2_newpayment,,,2_chrg_68uyiw7jcc9pm3t7f55,EVENT_ABSENT,CHANGE_ORDER_RECEIPT,false,true,,,RCL_PAID_PERIOD_EXCLUDES_NEW_INVOICE,FIRST_APPLICABLE_OBSERVED_GROUP_NOT_EXHAUSTIVE,[],0,False,False,Identity+status only; no scheduling/import or accounting allocation assertion. Cancellation does not prove per-DocEntry multiplicity.
RECEIPT_LINK,SINGLE_ITEM_RAW_CHARGE_COMPARISON,ITEM_APPROVAL_STATUS_POLICY_UPLOADED,2026-09-26 16:06:06,2026-10-01,2026-09-01,Motor,,,,"[""chrg_68vc7ipqo41xyq9ijf4"",""2_chrg_68vc7ipqo41xyq9ijf4""]",8,ROUTING_CAUSE_CANDIDATE,89.76,7646d615-9af7-48fb-8c0d-51910a9621cf,2026-09-01 06:04:48,89.76,0,,CURRENT_MONTH,PAID,RCL,1,false,true,false,732b61fc-b15c-4ea2-a16a-efcbe292da88,LEAD_STATUS_PURCHASED,,,0,,MOTOR_TYPE_1,true,L80767413,L80767413-V1,1,2026-09-01 06:04:47,2026-09-01,PAYMENT_DATE,QR_CODE,INSTALLMENT,RABBIT_CARE_INSTALLMENT,2,products/car-insurance,chrg_68vc7ipqo41xyq9ijf4,2026-09-01 06:04:47,CHANGE_ORDER_NEW_FLOW_REVIEW,MISSING_TERMINAL_SAP_EVIDENCE,8,,,1,1,paid,,RABBIT_LENDING,8,ITEM_SUBMISSION_STATUS_SUBMITTED,0,2,f678dbad-1712-4ff5-b7ec-123aa6c5c817,true,false,,,RCL newpayment membership applies only to Motor RCL; false for other flows is not a blocker.,2026-09-01 14:34:35,insurers/17,,,,,,EVENT_ABSENT,CHANGE_ORDER_RECEIPT,true,true,,,RCL_PAID_PERIOD_EXCLUDES_NEW_INVOICE,FIRST_APPLICABLE_OBSERVED_GROUP_NOT_EXHAUSTIVE,[],0,False,False,Identity+status only; no scheduling/import or accounting allocation assertion. Cancellation does not prove per-DocEntry multiplicity.
RECEIPT_LINK,MULTI_ITEM_ALLOCATION_NOT_RECONCILED,ITEM_APPROVAL_STATUS_POLICY_UPLOADED,2026-09-26 16:06:06,2026-10-01,2026-09-01,Motor,,,,"[""chrg_68voqofkh0lnnb8oypm"",""2_chrg_68voqofkh0lnnb8oypm""]",10,ROUTING_CAUSE_CANDIDATE,524.15,97ebcb62-691e-43dd-8629-a0ba3c7b9c2c,2026-09-02 02:09:10,,1,,CURRENT_MONTH,PAID,RCL,1,false,true,false,3e1bb01c-bca6-4020-a49e-471c535ad450,LEAD_STATUS_PURCHASED,,,0,,MOTOR_TYPE_1,true,L80768845,L80768845-V1,2,2026-09-02 02:09:09,2026-09-02,PAYMENT_DATE,QR_CODE,INSTALLMENT,RABBIT_CARE_INSTALLMENT,2,products/car-insurance,chrg_68voqofkh0lnnb8oypm,2026-09-02 02:09:09,CHANGE_ORDER_NEW_FLOW_REVIEW,MISSING_TERMINAL_SAP_EVIDENCE,10,,,1,1,paid,,RABBIT_LENDING,10,ITEM_SUBMISSION_STATUS_SUBMITTED,0,2,65bf8dde-2693-4e9b-a7a5-6a7f689d1107,true,false,,,RCL newpayment membership applies only to Motor RCL; false for other flows is not a blocker.,2026-09-02 09:13:34,insurers/27,,,,,,EVENT_ABSENT,CHANGE_ORDER_RECEIPT,true,true,,,RCL_PAID_PERIOD_EXCLUDES_NEW_INVOICE,FIRST_APPLICABLE_OBSERVED_GROUP_NOT_EXHAUSTIVE,[],0,False,False,Identity+status only; no scheduling/import or accounting allocation assertion. Cancellation does not prove per-DocEntry multiplicity.
RECEIPT_LINK,SINGLE_ITEM_RAW_CHARGE_COMPARISON,ITEM_APPROVAL_STATUS_POLICY_UPLOADED,2026-09-26 16:06:06,2026-10-01,2026-09-01,Motor,,,,"[""chrg_68vfeua8etyhp4c9vg4"",""2_chrg_68vfeua8etyhp4c9vg4""]",10,ROUTING_CAUSE_CANDIDATE,55.89,baab8e9c-870b-4b44-96f0-dc74e0f49ba6,2026-09-01 10:16:52,55.89,0,,CURRENT_MONTH,PAID,RCL,1,false,true,false,134b19f6-4d9a-4b23-99bf-4215a9502fd2,LEAD_STATUS_PURCHASED,,,0,,MOTOR_TYPE_1,true,L80769674,L80769674-V1,1,2026-09-01 10:16:51,2026-09-01,PAYMENT_DATE,QR_CODE,INSTALLMENT,RABBIT_CARE_INSTALLMENT,2,products/car-insurance,chrg_68vfeua8etyhp4c9vg4,2026-09-01 10:16:51,CHANGE_ORDER_NEW_FLOW_REVIEW,MISSING_TERMINAL_SAP_EVIDENCE,10,,,1,1,paid,,RABBIT_LENDING,10,ITEM_SUBMISSION_STATUS_SUBMITTED,0,2,92700bf0-1957-4529-8980-6d5e65267c6e,true,false,,,RCL newpayment membership applies only to Motor RCL; false for other flows is not a blocker.,2026-09-01 17:21:14,insurers/28,,,,,,EVENT_ABSENT,CHANGE_ORDER_RECEIPT,true,true,,,RCL_PAID_PERIOD_EXCLUDES_NEW_INVOICE,FIRST_APPLICABLE_OBSERVED_GROUP_NOT_EXHAUSTIVE,[],0,False,False,Identity+status only; no scheduling/import or accounting allocation assertion. Cancellation does not prove per-DocEntry multiplicity.
RECEIPT_LINK,SINGLE_ITEM_RAW_CHARGE_COMPARISON,ITEM_APPROVAL_STATUS_POLICY_UPLOADED,2026-09-26 16:06:06,2026-10-01,2026-09-01,Motor,,,,"[""chrg_68vqy0on6l4fdjge4k2"",""2_chrg_68vqy0on6l4fdjge4k2""]",6,ROUTING_CAUSE_CANDIDATE,182.39,b911c3aa-3ee4-435f-952a-5f2d377c7b11,2026-09-02 05:57:00,182.39,0,,CURRENT_MONTH,PAID,RCL,1,false,true,false,bba90ec0-ac95-43e2-9d4c-28b11551d6e9,LEAD_STATUS_PURCHASED,,,0,,MOTOR_TYPE_2_PLUS,true,L80776778,L80776778-V1,1,2026-09-02 05:56:59,2026-09-02,PAYMENT_DATE,QR_CODE,INSTALLMENT,RABBIT_CARE_INSTALLMENT,2,products/car-insurance,chrg_68vqy0on6l4fdjge4k2,2026-09-02 05:56:59,CHANGE_ORDER_NEW_FLOW_REVIEW,MISSING_TERMINAL_SAP_EVIDENCE,6,,,1,1,paid,,RABBIT_LENDING,6,ITEM_SUBMISSION_STATUS_SUBMITTED,0,2,58944ac9-aea4-4b0f-8f03-8663b5518687,true,false,,,RCL newpayment membership applies only to Motor RCL; false for other flows is not a blocker.,2026-09-02 12:58:52,insurers/7,,,,,,EVENT_ABSENT,CHANGE_ORDER_RECEIPT,true,true,,,RCL_PAID_PERIOD_EXCLUDES_NEW_INVOICE,FIRST_APPLICABLE_OBSERVED_GROUP_NOT_EXHAUSTIVE,[],0,False,False,Identity+status only; no scheduling/import or accounting allocation assertion. Cancellation does not prove per-DocEntry multiplicity.
RECEIPT_LINK,SINGLE_ITEM_RAW_CHARGE_COMPARISON,ITEM_APPROVAL_STATUS_POLICY_UPLOADED,2026-09-26 16:06:06,2026-10-01,2026-09-01,Motor,,,,"[""chrg_68w416ms9yvr6wgd6rw"",""2_chrg_68w416ms9yvr6wgd6rw""]",10,ROUTING_CAUSE_CANDIDATE,323.22,f50d6402-f26d-453d-b1d6-3f28332c13d0,2026-09-07 01:47:23,323.22,0,,CURRENT_MONTH,PAID,RCL,1,false,true,false,2b21cfb2-22ba-42a5-9b0c-d79f37807a1c,LEAD_STATUS_PURCHASED,,,0,,MOTOR_TYPE_2_PLUS,true,L80777167,L80777167-V1,1,2026-09-07 01:47:23,2026-09-07,PAYMENT_DATE,QR_CODE,INSTALLMENT,RABBIT_CARE_INSTALLMENT,2,products/car-insurance,chrg_68w416ms9yvr6wgd6rw,2026-09-07 01:47:23,CHANGE_ORDER_NEW_FLOW_REVIEW,MISSING_TERMINAL_SAP_EVIDENCE,10,,,1,1,paid,,RABBIT_LENDING,10,ITEM_SUBMISSION_STATUS_SUBMITTED,0,2,c0ed0fe9-19e6-4173-abe2-e88f8be0cfed,true,false,,,RCL newpayment membership applies only to Motor RCL; false for other flows is not a blocker.,2026-09-07 09:26:00,insurers/2,,,,,,EVENT_ABSENT,CHANGE_ORDER_RECEIPT,true,true,,,RCL_PAID_PERIOD_EXCLUDES_NEW_INVOICE,FIRST_APPLICABLE_OBSERVED_GROUP_NOT_EXHAUSTIVE,[],0,False,False,Identity+status only; no scheduling/import or accounting allocation assertion. Cancellation does not prove per-DocEntry multiplicity.
RECEIPT_LINK,SINGLE_ITEM_RAW_CHARGE_COMPARISON,ITEM_APPROVAL_STATUS_PENDING,2026-09-26 16:06:06,2026-10-01,2026-09-01,Motor,2026-09-09,,2026-09-09 16:53:32,"[""chrg_68vudb5txgizg01yzbf"",""2_chrg_68vudb5txgizg01yzbf""]",8,ROUTING_CAUSE_CANDIDATE,561.44,b8069b4f-fa94-45e2-862e-e607000e09e2,2026-09-02 11:43:45,561.44,0,,CURRENT_MONTH,PAID,RCL,1,true,true,false,ad4aca8d-51fd-491d-99e6-83c22e3d7d7a,LEAD_STATUS_PURCHASED,,,0,,MOTOR_TYPE_1,true,L80779734,L80779734-V1,1,2026-09-02 11:43:44,2026-09-02,PAYMENT_DATE,QR_CODE,INSTALLMENT,RABBIT_CARE_INSTALLMENT,2,products/car-insurance,chrg_68vudb5txgizg01yzbf,2026-09-02 11:43:44,CHANGE_ORDER_NEW_FLOW_REVIEW,MISSING_TERMINAL_SAP_EVIDENCE,16,,,1,2,"cancelled,paid",,RABBIT_LENDING,8,ITEM_SUBMISSION_STATUS_PENDING,0,2,20de7f4c-0a8e-4abb-a45e-2a1179ab9e9d,true,false,,,RCL newpayment membership applies only to Motor RCL; false for other flows is not a blocker.,2026-09-09 16:52:14,insurers/40,,,,,,EVENT_ABSENT,CHANGE_ORDER_RECEIPT,true,true,,,PAID_ON_CANCELLED_ITEM_REQUIRES_LIFECYCLE_REVIEW,INVESTIGATION_SCENARIO_NOT_PROVEN_SINGLE_CAUSE,[],0,False,False,Identity+status only; no scheduling/import or accounting allocation assertion. Cancellation does not prove per-DocEntry multiplicity.
RECEIPT_LINK,SINGLE_ITEM_RAW_CHARGE_COMPARISON,ITEM_APPROVAL_STATUS_PENDING,2026-09-26 16:06:06,2026-10-01,2026-09-01,NonMotor,2026-09-08,,2026-09-08 10:40:31,"[""chrg_68vtewmm3f2xqx7wo0i""]",10,ROUTING_CAUSE_CANDIDATE,1162.0,82ff30db-8924-40c5-bf49-fd31a3a67644,2026-09-02 10:21:23,1162.0,0,,CURRENT_MONTH,PAID,RCL,1,true,true,false,41046593-0fed-4a3e-9045-3d2e2173fd1c,,,,0,,,true,L80779903,L80779903-1,1,2026-09-02 10:21:22,2026-09-02,PAYMENT_DATE,QR_CODE,INSTALLMENT,RABBIT_CARE_INSTALLMENT,1,products/health-insurance,chrg_68vtewmm3f2xqx7wo0i,2026-09-02 10:21:22,CHANGE_ORDER_NEW_FLOW_REVIEW,MISSING_TERMINAL_SAP_EVIDENCE,0,,,0,0,,,RABBIT_LENDING,10,ITEM_SUBMISSION_STATUS_PENDING,0,1,7364d2b8-e121-45b9-9559-4a5ed40860a3,false,false,,,RCL newpayment membership applies only to Motor RCL; false for other flows is not a blocker.,2026-09-03 10:57:27,insurers/34,,,,,,EVENT_ABSENT,CHANGE_ORDER_RECEIPT,false,false,false,,PAID_ON_CANCELLED_ITEM_REQUIRES_LIFECYCLE_REVIEW,INVESTIGATION_SCENARIO_NOT_PROVEN_SINGLE_CAUSE,[],0,False,False,Identity+status only; no scheduling/import or accounting allocation assertion. Cancellation does not prove per-DocEntry multiplicity.
RECEIPT_LINK,SINGLE_ITEM_RAW_CHARGE_COMPARISON,ITEM_APPROVAL_STATUS_PENDING,2026-09-26 16:06:06,2026-10-01,2026-09-01,NonMotor,2026-09-08,,2026-09-08 10:40:31,"[""chrg_68vtr207le5kig08rc4""]",10,ROUTING_CAUSE_CANDIDATE,219.0,e821dc55-1403-4e37-92fa-f778fd037111,2026-09-02 10:41:31,219.0,0,,CURRENT_MONTH,PAID,RCL,1,true,true,false,41046593-0fed-4a3e-9045-3d2e2173fd1c,,,,0,,,true,L80779903,L80779903-1,1,2026-09-02 10:41:30,2026-09-02,PAYMENT_DATE,QR_CODE,INSTALLMENT,RABBIT_CARE_INSTALLMENT,2,products/health-insurance,chrg_68vtr207le5kig08rc4,2026-09-02 10:41:30,CHANGE_ORDER_NEW_FLOW_REVIEW,MISSING_TERMINAL_SAP_EVIDENCE,0,,,0,0,,,RABBIT_LENDING,10,ITEM_SUBMISSION_STATUS_PENDING,0,2,7364d2b8-e121-45b9-9559-4a5ed40860a3,false,false,,,RCL newpayment membership applies only to Motor RCL; false for other flows is not a blocker.,2026-09-03 10:57:27,insurers/34,,,,,,EVENT_ABSENT,CHANGE_ORDER_RECEIPT,false,false,false,,PAID_ON_CANCELLED_ITEM_REQUIRES_LIFECYCLE_REVIEW,INVESTIGATION_SCENARIO_NOT_PROVEN_SINGLE_CAUSE,[],0,False,False,Identity+status only; no scheduling/import or accounting allocation assertion. Cancellation does not prove per-DocEntry multiplicity.
RECEIPT_LINK,SINGLE_ITEM_RAW_CHARGE_COMPARISON,ITEM_APPROVAL_STATUS_POLICY_UPLOADED,2026-09-26 16:06:06,2026-10-01,2026-09-01,Motor,,,,"[""chrg_68w6enautxbux7coh3g"",""2_chrg_68w6enautxbux7coh3g""]",6,ROUTING_CAUSE_CANDIDATE,212.51,a5ed5c0f-e618-461a-8b8a-0debdd033a9a,2026-09-04 10:06:32,212.51,0,,CURRENT_MONTH,PAID,RCL,1,false,true,false,e55a7a59-b451-48cc-92f2-063749617aff,LEAD_STATUS_PURCHASED,,,0,,MOTOR_TYPE_2_PLUS,true,L80786628,L80786628-V1,1,2026-09-04 10:06:31,2026-09-04,PAYMENT_DATE,QR_CODE,INSTALLMENT,RABBIT_CARE_INSTALLMENT,2,products/car-insurance,chrg_68w6enautxbux7coh3g,2026-09-04 10:06:31,CHANGE_ORDER_NEW_FLOW_REVIEW,MISSING_TERMINAL_SAP_EVIDENCE,6,,,1,1,paid,,RABBIT_LENDING,6,ITEM_SUBMISSION_STATUS_SUBMITTED,0,2,cd2dcd3f-fdbc-4931-8ba3-c77bef65038c,true,false,,,RCL newpayment membership applies only to Motor RCL; false for other flows is not a blocker.,2026-09-04 17:18:34,insurers/27,,,,,,EVENT_ABSENT,CHANGE_ORDER_RECEIPT,true,true,,,RCL_PAID_PERIOD_EXCLUDES_NEW_INVOICE,FIRST_APPLICABLE_OBSERVED_GROUP_NOT_EXHAUSTIVE,[],0,False,False,Identity+status only; no scheduling/import or accounting allocation assertion. Cancellation does not prove per-DocEntry multiplicity.
RECEIPT_LINK,SINGLE_ITEM_RAW_CHARGE_COMPARISON,ITEM_APPROVAL_STATUS_POLICY_UPLOADED,2026-09-26 16:06:06,2026-10-01,2026-09-01,Motor,,,,"[""chrg_68w43jfz611iiyyjspr"",""2_chrg_68w43jfz611iiyyjspr""]",10,ROUTING_CAUSE_CANDIDATE,80.0,3180c62f-d9f6-4021-94fe-d1ef17002fbc,2026-09-03 04:48:36,80.0,0,,CURRENT_MONTH,PAID,RCL,1,false,true,false,5e8ea231-a5eb-4d84-9530-9b74c082c26f,LEAD_STATUS_PURCHASED,,,0,,MOTOR_TYPE_1,true,L80786743,L80786743-V1,1,2026-09-03 04:48:35,2026-09-03,PAYMENT_DATE,QR_CODE,INSTALLMENT,RABBIT_CARE_INSTALLMENT,2,products/car-insurance,chrg_68w43jfz611iiyyjspr,2026-09-03 04:48:35,CHANGE_ORDER_NEW_FLOW_REVIEW,MISSING_TERMINAL_SAP_EVIDENCE,10,,,1,1,paid,,RABBIT_LENDING,10,ITEM_SUBMISSION_STATUS_SUBMITTED,0,2,2d990a54-a550-403c-b97b-8002c0939c5f,true,false,,,RCL newpayment membership applies only to Motor RCL; false for other flows is not a blocker.,2026-09-03 11:58:11,insurers/28,,,,,,EVENT_ABSENT,CHANGE_ORDER_RECEIPT,true,true,,,RCL_PAID_PERIOD_EXCLUDES_NEW_INVOICE,FIRST_APPLICABLE_OBSERVED_GROUP_NOT_EXHAUSTIVE,[],0,False,False,Identity+status only; no scheduling/import or accounting allocation assertion. Cancellation does not prove per-DocEntry multiplicity.
RECEIPT_LINK,SINGLE_ITEM_RAW_CHARGE_COMPARISON,ITEM_APPROVAL_STATUS_POLICY_UPLOADED,2026-09-26 16:06:06,2026-10-01,2026-09-01,Motor,,,,"[""chrg_68wktcluq77eq24gsvk"",""2_chrg_68wktcluq77eq24gsvk""]",3,ROUTING_CAUSE_CANDIDATE,247.11,274edb69-b7ed-41e2-bdf0-630d68aebc6b,2026-09-05 02:53:01,247.11,0,,CURRENT_MONTH,PAID,RCL,1,false,true,false,fe567cf7-df26-4cb8-bb91-975dc916404c,LEAD_STATUS_PURCHASED,,,0,,MOTOR_TYPE_2_PLUS,true,L80791074,L80791074-V1,1,2026-09-05 02:53:00,2026-09-05,PAYMENT_DATE,QR_CODE,INSTALLMENT,RABBIT_CARE_INSTALLMENT,2,products/car-insurance,chrg_68wktcluq77eq24gsvk,2026-09-05 02:53:00,CHANGE_ORDER_NEW_FLOW_REVIEW,MISSING_TERMINAL_SAP_EVIDENCE,3,,,1,1,paid,,RABBIT_LENDING,3,ITEM_SUBMISSION_STATUS_SUBMITTED,0,2,c18842ec-7b4e-4a46-83eb-17dc0fc6ef36,true,false,,,RCL newpayment membership applies only to Motor RCL; false for other flows is not a blocker.,2026-09-05 11:45:56,insurers/6,,,,,,EVENT_ABSENT,CHANGE_ORDER_RECEIPT,true,true,,,RCL_PAID_PERIOD_EXCLUDES_NEW_INVOICE,FIRST_APPLICABLE_OBSERVED_GROUP_NOT_EXHAUSTIVE,[],0,False,False,Identity+status only; no scheduling/import or accounting allocation assertion. Cancellation does not prove per-DocEntry multiplicity.
RECEIPT_LINK,SINGLE_ITEM_RAW_CHARGE_COMPARISON,ITEM_APPROVAL_STATUS_POLICY_UPLOADED,2026-09-26 16:06:06,2026-10-01,2026-09-01,Motor,,,,"[""chrg_68wla9ecutgirzcierx"",""2_chrg_68wla9ecutgirzcierx""]",6,ROUTING_CAUSE_CANDIDATE,233.34,df11d35d-f5f0-409f-93cc-73dc320a3e5d,2026-09-07 02:30:57,233.34,0,,CURRENT_MONTH,PAID,RCL,1,false,true,false,59d70c91-44a0-4233-91d7-a351e5f2826a,LEAD_STATUS_PURCHASED,,,0,,MOTOR_TYPE_1,true,L80799920,L80799920-V1,1,2026-09-07 02:30:56,2026-09-07,PAYMENT_DATE,QR_CODE,INSTALLMENT,RABBIT_CARE_INSTALLMENT,2,products/car-insurance,chrg_68wla9ecutgirzcierx,2026-09-07 02:30:56,CHANGE_ORDER_NEW_FLOW_REVIEW,MISSING_TERMINAL_SAP_EVIDENCE,6,,,1,1,paid,,RABBIT_LENDING,6,ITEM_SUBMISSION_STATUS_SUBMITTED,0,2,c9af04a0-7c2f-4c62-a951-7512c0f878d5,true,false,,,RCL newpayment membership applies only to Motor RCL; false for other flows is not a blocker.,2026-09-07 09:46:15,insurers/28,,,,,,EVENT_ABSENT,CHANGE_ORDER_RECEIPT,true,true,,,RCL_PAID_PERIOD_EXCLUDES_NEW_INVOICE,FIRST_APPLICABLE_OBSERVED_GROUP_NOT_EXHAUSTIVE,[],0,False,False,Identity+status only; no scheduling/import or accounting allocation assertion. Cancellation does not prove per-DocEntry multiplicity.
RECEIPT_LINK,SINGLE_ITEM_RAW_CHARGE_COMPARISON,ITEM_APPROVAL_STATUS_POLICY_UPLOADED,2026-09-26 16:06:06,2026-10-01,2026-09-01,Motor,,,,"[""chrg_68xqhgkig1996xd1t4d"",""2_chrg_68xqhgkig1996xd1t4d""]",6,ROUTING_CAUSE_CANDIDATE,29.79,f1f25a1a-dbae-4ca5-a0b6-d075d8f17def,2026-09-07 07:52:53,29.79,0,,CURRENT_MONTH,PAID,RCL,1,false,true,false,8d025655-2c0c-4b0e-892f-a20639998934,LEAD_STATUS_PURCHASED,,,0,,MOTOR_TYPE_1,true,L80814092,L80814092-V1,1,2026-09-07 07:52:53,2026-09-07,PAYMENT_DATE,QR_CODE,INSTALLMENT,RABBIT_CARE_INSTALLMENT,2,products/car-insurance,chrg_68xqhgkig1996xd1t4d,2026-09-07 07:52:53,CHANGE_ORDER_NEW_FLOW_REVIEW,MISSING_TERMINAL_SAP_EVIDENCE,6,,,1,1,paid,,RABBIT_LENDING,6,ITEM_SUBMISSION_STATUS_SUBMITTED,0,2,0ef641fb-f5fc-4c6d-9287-4b6e4b123c4f,true,false,,,RCL newpayment membership applies only to Motor RCL; false for other flows is not a blocker.,2026-09-07 15:00:50,insurers/11,,,,,,EVENT_ABSENT,CHANGE_ORDER_RECEIPT,true,true,,,RCL_PAID_PERIOD_EXCLUDES_NEW_INVOICE,FIRST_APPLICABLE_OBSERVED_GROUP_NOT_EXHAUSTIVE,[],0,False,False,Identity+status only; no scheduling/import or accounting allocation assertion. Cancellation does not prove per-DocEntry multiplicity.
RECEIPT_LINK,SINGLE_ITEM_RAW_CHARGE_COMPARISON,ITEM_APPROVAL_STATUS_POLICY_UPLOADED,2026-09-26 16:06:06,2026-10-01,2026-09-01,Motor,,,,"[""chrg_68xr6oiom2bbyyclhjv"",""2_chrg_68xr6oiom2bbyyclhjv""]",6,ROUTING_CAUSE_CANDIDATE,346.37,39d88290-daab-40c8-a8af-cacf03f809f5,2026-09-07 10:35:47,346.37,0,,CURRENT_MONTH,PAID,RCL,1,false,true,false,73823378-74b0-4ae3-bc85-db794785a4dd,LEAD_STATUS_PURCHASED,,,0,,MOTOR_TYPE_1,true,L80814650,L80814650-V1,1,2026-09-07 10:35:47,2026-09-07,PAYMENT_DATE,QR_CODE,INSTALLMENT,RABBIT_CARE_INSTALLMENT,2,products/car-insurance,chrg_68xr6oiom2bbyyclhjv,2026-09-07 10:35:47,CHANGE_ORDER_NEW_FLOW_REVIEW,MISSING_TERMINAL_SAP_EVIDENCE,6,,,1,1,paid,,RABBIT_LENDING,6,ITEM_SUBMISSION_STATUS_SUBMITTED,0,2,4db881cf-cd3b-4ae8-98fb-e5d094cf3238,true,false,,,RCL newpayment membership applies only to Motor RCL; false for other flows is not a blocker.,2026-09-07 17:40:20,insurers/27,,,,,,EVENT_ABSENT,CHANGE_ORDER_RECEIPT,true,true,,,RCL_PAID_PERIOD_EXCLUDES_NEW_INVOICE,FIRST_APPLICABLE_OBSERVED_GROUP_NOT_EXHAUSTIVE,[],0,False,False,Identity+status only; no scheduling/import or accounting allocation assertion. Cancellation does not prove per-DocEntry multiplicity.
RECEIPT_LINK,SINGLE_ITEM_RAW_CHARGE_COMPARISON,ITEM_APPROVAL_STATUS_POLICY_UPLOADED,2026-09-26 16:06:06,2026-10-01,2026-09-01,Motor,,,,"[""chrg_68y2a881ewj4l16rvbl"",""2_chrg_68y2a881ewj4l16rvbl""]",10,ROUTING_CAUSE_CANDIDATE,200.0,639a0e19-a34d-4892-a49f-948b56e8107b,2026-09-08 03:55:53,200.0,0,,CURRENT_MONTH,PAID,RCL,1,false,true,false,cc574192-51b3-49ea-8058-6e34a5f15db0,LEAD_STATUS_PURCHASED,,,0,,MOTOR_TYPE_2_PLUS,true,L80823170,L80823170-V1,1,2026-09-08 03:55:52,2026-09-08,PAYMENT_DATE,QR_CODE,INSTALLMENT,RABBIT_CARE_INSTALLMENT,2,products/car-insurance,chrg_68y2a881ewj4l16rvbl,2026-09-08 03:55:52,CHANGE_ORDER_NEW_FLOW_REVIEW,MISSING_TERMINAL_SAP_EVIDENCE,10,,,1,1,paid,,RABBIT_LENDING,10,ITEM_SUBMISSION_STATUS_SUBMITTED,0,2,0f6f6d95-3ff4-4b79-90d7-316c4917187f,true,false,,,RCL newpayment membership applies only to Motor RCL; false for other flows is not a blocker.,2026-09-08 11:06:30,insurers/25,,,,,,EVENT_ABSENT,CHANGE_ORDER_RECEIPT,true,true,,,RCL_PAID_PERIOD_EXCLUDES_NEW_INVOICE,FIRST_APPLICABLE_OBSERVED_GROUP_NOT_EXHAUSTIVE,[],0,False,False,Identity+status only; no scheduling/import or accounting allocation assertion. Cancellation does not prove per-DocEntry multiplicity.
RECEIPT_LINK,SINGLE_ITEM_RAW_CHARGE_COMPARISON,ITEM_APPROVAL_STATUS_POLICY_UPLOADED,2026-09-26 16:06:06,2026-10-01,2026-09-01,Motor,,,,"[""chrg_68y52byq4t0e8dtgb0s"",""2_chrg_68y52byq4t0e8dtgb0s""]",10,ROUTING_CAUSE_CANDIDATE,513.67,3e7dbb56-b485-40f4-84be-f68081b49577,2026-09-09 13:39:03,513.67,0,,CURRENT_MONTH,PAID,RCL,1,false,true,false,f82ba8db-f618-4d38-a91a-af3b699b6c03,LEAD_STATUS_PURCHASED,,,0,,MOTOR_TYPE_1,true,L80825408,L80825408-V1,1,2026-09-09 13:39:03,2026-09-09,PAYMENT_DATE,QR_CODE,INSTALLMENT,RABBIT_CARE_INSTALLMENT,2,products/car-insurance,chrg_68y52byq4t0e8dtgb0s,2026-09-09 13:39:03,CHANGE_ORDER_NEW_FLOW_REVIEW,MISSING_TERMINAL_SAP_EVIDENCE,10,,,1,1,paid,,RABBIT_LENDING,10,ITEM_SUBMISSION_STATUS_SUBMITTED,0,2,12c49d4e-7e9c-4007-b964-58ca37b32a48,true,false,,,RCL newpayment membership applies only to Motor RCL; false for other flows is not a blocker.,2026-09-10 14:50:00,insurers/27,,,,,,EVENT_ABSENT,CHANGE_ORDER_RECEIPT,true,true,,,RCL_PAID_PERIOD_EXCLUDES_NEW_INVOICE,FIRST_APPLICABLE_OBSERVED_GROUP_NOT_EXHAUSTIVE,[],0,False,False,Identity+status only; no scheduling/import or accounting allocation assertion. Cancellation does not prove per-DocEntry multiplicity.
RECEIPT_LINK,SINGLE_ITEM_RAW_CHARGE_COMPARISON,ITEM_APPROVAL_STATUS_POLICY_UPLOADED,2026-09-26 16:06:06,2026-10-01,2026-09-01,Motor,,,,"[""chrg_68yghao8cdtmqs2p0tw"",""2_chrg_68yghao8cdtmqs2p0tw""]",10,ROUTING_CAUSE_CANDIDATE,340.51,10baf141-a838-45a2-898b-8584fe71a433,2026-09-09 05:34:56,340.51,0,,CURRENT_MONTH,PAID,RCL,1,false,true,false,4746c8d5-fb97-4e84-a7bc-d3447fcce6b8,LEAD_STATUS_PURCHASED,,,0,,MOTOR_TYPE_1,true,L80835528,L80835528-V1,1,2026-09-09 05:34:55,2026-09-09,PAYMENT_DATE,QR_CODE,INSTALLMENT,RABBIT_CARE_INSTALLMENT,2,products/car-insurance,chrg_68yghao8cdtmqs2p0tw,2026-09-09 05:34:55,CHANGE_ORDER_NEW_FLOW_REVIEW,MISSING_TERMINAL_SAP_EVIDENCE,10,,,1,1,paid,,RABBIT_LENDING,10,ITEM_SUBMISSION_STATUS_SUBMITTED,0,2,bb80d84f-a884-4b9f-aa43-2173ae052d8e,true,false,,,RCL newpayment membership applies only to Motor RCL; false for other flows is not a blocker.,2026-09-09 13:49:40,insurers/17,,,,,,EVENT_ABSENT,CHANGE_ORDER_RECEIPT,true,true,,,RCL_PAID_PERIOD_EXCLUDES_NEW_INVOICE,FIRST_APPLICABLE_OBSERVED_GROUP_NOT_EXHAUSTIVE,[],0,False,False,Identity+status only; no scheduling/import or accounting allocation assertion. Cancellation does not prove per-DocEntry multiplicity.
RECEIPT_LINK,SINGLE_ITEM_RAW_CHARGE_COMPARISON,ITEM_APPROVAL_STATUS_PENDING,2026-09-26 16:06:06,2026-10-01,2026-09-01,Motor,2026-09-09,,2026-09-09 14:50:15,"[""chrg_68yhez8y8r0bupyyvcv"",""2_chrg_68yhez8y8r0bupyyvcv""]",3,ROUTING_CAUSE_CANDIDATE,807.66,41e2a40d-61c4-4693-b014-b0f809648bda,2026-09-09 06:00:05,807.66,0,,CURRENT_MONTH,PAID,RCL,1,true,true,true,35f3d9fe-149c-4b5e-954d-20dd00cecaa5,LEAD_STATUS_PURCHASED,,,0,,MOTOR_TYPE_1,true,L80836096,L80836096-V1,1,2026-09-09 06:00:04,2026-09-09,PAYMENT_DATE,QR_CODE,INSTALLMENT,RABBIT_CARE_INSTALLMENT,2,products/car-insurance,chrg_68yhez8y8r0bupyyvcv,2026-09-09 06:00:04,CHANGE_ORDER_NEW_FLOW_REVIEW,MISSING_TERMINAL_SAP_EVIDENCE,6,,,1,2,"cancelled (change order / rejected),paid",,RABBIT_LENDING,3,ITEM_SUBMISSION_STATUS_PENDING,0,2,ada34633-a6f9-4179-a328-fd366a8b7aa6,true,false,,,RCL newpayment membership applies only to Motor RCL; false for other flows is not a blocker.,2026-09-09 14:31:13,insurers/28,,,,,,EVENT_ABSENT,CHANGE_ORDER_RECEIPT,true,true,,,PAID_ON_CANCELLED_ITEM_REQUIRES_LIFECYCLE_REVIEW,INVESTIGATION_SCENARIO_NOT_PROVEN_SINGLE_CAUSE,[],0,False,False,Identity+status only; no scheduling/import or accounting allocation assertion. Cancellation does not prove per-DocEntry multiplicity.
RECEIPT_LINK,SINGLE_ITEM_RAW_CHARGE_COMPARISON,ITEM_APPROVAL_STATUS_POLICY_UPLOADED,2026-09-26 16:06:06,2026-10-01,2026-09-01,Motor,,,,"[""chrg_68yizvlzawbxmix78a2"",""2_chrg_68yizvlzawbxmix78a2""]",8,ROUTING_CAUSE_CANDIDATE,478.29,f82de525-685e-4ab8-abdc-a913acab0884,2026-09-09 08:24:49,478.29,0,,CURRENT_MONTH,PAID,RCL,1,false,true,false,1ec8ff1c-bf3b-4701-8dff-5edf0514306a,LEAD_STATUS_PURCHASED,,,0,,MOTOR_TYPE_1,true,L80836559,L80836559-V1,1,2026-09-09 08:24:49,2026-09-09,PAYMENT_DATE,QR_CODE,INSTALLMENT,RABBIT_CARE_INSTALLMENT,2,products/car-insurance,chrg_68yizvlzawbxmix78a2,2026-09-09 08:24:49,CHANGE_ORDER_NEW_FLOW_REVIEW,MISSING_TERMINAL_SAP_EVIDENCE,8,,,1,1,paid,,RABBIT_LENDING,8,ITEM_SUBMISSION_STATUS_SUBMITTED,0,2,7c5b07ab-94de-4daf-b4e8-a09a319e0bc7,true,false,,,RCL newpayment membership applies only to Motor RCL; false for other flows is not a blocker.,2026-09-09 15:37:37,insurers/7,,,,,,EVENT_ABSENT,CHANGE_ORDER_RECEIPT,true,true,,,RCL_PAID_PERIOD_EXCLUDES_NEW_INVOICE,FIRST_APPLICABLE_OBSERVED_GROUP_NOT_EXHAUSTIVE,[],0,False,False,Identity+status only; no scheduling/import or accounting allocation assertion. Cancellation does not prove per-DocEntry multiplicity.
RECEIPT_LINK,SINGLE_ITEM_RAW_CHARGE_COMPARISON,ITEM_APPROVAL_STATUS_POLICY_UPLOADED,2026-09-26 16:06:06,2026-10-01,2026-09-01,Motor,,,,"[""chrg_68yhez8y8r0bupyyvcv"",""2_chrg_68yhez8y8r0bupyyvcv""]",3,ROUTING_CAUSE_CANDIDATE,807.66,3dae246a-5b5d-48d2-a26e-fb211185fd53,2026-09-09 06:00:05,807.66,0,,CURRENT_MONTH,PAID,RCL,1,false,true,false,45df2dd2-896b-4fda-ac54-bf38bd26e665,LEAD_STATUS_PURCHASED,,,0,,MOTOR_TYPE_2_PLUS,true,L80837269,L80837269-V1,1,2026-09-09 06:00:04,2026-09-09,PAYMENT_DATE,QR_CODE,INSTALLMENT,RABBIT_CARE_INSTALLMENT,2,products/car-insurance,chrg_68yhez8y8r0bupyyvcv,2026-09-09 06:00:04,CHANGE_ORDER_NEW_FLOW_REVIEW,MISSING_TERMINAL_SAP_EVIDENCE,3,,,1,1,paid,,RABBIT_LENDING,3,ITEM_SUBMISSION_STATUS_SUBMITTED,0,2,8d1df199-1988-44ca-8c4a-cc2ed8155b73,true,false,,,RCL newpayment membership applies only to Motor RCL; false for other flows is not a blocker.,2026-09-09 16:35:52,insurers/28,,,,,,EVENT_ABSENT,CHANGE_ORDER_RECEIPT,true,true,,,RCL_PAID_PERIOD_EXCLUDES_NEW_INVOICE,FIRST_APPLICABLE_OBSERVED_GROUP_NOT_EXHAUSTIVE,[],0,False,False,Identity+status only; no scheduling/import or accounting allocation assertion. Cancellation does not prove per-DocEntry multiplicity.
RECEIPT_LINK,SINGLE_ITEM_RAW_CHARGE_COMPARISON,ITEM_APPROVAL_STATUS_POLICY_UPLOADED,2026-09-26 16:06:06,2026-10-01,2026-09-01,Motor,,,,"[""chrg_68yjzjrtst7tyfn9p5k"",""2_chrg_68yjzjrtst7tyfn9p5k""]",6,ROUTING_CAUSE_CANDIDATE,141.62,167a9f4b-cc06-4da0-a7c8-89111dabd586,2026-09-09 10:15:51,141.62,0,,CURRENT_MONTH,PAID,RCL,1,false,true,false,38e83a87-4c8a-4f0c-af99-e7189cce4c70,LEAD_STATUS_PURCHASED,,,0,,MOTOR_TYPE_1,true,L80838046,L80838046-V1,1,2026-09-09 10:15:50,2026-09-09,PAYMENT_DATE,QR_CODE,INSTALLMENT,RABBIT_CARE_INSTALLMENT,2,products/car-insurance,chrg_68yjzjrtst7tyfn9p5k,2026-09-09 10:15:50,CHANGE_ORDER_NEW_FLOW_REVIEW,MISSING_TERMINAL_SAP_EVIDENCE,6,,,1,1,paid,,RABBIT_LENDING,6,ITEM_SUBMISSION_STATUS_SUBMITTED,0,2,30c578c3-db93-41b5-9b1a-180f64895194,true,false,,,RCL newpayment membership applies only to Motor RCL; false for other flows is not a blocker.,2026-09-09 17:23:59,insurers/28,,,,,,EVENT_ABSENT,CHANGE_ORDER_RECEIPT,true,true,,,RCL_PAID_PERIOD_EXCLUDES_NEW_INVOICE,FIRST_APPLICABLE_OBSERVED_GROUP_NOT_EXHAUSTIVE,[],0,False,False,Identity+status only; no scheduling/import or accounting allocation assertion. Cancellation does not prove per-DocEntry multiplicity.
RECEIPT_LINK,SINGLE_ITEM_RAW_CHARGE_COMPARISON,ITEM_APPROVAL_STATUS_POLICY_UPLOADED,2026-09-26 16:06:06,2026-10-01,2026-09-01,Motor,,,,"[""chrg_68ywggh3pcg5ynvak81"",""2_chrg_68ywggh3pcg5ynvak81""]",6,ROUTING_CAUSE_CANDIDATE,50.0,c66f0ae1-a938-4152-8406-36a6dc9617e2,2026-09-10 07:22:13,50.0,0,,CURRENT_MONTH,PAID,RCL,1,false,true,false,133e6c44-9eff-4328-a549-d7c0ebb0de9c,LEAD_STATUS_PURCHASED,,,0,,MOTOR_TYPE_2_PLUS,true,L80843281,L80843281-V1,1,2026-09-10 07:22:13,2026-09-10,PAYMENT_DATE,QR_CODE,INSTALLMENT,RABBIT_CARE_INSTALLMENT,2,products/car-insurance,chrg_68ywggh3pcg5ynvak81,2026-09-10 07:22:13,CHANGE_ORDER_NEW_FLOW_REVIEW,MISSING_TERMINAL_SAP_EVIDENCE,6,,,1,1,paid,,RABBIT_LENDING,6,ITEM_SUBMISSION_STATUS_SUBMITTED,0,2,152a74b2-0e46-4c36-a481-ef5f2720670b,true,false,,,RCL newpayment membership applies only to Motor RCL; false for other flows is not a blocker.,2026-09-10 14:24:44,insurers/7,,,,,,EVENT_ABSENT,CHANGE_ORDER_RECEIPT,true,true,,,RCL_PAID_PERIOD_EXCLUDES_NEW_INVOICE,FIRST_APPLICABLE_OBSERVED_GROUP_NOT_EXHAUSTIVE,[],0,False,False,Identity+status only; no scheduling/import or accounting allocation assertion. Cancellation does not prove per-DocEntry multiplicity.
RECEIPT_LINK,SINGLE_ITEM_RAW_CHARGE_COMPARISON,ITEM_APPROVAL_STATUS_PENDING,2026-09-26 16:06:06,2026-10-01,2026-09-01,Motor,,,,"[""chrg_68z8n9vps36wwnl8h0w"",""2_chrg_68z8n9vps36wwnl8h0w""]",10,ROUTING_CAUSE_CANDIDATE,261.05,fdb6e927-583b-418f-ba7e-5251a26ae988,2026-09-11 04:15:07,261.05,0,,CURRENT_MONTH,PAID,RCL,1,false,true,false,68d5c5d8-a205-4737-b475-c1a517939524,LEAD_STATUS_PURCHASED,,,0,,MOTOR_TYPE_1,true,L80857004,L80857004-V1,1,2026-09-11 04:15:06,2026-09-11,PAYMENT_DATE,QR_CODE,INSTALLMENT,RABBIT_CARE_INSTALLMENT,2,products/car-insurance,chrg_68z8n9vps36wwnl8h0w,2026-09-11 04:15:06,CHANGE_ORDER_NEW_FLOW_REVIEW,MISSING_TERMINAL_SAP_EVIDENCE,10,,,1,1,paid,,RABBIT_LENDING,10,ITEM_SUBMISSION_STATUS_SUBMITTED,0,2,e24de736-1879-4071-8e52-d8eafa371f06,true,false,,,RCL newpayment membership applies only to Motor RCL; false for other flows is not a blocker.,2026-09-11 11:21:20,insurers/17,,,,,,EVENT_ABSENT,CHANGE_ORDER_RECEIPT,true,true,,,RCL_PAID_PERIOD_EXCLUDES_NEW_INVOICE,FIRST_APPLICABLE_OBSERVED_GROUP_NOT_EXHAUSTIVE,[],0,False,False,Identity+status only; no scheduling/import or accounting allocation assertion. Cancellation does not prove per-DocEntry multiplicity.
RECEIPT_LINK,SINGLE_ITEM_RAW_CHARGE_COMPARISON,ITEM_APPROVAL_STATUS_POLICY_UPLOADED,2026-09-26 16:06:06,2026-10-01,2026-09-01,Motor,,,,"[""chrg_68z999ygphcg388wf9x"",""2_chrg_68z999ygphcg388wf9x""]",10,ROUTING_CAUSE_CANDIDATE,60.0,80f57140-a876-4030-821b-5a6bfd0ffcd4,2026-09-11 07:09:37,60.0,0,,CURRENT_MONTH,PAID,RCL,1,false,true,false,1effc935-524c-4c97-ad00-9ee841e23a0b,LEAD_STATUS_PURCHASED,,,0,,MOTOR_TYPE_1,true,L80857199,L80857199-V1,1,2026-09-11 07:09:37,2026-09-11,PAYMENT_DATE,QR_CODE,INSTALLMENT,RABBIT_CARE_INSTALLMENT,2,products/car-insurance,chrg_68z999ygphcg388wf9x,2026-09-11 07:09:37,CHANGE_ORDER_NEW_FLOW_REVIEW,MISSING_TERMINAL_SAP_EVIDENCE,10,,,1,1,paid,,RABBIT_LENDING,10,ITEM_SUBMISSION_STATUS_SUBMITTED,0,2,b17597ac-99e8-4d18-9a10-1a78d8bc8b3d,true,false,,,RCL newpayment membership applies only to Motor RCL; false for other flows is not a blocker.,2026-09-11 14:28:45,insurers/27,,,,,,EVENT_ABSENT,CHANGE_ORDER_RECEIPT,true,true,,,RCL_PAID_PERIOD_EXCLUDES_NEW_INVOICE,FIRST_APPLICABLE_OBSERVED_GROUP_NOT_EXHAUSTIVE,[],0,False,False,Identity+status only; no scheduling/import or accounting allocation assertion. Cancellation does not prove per-DocEntry multiplicity.
RECEIPT_LINK,MULTI_ITEM_ALLOCATION_NOT_RECONCILED,ITEM_APPROVAL_STATUS_POLICY_UPLOADED,2026-09-26 16:06:06,2026-10-01,2026-09-01,Motor,,,,"[""chrg_68zclmbadgm3xmm3vc0"",""2_chrg_68zclmbadgm3xmm3vc0""]",10,ROUTING_CAUSE_CANDIDATE,1675.7,29eb0d24-5b6d-4492-82f7-c51f45f9975d,2026-09-11 10:53:39,,1,,CURRENT_MONTH,PAID,RCL,1,false,true,false,0ca3fbbd-40c5-4b78-8043-cd9d3f528ec6,LEAD_STATUS_PURCHASED,,,0,,MOTOR_TYPE_1,true,L80857552,L80857552-V1,2,2026-09-11 10:53:38,2026-09-11,PAYMENT_DATE,QR_CODE,INSTALLMENT,RABBIT_CARE_INSTALLMENT,2,products/car-insurance,chrg_68zclmbadgm3xmm3vc0,2026-09-11 10:53:38,CHANGE_ORDER_NEW_FLOW_REVIEW,MISSING_TERMINAL_SAP_EVIDENCE,10,,,1,1,paid,,RABBIT_LENDING,10,ITEM_SUBMISSION_STATUS_SUBMITTED,0,2,8eff5238-aebc-48d8-a3db-0f895ed64e34,true,false,,,RCL newpayment membership applies only to Motor RCL; false for other flows is not a blocker.,2026-09-11 18:08:34,insurers/17,,,,,,EVENT_ABSENT,CHANGE_ORDER_RECEIPT,true,true,,,RCL_PAID_PERIOD_EXCLUDES_NEW_INVOICE,FIRST_APPLICABLE_OBSERVED_GROUP_NOT_EXHAUSTIVE,[],0,False,False,Identity+status only; no scheduling/import or accounting allocation assertion. Cancellation does not prove per-DocEntry multiplicity.
RECEIPT_LINK,SINGLE_ITEM_RAW_CHARGE_COMPARISON,ITEM_APPROVAL_STATUS_POLICY_UPLOADED,2026-09-26 16:06:06,2026-10-01,2026-09-01,Motor,,,,"[""chrg_68zb0ixib1bsk4j3qyy"",""2_chrg_68zb0ixib1bsk4j3qyy""]",8,ROUTING_CAUSE_CANDIDATE,237.51,a0f443eb-16e8-4a62-a193-3c36efccbf51,2026-09-11 08:27:19,237.51,0,,CURRENT_MONTH,PAID,RCL,1,false,true,false,21a6f90c-8911-4f03-956f-afee41ef1715,LEAD_STATUS_PURCHASED,,,0,,MOTOR_TYPE_2_PLUS,true,L80858237,L80858237-V1,1,2026-09-11 08:27:18,2026-09-11,PAYMENT_DATE,QR_CODE,INSTALLMENT,RABBIT_CARE_INSTALLMENT,2,products/car-insurance,chrg_68zb0ixib1bsk4j3qyy,2026-09-11 08:27:18,CHANGE_ORDER_NEW_FLOW_REVIEW,MISSING_TERMINAL_SAP_EVIDENCE,8,,,1,1,paid,,RABBIT_LENDING,8,ITEM_SUBMISSION_STATUS_SUBMITTED,0,2,6a2b9886-6663-48d9-88c6-459be88b0bc4,true,false,,,RCL newpayment membership applies only to Motor RCL; false for other flows is not a blocker.,2026-09-11 17:23:49,insurers/27,,,,,,EVENT_ABSENT,CHANGE_ORDER_RECEIPT,true,true,,,RCL_PAID_PERIOD_EXCLUDES_NEW_INVOICE,FIRST_APPLICABLE_OBSERVED_GROUP_NOT_EXHAUSTIVE,[],0,False,False,Identity+status only; no scheduling/import or accounting allocation assertion. Cancellation does not prove per-DocEntry multiplicity.
RECEIPT_LINK,SINGLE_ITEM_RAW_CHARGE_COMPARISON,ITEM_APPROVAL_STATUS_PENDING,2026-09-26 16:06:06,2026-10-01,2026-09-01,Motor,2026-09-24,,2026-09-23 18:24:53,"[""chrg_68zc5pc5zdv09uqbo96"",""2_chrg_68zc5pc5zdv09uqbo96""]",10,ROUTING_CAUSE_CANDIDATE,147.05,ada001d6-09ec-4943-87d6-58a831276f83,2026-09-11 10:23:25,147.05,0,,CURRENT_MONTH,PAID,RCL,1,true,true,false,2396f3a1-4f1f-4649-9760-29987d4fb401,LEAD_STATUS_PURCHASED,,,0,,MOTOR_TYPE_1,true,L80860229,L80860229-V1,1,2026-09-11 10:23:24,2026-09-11,PAYMENT_DATE,QR_CODE,INSTALLMENT,RABBIT_CARE_INSTALLMENT,2,products/car-insurance,chrg_68zc5pc5zdv09uqbo96,2026-09-11 10:23:24,CHANGE_ORDER_NEW_FLOW_REVIEW,MISSING_TERMINAL_SAP_EVIDENCE,20,,,1,2,"cancelled,paid",,RABBIT_LENDING,10,ITEM_SUBMISSION_STATUS_SUBMITTED,0,2,47212282-eb07-411d-b893-95c652ee6a12,true,false,,,RCL newpayment membership applies only to Motor RCL; false for other flows is not a blocker.,2026-09-11 17:43:45,insurers/17,,,,,,EVENT_ABSENT,CHANGE_ORDER_RECEIPT,true,true,,,PAID_ON_CANCELLED_ITEM_REQUIRES_LIFECYCLE_REVIEW,INVESTIGATION_SCENARIO_NOT_PROVEN_SINGLE_CAUSE,[],0,False,False,Identity+status only; no scheduling/import or accounting allocation assertion. Cancellation does not prove per-DocEntry multiplicity.
RECEIPT_LINK,MULTI_ITEM_ALLOCATION_NOT_RECONCILED,ITEM_APPROVAL_STATUS_POLICY_UPLOADED,2026-09-26 16:06:06,2026-10-01,2026-09-01,Motor,,,,"[""chrg_68zcj11mrxqm9vweq93"",""2_chrg_68zcj11mrxqm9vweq93""]",10,ROUTING_CAUSE_CANDIDATE,30.0,0ffb90a6-2c08-4d76-bd92-5363282b9892,2026-09-11 10:44:49,,1,,CURRENT_MONTH,PAID,RCL,1,false,true,false,0cb980b6-de25-469b-b759-f2a9cc7cd953,LEAD_STATUS_PURCHASED,,,0,,MOTOR_TYPE_1,true,L80860234,L80860234-V1,2,2026-09-11 10:44:48,2026-09-11,PAYMENT_DATE,QR_CODE,INSTALLMENT,RABBIT_CARE_INSTALLMENT,2,products/car-insurance,chrg_68zcj11mrxqm9vweq93,2026-09-11 10:44:48,CHANGE_ORDER_NEW_FLOW_REVIEW,MISSING_TERMINAL_SAP_EVIDENCE,10,,,1,1,paid,,RABBIT_LENDING,10,ITEM_SUBMISSION_STATUS_SUBMITTED,0,2,3313ebfb-def4-4151-b20b-063a133734c9,true,false,,,RCL newpayment membership applies only to Motor RCL; false for other flows is not a blocker.,2026-09-11 17:49:48,insurers/28,,,,,,EVENT_ABSENT,CHANGE_ORDER_RECEIPT,true,true,,,RCL_PAID_PERIOD_EXCLUDES_NEW_INVOICE,FIRST_APPLICABLE_OBSERVED_GROUP_NOT_EXHAUSTIVE,[],0,False,False,Identity+status only; no scheduling/import or accounting allocation assertion. Cancellation does not prove per-DocEntry multiplicity.
RECEIPT_LINK,SINGLE_ITEM_RAW_CHARGE_COMPARISON,ITEM_APPROVAL_STATUS_POLICY_UPLOADED,2026-09-26 16:06:06,2026-10-01,2026-09-01,Motor,,,,"[""chrg_6904518rneivf6l1u7i"",""2_chrg_6904518rneivf6l1u7i""]",10,ROUTING_CAUSE_CANDIDATE,169.91,ae16084d-3cfd-43e2-8e0f-81e41b9ddf7a,2026-09-13 09:48:52,169.91,0,,CURRENT_MONTH,PAID,RCL,1,false,true,false,044870b7-9e48-4712-92fd-bc936e9b9511,LEAD_STATUS_PURCHASED,,,0,,MOTOR_TYPE_1,true,L80860683,L80860683-V1,1,2026-09-13 09:48:51,2026-09-13,PAYMENT_DATE,QR_CODE,INSTALLMENT,RABBIT_CARE_INSTALLMENT,2,products/car-insurance,chrg_6904518rneivf6l1u7i,2026-09-13 09:48:51,CHANGE_ORDER_NEW_FLOW_REVIEW,MISSING_TERMINAL_SAP_EVIDENCE,10,,,1,1,paid,,RABBIT_LENDING,10,ITEM_SUBMISSION_STATUS_SUBMITTED,0,2,915dbaa2-e097-459b-a40a-781416012893,true,false,,,RCL newpayment membership applies only to Motor RCL; false for other flows is not a blocker.,2026-09-14 14:33:50,insurers/28,,,,,,EVENT_ABSENT,CHANGE_ORDER_RECEIPT,true,true,,,RCL_PAID_PERIOD_EXCLUDES_NEW_INVOICE,FIRST_APPLICABLE_OBSERVED_GROUP_NOT_EXHAUSTIVE,[],0,False,False,Identity+status only; no scheduling/import or accounting allocation assertion. Cancellation does not prove per-DocEntry multiplicity.
RECEIPT_LINK,SINGLE_ITEM_RAW_CHARGE_COMPARISON,ITEM_APPROVAL_STATUS_PENDING,2026-09-26 16:06:06,2026-10-01,2026-09-01,Motor,2026-09-25,,2026-09-25 15:44:37,"[""chrg_68vc3spn04n023flt2f"",""2_chrg_68vc3spn04n023flt2f""]",8,ROUTING_CAUSE_CANDIDATE,1687.5,ff7eaf91-8751-4464-8850-3f9a42ceb72d,2026-09-01 04:38:47,1687.5,0,,CURRENT_MONTH,PAID,RCL,1,true,true,false,48ca19a0-a10e-4f72-8e4b-df0c72333647,LEAD_STATUS_PURCHASED,,,0,,MOTOR_TYPE_1,true,L80860685,L80860685-V1,1,2026-09-01 04:38:46,2026-09-01,PAYMENT_DATE,QR_CODE,INSTALLMENT,RABBIT_CARE_INSTALLMENT,1,products/car-insurance,chrg_68vc3spn04n023flt2f,2026-09-01 04:38:46,CHANGE_ORDER_NEW_FLOW_REVIEW,MISSING_TERMINAL_SAP_EVIDENCE,0,,,0,0,,,RABBIT_LENDING,8,ITEM_SUBMISSION_STATUS_PENDING,0,1,d944a362-a083-4804-9bb1-46108cdae1e4,true,true,,,RCL newpayment membership applies only to Motor RCL; false for other flows is not a blocker.,2026-09-25 15:43:25,insurers/35,,,,,,EVENT_ABSENT,CHANGE_ORDER_RECEIPT,false,false,false,,PAID_ON_CANCELLED_ITEM_REQUIRES_LIFECYCLE_REVIEW,INVESTIGATION_SCENARIO_NOT_PROVEN_SINGLE_CAUSE,[],0,False,False,Identity+status only; no scheduling/import or accounting allocation assertion. Cancellation does not prove per-DocEntry multiplicity.
RECEIPT_LINK,SINGLE_ITEM_RAW_CHARGE_COMPARISON,ITEM_APPROVAL_STATUS_POLICY_UPLOADED,2026-09-26 16:06:06,2026-10-01,2026-09-01,Motor,,,,"[""chrg_68zcpen0j8no6eo3gte"",""2_chrg_68zcpen0j8no6eo3gte""]",10,ROUTING_CAUSE_CANDIDATE,210.96,fc9a4a35-c86f-4d1d-b30e-f3e4fd248a6c,2026-09-11 11:27:27,210.96,0,,CURRENT_MONTH,PAID,RCL,1,false,true,false,cad15db4-2d53-49b7-85e4-b699f83c1850,LEAD_STATUS_PURCHASED,,,0,,MOTOR_TYPE_1,true,L80860768,L80860768-V1,1,2026-09-11 11:27:26,2026-09-11,PAYMENT_DATE,QR_CODE,INSTALLMENT,RABBIT_CARE_INSTALLMENT,2,products/car-insurance,chrg_68zcpen0j8no6eo3gte,2026-09-11 11:27:26,CHANGE_ORDER_NEW_FLOW_REVIEW,MISSING_TERMINAL_SAP_EVIDENCE,10,,,1,1,paid,,RABBIT_LENDING,10,ITEM_SUBMISSION_STATUS_SUBMITTED,0,2,feaaf778-f297-45fe-87ad-5a8e568ef062,true,false,,,RCL newpayment membership applies only to Motor RCL; false for other flows is not a blocker.,2026-09-11 18:29:20,insurers/17,,,,,,EVENT_ABSENT,CHANGE_ORDER_RECEIPT,true,true,,,RCL_PAID_PERIOD_EXCLUDES_NEW_INVOICE,FIRST_APPLICABLE_OBSERVED_GROUP_NOT_EXHAUSTIVE,[],0,False,False,Identity+status only; no scheduling/import or accounting allocation assertion. Cancellation does not prove per-DocEntry multiplicity.
RECEIPT_LINK,SINGLE_ITEM_RAW_CHARGE_COMPARISON,ITEM_APPROVAL_STATUS_PENDING,2026-09-26 16:06:06,2026-10-01,2026-09-01,NonMotor,2026-09-14,,2026-09-14 16:44:15,"[""chrg_68zbfq2cya97sjvsf8x""]",10,ROUTING_CAUSE_CANDIDATE,1074.0,0898005a-afbe-4907-bc46-de797f9c7c30,2026-09-11 08:53:34,1074.0,0,,CURRENT_MONTH,PAID,RCL,1,true,true,true,7b2f5eef-6e68-45e2-b09b-840f3339568f,,,,0,,,true,L80878738,L80878738-1,1,2026-09-11 08:53:34,2026-09-11,PAYMENT_DATE,QR_CODE,INSTALLMENT,RABBIT_CARE_INSTALLMENT,1,products/health-insurance,chrg_68zbfq2cya97sjvsf8x,2026-09-11 08:53:34,CHANGE_ORDER_NEW_FLOW_REVIEW,MISSING_TERMINAL_SAP_EVIDENCE,0,,,0,0,,,RABBIT_LENDING,10,ITEM_SUBMISSION_STATUS_PENDING,0,1,2b971b48-9434-4173-ab3b-8fcfca9a9354,false,false,,,RCL newpayment membership applies only to Motor RCL; false for other flows is not a blocker.,2026-09-14 16:38:32,insurers/34,,,,,,EVENT_ABSENT,CHANGE_ORDER_RECEIPT,false,false,false,,PAID_ON_CANCELLED_ITEM_REQUIRES_LIFECYCLE_REVIEW,INVESTIGATION_SCENARIO_NOT_PROVEN_SINGLE_CAUSE,[],0,False,False,Identity+status only; no scheduling/import or accounting allocation assertion. Cancellation does not prove per-DocEntry multiplicity.
RECEIPT_LINK,SINGLE_ITEM_RAW_CHARGE_COMPARISON,ITEM_APPROVAL_STATUS_POLICY_UPLOADED,2026-09-26 16:06:06,2026-10-01,2026-09-01,Motor,,,,"[""chrg_690j9xloq354qf19a77"",""2_chrg_690j9xloq354qf19a77""]",10,ROUTING_CAUSE_CANDIDATE,310.83,55844315-917a-4043-a06e-7f505561776c,2026-09-14 11:41:20,310.83,0,,CURRENT_MONTH,PAID,RCL,1,false,true,false,c2d16d60-393c-4b7c-bcc9-da9eeeaf0a63,LEAD_STATUS_PURCHASED,,,0,,MOTOR_TYPE_1,true,L80880798,L80880798-V1,1,2026-09-14 11:41:19,2026-09-14,PAYMENT_DATE,QR_CODE,INSTALLMENT,RABBIT_CARE_INSTALLMENT,2,products/car-insurance,chrg_690j9xloq354qf19a77,2026-09-14 11:41:19,CHANGE_ORDER_NEW_FLOW_REVIEW,MISSING_TERMINAL_SAP_EVIDENCE,10,,,1,1,paid,,RABBIT_LENDING,10,ITEM_SUBMISSION_STATUS_SUBMITTED,0,2,357e7d9b-1fe2-4c8c-ae1c-b1e14c29ad3a,true,false,,,RCL newpayment membership applies only to Motor RCL; false for other flows is not a blocker.,2026-09-14 18:56:03,insurers/28,,,,,,EVENT_ABSENT,CHANGE_ORDER_RECEIPT,true,true,,,RCL_PAID_PERIOD_EXCLUDES_NEW_INVOICE,FIRST_APPLICABLE_OBSERVED_GROUP_NOT_EXHAUSTIVE,[],0,False,False,Identity+status only; no scheduling/import or accounting allocation assertion. Cancellation does not prove per-DocEntry multiplicity.
RECEIPT_LINK,SINGLE_ITEM_RAW_CHARGE_COMPARISON,ITEM_APPROVAL_STATUS_POLICY_UPLOADED,2026-09-26 16:06:06,2026-10-01,2026-09-01,Motor,,,,"[""chrg_690tjbpj0bgnrrnb8l8"",""2_chrg_690tjbpj0bgnrrnb8l8""]",6,ROUTING_CAUSE_CANDIDATE,199.8,3b48933b-1a22-4d8a-8b67-9798891e45f8,2026-09-15 05:08:34,199.8,0,,CURRENT_MONTH,PAID,RCL,1,false,true,false,e695a529-cfea-4fde-b86f-9a187be215e3,LEAD_STATUS_PURCHASED,,,0,,MOTOR_TYPE_1,true,L80883904,L80883904-V1,1,2026-09-15 05:08:33,2026-09-15,PAYMENT_DATE,QR_CODE,INSTALLMENT,RABBIT_CARE_INSTALLMENT,2,products/car-insurance,chrg_690tjbpj0bgnrrnb8l8,2026-09-15 05:08:33,CHANGE_ORDER_NEW_FLOW_REVIEW,MISSING_TERMINAL_SAP_EVIDENCE,6,,,1,1,paid,,RABBIT_LENDING,6,ITEM_SUBMISSION_STATUS_SUBMITTED,0,2,af69292f-aa03-4ec2-a212-6b8a39e0368c,true,false,,,RCL newpayment membership applies only to Motor RCL; false for other flows is not a blocker.,2026-09-15 12:28:25,insurers/7,,,,,,EVENT_ABSENT,CHANGE_ORDER_RECEIPT,true,true,,,RCL_PAID_PERIOD_EXCLUDES_NEW_INVOICE,FIRST_APPLICABLE_OBSERVED_GROUP_NOT_EXHAUSTIVE,[],0,False,False,Identity+status only; no scheduling/import or accounting allocation assertion. Cancellation does not prove per-DocEntry multiplicity.
RECEIPT_LINK,SINGLE_ITEM_RAW_CHARGE_COMPARISON,ITEM_APPROVAL_STATUS_POLICY_UPLOADED,2026-09-26 16:06:06,2026-10-01,2026-09-01,Motor,,,,"[""chrg_690tledw1t7g41mxw6a"",""2_chrg_690tledw1t7g41mxw6a""]",3,ROUTING_CAUSE_CANDIDATE,388.22,c5f984cf-49b3-4e02-a921-79c1004c1834,2026-09-15 05:14:31,388.22,0,,CURRENT_MONTH,PAID,RCL,1,false,true,false,2830cc8a-baad-4a2b-9107-d8dbe12684e4,LEAD_STATUS_PURCHASED,,,0,,MOTOR_TYPE_1,true,L80883905,L80883905-V1,1,2026-09-15 05:14:31,2026-09-15,PAYMENT_DATE,QR_CODE,INSTALLMENT,RABBIT_CARE_INSTALLMENT,2,products/car-insurance,chrg_690tledw1t7g41mxw6a,2026-09-15 05:14:31,CHANGE_ORDER_NEW_FLOW_REVIEW,MISSING_TERMINAL_SAP_EVIDENCE,3,,,1,1,paid,,RABBIT_LENDING,3,ITEM_SUBMISSION_STATUS_SUBMITTED,0,2,132f7b54-db5e-48fb-a913-c4b763896485,true,false,,,RCL newpayment membership applies only to Motor RCL; false for other flows is not a blocker.,2026-09-15 12:19:42,insurers/25,,,,,,EVENT_ABSENT,CHANGE_ORDER_RECEIPT,true,true,,,RCL_PAID_PERIOD_EXCLUDES_NEW_INVOICE,FIRST_APPLICABLE_OBSERVED_GROUP_NOT_EXHAUSTIVE,[],0,False,False,Identity+status only; no scheduling/import or accounting allocation assertion. Cancellation does not prove per-DocEntry multiplicity.
RECEIPT_LINK,SINGLE_ITEM_RAW_CHARGE_COMPARISON,ITEM_APPROVAL_STATUS_POLICY_UPLOADED,2026-09-26 16:06:06,2026-10-01,2026-09-01,Motor,,,,"[""chrg_690trirrzqd007lnioi"",""2_chrg_690trirrzqd007lnioi""]",6,ROUTING_CAUSE_CANDIDATE,227.52,6ddf3fec-59a5-410f-b344-70436ff8b6c6,2026-09-15 06:44:21,227.52,0,,CURRENT_MONTH,PAID,RCL,1,false,true,false,439dd398-52f5-4f25-ba07-0180698aaea5,LEAD_STATUS_PURCHASED,,,0,,MOTOR_TYPE_2_PLUS,true,L80883963,L80883963-V1,1,2026-09-15 06:44:20,2026-09-15,PAYMENT_DATE,QR_CODE,INSTALLMENT,RABBIT_CARE_INSTALLMENT,2,products/car-insurance,chrg_690trirrzqd007lnioi,2026-09-15 06:44:20,CHANGE_ORDER_NEW_FLOW_REVIEW,MISSING_TERMINAL_SAP_EVIDENCE,6,,,1,1,paid,,RABBIT_LENDING,6,ITEM_SUBMISSION_STATUS_SUBMITTED,0,2,62c313bf-a1cf-4e2b-8cdf-79b23a16fcaf,true,false,,,RCL newpayment membership applies only to Motor RCL; false for other flows is not a blocker.,2026-09-15 14:23:51,insurers/7,,,,,,EVENT_ABSENT,CHANGE_ORDER_RECEIPT,true,true,,,RCL_PAID_PERIOD_EXCLUDES_NEW_INVOICE,FIRST_APPLICABLE_OBSERVED_GROUP_NOT_EXHAUSTIVE,[],0,False,False,Identity+status only; no scheduling/import or accounting allocation assertion. Cancellation does not prove per-DocEntry multiplicity.
RECEIPT_LINK,MULTI_ITEM_ALLOCATION_NOT_RECONCILED,ITEM_APPROVAL_STATUS_POLICY_UPLOADED,2026-09-26 16:06:06,2026-10-01,2026-09-01,Motor,,,,"[""chrg_6917409j15sabs49meb"",""2_chrg_6917409j15sabs49meb""]",6,ROUTING_CAUSE_CANDIDATE,223.05,735d96cf-7182-42b1-9153-ea12ae81805d,2026-09-16 04:15:03,,1,,CURRENT_MONTH,PAID,RCL,1,false,true,false,4c93204a-a552-4dcc-b0a7-8b387144bf50,LEAD_STATUS_PURCHASED,,,0,,MOTOR_TYPE_1,true,L80885818,L80885818-V1,2,2026-09-16 04:15:02,2026-09-16,PAYMENT_DATE,QR_CODE,INSTALLMENT,RABBIT_CARE_INSTALLMENT,2,products/car-insurance,chrg_6917409j15sabs49meb,2026-09-16 04:15:02,CHANGE_ORDER_NEW_FLOW_REVIEW,MISSING_TERMINAL_SAP_EVIDENCE,6,,,1,1,paid,,RABBIT_LENDING,6,ITEM_SUBMISSION_STATUS_SUBMITTED,0,2,b67ad6c8-5d26-4911-880a-ef7bcbaad538,true,false,,,RCL newpayment membership applies only to Motor RCL; false for other flows is not a blocker.,2026-09-17 09:46:35,insurers/27,,,,,,EVENT_ABSENT,CHANGE_ORDER_RECEIPT,true,true,,,RCL_PAID_PERIOD_EXCLUDES_NEW_INVOICE,FIRST_APPLICABLE_OBSERVED_GROUP_NOT_EXHAUSTIVE,[],0,False,False,Identity+status only; no scheduling/import or accounting allocation assertion. Cancellation does not prove per-DocEntry multiplicity.
RECEIPT_LINK,SINGLE_ITEM_RAW_CHARGE_COMPARISON,ITEM_APPROVAL_STATUS_POLICY_UPLOADED,2026-09-26 16:06:06,2026-10-01,2026-09-01,Motor,,,,"[""chrg_690wom58ofjda8nwkrs"",""2_chrg_690wom58ofjda8nwkrs""]",6,ROUTING_CAUSE_CANDIDATE,333.35,7cf8c525-0187-4ab0-a70d-11875a045aac,2026-09-15 10:30:47,333.35,0,,CURRENT_MONTH,PAID,RCL,1,false,true,false,aaf50ff9-5a20-47fa-a82c-3d5ce6f19a80,LEAD_STATUS_PURCHASED,,,0,,MOTOR_TYPE_3_PLUS,true,L80886045,L80886045-V1,1,2026-09-15 10:30:47,2026-09-15,PAYMENT_DATE,QR_CODE,INSTALLMENT,RABBIT_CARE_INSTALLMENT,2,products/car-insurance,chrg_690wom58ofjda8nwkrs,2026-09-15 10:30:47,CHANGE_ORDER_NEW_FLOW_REVIEW,MISSING_TERMINAL_SAP_EVIDENCE,6,,,1,1,paid,,RABBIT_LENDING,6,ITEM_SUBMISSION_STATUS_SUBMITTED,0,2,258859ff-38fc-4508-b35f-a0319a7d2e24,true,false,,,RCL newpayment membership applies only to Motor RCL; false for other flows is not a blocker.,2026-09-15 17:42:52,insurers/35,,,,,,EVENT_ABSENT,CHANGE_ORDER_RECEIPT,true,true,,,RCL_PAID_PERIOD_EXCLUDES_NEW_INVOICE,FIRST_APPLICABLE_OBSERVED_GROUP_NOT_EXHAUSTIVE,[],0,False,False,Identity+status only; no scheduling/import or accounting allocation assertion. Cancellation does not prove per-DocEntry multiplicity.
RECEIPT_LINK,SINGLE_ITEM_RAW_CHARGE_COMPARISON,ITEM_APPROVAL_STATUS_POLICY_UPLOADED,2026-09-26 16:06:06,2026-10-01,2026-09-01,Motor,,,,"[""chrg_6917etdlzamy3yeo8jp"",""2_chrg_6917etdlzamy3yeo8jp""]",8,ROUTING_CAUSE_CANDIDATE,237.52,e40afb28-415f-4080-acad-3d263d31489b,2026-09-16 04:46:47,237.52,0,,CURRENT_MONTH,PAID,RCL,1,false,true,false,f82444a5-8d2b-498d-bc55-4e2a61946ffb,LEAD_STATUS_PURCHASED,,,0,,MOTOR_TYPE_1,true,L80889479,L80889479-V1,1,2026-09-16 04:46:46,2026-09-16,PAYMENT_DATE,QR_CODE,INSTALLMENT,RABBIT_CARE_INSTALLMENT,2,products/car-insurance,chrg_6917etdlzamy3yeo8jp,2026-09-16 04:46:46,CHANGE_ORDER_NEW_FLOW_REVIEW,MISSING_TERMINAL_SAP_EVIDENCE,8,,,1,1,paid,,RABBIT_LENDING,8,ITEM_SUBMISSION_STATUS_SUBMITTED,0,2,550dec64-44ad-41df-be43-f2ad395d0328,true,false,,,RCL newpayment membership applies only to Motor RCL; false for other flows is not a blocker.,2026-09-16 12:10:16,insurers/28,,,,,,EVENT_ABSENT,CHANGE_ORDER_RECEIPT,true,true,,,RCL_PAID_PERIOD_EXCLUDES_NEW_INVOICE,FIRST_APPLICABLE_OBSERVED_GROUP_NOT_EXHAUSTIVE,[],0,False,False,Identity+status only; no scheduling/import or accounting allocation assertion. Cancellation does not prove per-DocEntry multiplicity.
RECEIPT_LINK,SINGLE_ITEM_RAW_CHARGE_COMPARISON,ITEM_APPROVAL_STATUS_POLICY_UPLOADED,2026-09-26 16:06:06,2026-10-01,2026-09-01,Motor,,,,"[""chrg_6918sp5rin5yvxdegbk"",""2_chrg_6918sp5rin5yvxdegbk""]",8,ROUTING_CAUSE_CANDIDATE,237.5,84180452-e6b6-48f1-ae0b-05d4a59b36da,2026-09-16 07:23:18,237.5,0,,CURRENT_MONTH,PAID,RCL,1,false,true,false,03537949-113e-46c0-b2c0-167593e8ee09,LEAD_STATUS_PURCHASED,,,0,,MOTOR_TYPE_1,true,L80891318,L80891318-V1,1,2026-09-16 07:23:17,2026-09-16,PAYMENT_DATE,QR_CODE,INSTALLMENT,RABBIT_CARE_INSTALLMENT,2,products/car-insurance,chrg_6918sp5rin5yvxdegbk,2026-09-16 07:23:17,CHANGE_ORDER_NEW_FLOW_REVIEW,MISSING_TERMINAL_SAP_EVIDENCE,8,,,1,1,paid,,RABBIT_LENDING,8,ITEM_SUBMISSION_STATUS_SUBMITTED,0,2,19599f5f-2c7b-4652-aead-6c9191be468c,true,false,,,RCL newpayment membership applies only to Motor RCL; false for other flows is not a blocker.,2026-09-16 14:38:22,insurers/28,,,,,,EVENT_ABSENT,CHANGE_ORDER_RECEIPT,true,true,,,RCL_PAID_PERIOD_EXCLUDES_NEW_INVOICE,FIRST_APPLICABLE_OBSERVED_GROUP_NOT_EXHAUSTIVE,[],0,False,False,Identity+status only; no scheduling/import or accounting allocation assertion. Cancellation does not prove per-DocEntry multiplicity.
RECEIPT_LINK,SINGLE_ITEM_RAW_CHARGE_COMPARISON,ITEM_APPROVAL_STATUS_PENDING,2026-09-26 16:06:06,2026-10-01,2026-09-01,Motor,,,,"[""chrg_691928o6cclu2mxa68i"",""2_chrg_691928o6cclu2mxa68i""]",10,ROUTING_CAUSE_CANDIDATE,280.06,f0d0dd9c-f869-44bc-b4c2-ed9c19194577,2026-09-16 07:37:58,280.06,0,,CURRENT_MONTH,PAID,RCL,1,false,true,false,ad612c8d-d076-4077-ba85-4c689be6eea6,LEAD_STATUS_PURCHASED,,,0,,MOTOR_TYPE_1,true,L80891350,L80891350-V1,1,2026-09-16 07:37:58,2026-09-16,PAYMENT_DATE,QR_CODE,INSTALLMENT,RABBIT_CARE_INSTALLMENT,2,products/car-insurance,chrg_691928o6cclu2mxa68i,2026-09-16 07:37:58,CHANGE_ORDER_NEW_FLOW_REVIEW,MISSING_TERMINAL_SAP_EVIDENCE,10,,,1,1,paid,,RABBIT_LENDING,10,ITEM_SUBMISSION_STATUS_SUBMITTED,0,2,aeb09b01-f54b-4ce7-9309-2a64b7433b28,true,false,,,RCL newpayment membership applies only to Motor RCL; false for other flows is not a blocker.,2026-09-16 14:42:57,insurers/17,,,,,,EVENT_ABSENT,CHANGE_ORDER_RECEIPT,true,true,,,RCL_PAID_PERIOD_EXCLUDES_NEW_INVOICE,FIRST_APPLICABLE_OBSERVED_GROUP_NOT_EXHAUSTIVE,[],0,False,False,Identity+status only; no scheduling/import or accounting allocation assertion. Cancellation does not prove per-DocEntry multiplicity.
RECEIPT_LINK,SINGLE_ITEM_RAW_CHARGE_COMPARISON,ITEM_APPROVAL_STATUS_PENDING,2026-09-26 16:06:06,2026-10-01,2026-09-01,Motor,2026-09-23,,2026-09-23 13:46:38,"[""chrg_68wwbrbzfismd8af08b"",""2_chrg_68wwbrbzfismd8af08b""]",10,ROUTING_CAUSE_CANDIDATE,1510.0,df8245b4-5101-403d-96fa-f173674a600a,2026-09-05 04:34:10,1510.0,0,,CURRENT_MONTH,PAID,RCL,1,true,true,false,0b4dd30e-cfb8-4278-a45c-25034db67f88,LEAD_STATUS_PURCHASED,,,0,,MOTOR_TYPE_1,true,L80896379,L80896379-V1,1,2026-09-05 04:34:10,2026-09-05,PAYMENT_DATE,QR_CODE,INSTALLMENT,RABBIT_CARE_INSTALLMENT,1,products/car-insurance,chrg_68wwbrbzfismd8af08b,2026-09-05 04:34:10,CHANGE_ORDER_NEW_FLOW_REVIEW,MISSING_TERMINAL_SAP_EVIDENCE,0,,,0,0,,,RABBIT_LENDING,10,ITEM_SUBMISSION_STATUS_PENDING,0,1,d7ab688d-57b1-4198-8594-101c330666dc,true,true,,,RCL newpayment membership applies only to Motor RCL; false for other flows is not a blocker.,2026-09-23 11:40:32,insurers/7,,,,,,EVENT_ABSENT,CHANGE_ORDER_RECEIPT,false,false,false,,PAID_ON_CANCELLED_ITEM_REQUIRES_LIFECYCLE_REVIEW,INVESTIGATION_SCENARIO_NOT_PROVEN_SINGLE_CAUSE,[],0,False,False,Identity+status only; no scheduling/import or accounting allocation assertion. Cancellation does not prove per-DocEntry multiplicity.
RECEIPT_LINK,SINGLE_ITEM_RAW_CHARGE_COMPARISON,ITEM_APPROVAL_STATUS_PENDING,2026-09-26 16:06:06,2026-10-01,2026-09-01,Motor,,,,"[""chrg_691nz14n251bjaaj5qz"",""2_chrg_691nz14n251bjaaj5qz""]",6,ROUTING_CAUSE_CANDIDATE,240.36,8ba490b2-d5a1-4e62-a464-22a9d816a92e,2026-09-17 09:02:38,240.36,0,,CURRENT_MONTH,PAID,RCL,1,false,true,false,425a842a-eed9-4b66-a89f-6ad13628210d,LEAD_STATUS_PURCHASED,,,0,,MOTOR_TYPE_1,true,L80897523,L80897523-V1,1,2026-09-17 09:02:37,2026-09-17,PAYMENT_DATE,QR_CODE,INSTALLMENT,RABBIT_CARE_INSTALLMENT,2,products/car-insurance,chrg_691nz14n251bjaaj5qz,2026-09-17 09:02:37,CHANGE_ORDER_NEW_FLOW_REVIEW,MISSING_TERMINAL_SAP_EVIDENCE,6,,,1,1,paid,,RABBIT_LENDING,6,ITEM_SUBMISSION_STATUS_SUBMITTED,0,2,c51b8b9f-f682-4bbe-a27c-3ff585fc767a,true,false,,,RCL newpayment membership applies only to Motor RCL; false for other flows is not a blocker.,2026-09-17 16:19:24,insurers/1,,,,,,EVENT_ABSENT,CHANGE_ORDER_RECEIPT,true,true,,,RCL_PAID_PERIOD_EXCLUDES_NEW_INVOICE,FIRST_APPLICABLE_OBSERVED_GROUP_NOT_EXHAUSTIVE,[],0,False,False,Identity+status only; no scheduling/import or accounting allocation assertion. Cancellation does not prove per-DocEntry multiplicity.
RECEIPT_LINK,SINGLE_ITEM_RAW_CHARGE_COMPARISON,ITEM_APPROVAL_STATUS_PENDING,2026-09-26 16:06:06,2026-10-01,2026-09-01,Motor,,,,"[""chrg_691zsn1j1l5mgzkauou"",""2_chrg_691zsn1j1l5mgzkauou""]",10,ROUTING_CAUSE_CANDIDATE,154.33,b2a6502f-4c83-4a58-9fcd-81b3f2689080,2026-09-18 11:40:31,154.33,0,,CURRENT_MONTH,PAID,RCL,1,false,true,false,ff8722a6-84be-4d33-bce1-9044e2114e27,LEAD_STATUS_PURCHASED,,,0,,MOTOR_TYPE_1,true,L80901491,L80901491-V1,1,2026-09-18 11:40:30,2026-09-18,PAYMENT_DATE,QR_CODE,INSTALLMENT,RABBIT_CARE_INSTALLMENT,2,products/car-insurance,chrg_691zsn1j1l5mgzkauou,2026-09-18 11:40:30,CHANGE_ORDER_NEW_FLOW_REVIEW,MISSING_TERMINAL_SAP_EVIDENCE,10,,,1,1,paid,,RABBIT_LENDING,10,ITEM_SUBMISSION_STATUS_SUBMITTED,0,2,4f2df20e-b8ef-4560-8d89-74d29295a5cd,true,false,,,RCL newpayment membership applies only to Motor RCL; false for other flows is not a blocker.,2026-09-18 18:50:47,insurers/17,,,,,,EVENT_ABSENT,CHANGE_ORDER_RECEIPT,true,true,,,RCL_PAID_PERIOD_EXCLUDES_NEW_INVOICE,FIRST_APPLICABLE_OBSERVED_GROUP_NOT_EXHAUSTIVE,[],0,False,False,Identity+status only; no scheduling/import or accounting allocation assertion. Cancellation does not prove per-DocEntry multiplicity.
RECEIPT_LINK,SINGLE_ITEM_RAW_CHARGE_COMPARISON,ITEM_APPROVAL_STATUS_PENDING,2026-09-26 16:06:06,2026-10-01,2026-09-01,Motor,2026-09-19,,2026-09-18 18:03:56,"[""chrg_68ywwpr57r1enpxh71g"",""2_chrg_68ywwpr57r1enpxh71g""]",6,ROUTING_CAUSE_CANDIDATE,1250.09,3cd5327f-1b52-418f-82e6-4340675a2eac,2026-09-10 08:08:03,1250.09,0,,CURRENT_MONTH,PAID,RCL,1,true,true,true,9c2c6eb7-989a-4df0-8b3d-d7ed11d72394,LEAD_STATUS_PURCHASED,,,0,,MOTOR_TYPE_2_PLUS,true,L80902882,L80902882-V1,1,2026-09-10 08:08:02,2026-09-10,PAYMENT_DATE,QR_CODE,INSTALLMENT,RABBIT_CARE_INSTALLMENT,1,products/car-insurance,chrg_68ywwpr57r1enpxh71g,2026-09-10 08:08:02,CHANGE_ORDER_NEW_FLOW_REVIEW,MISSING_TERMINAL_SAP_EVIDENCE,0,,,0,0,,,RABBIT_LENDING,6,ITEM_SUBMISSION_STATUS_PENDING,0,1,b39f7d04-050a-422e-bdc8-f1fd637b4aba,true,true,,,RCL newpayment membership applies only to Motor RCL; false for other flows is not a blocker.,2026-09-18 15:34:10,insurers/7,,,,,,EVENT_ABSENT,CHANGE_ORDER_RECEIPT,false,false,false,,PAID_ON_CANCELLED_ITEM_REQUIRES_LIFECYCLE_REVIEW,INVESTIGATION_SCENARIO_NOT_PROVEN_SINGLE_CAUSE,[],0,False,False,Identity+status only; no scheduling/import or accounting allocation assertion. Cancellation does not prove per-DocEntry multiplicity.
RECEIPT_LINK,SINGLE_ITEM_RAW_CHARGE_COMPARISON,ITEM_APPROVAL_STATUS_PENDING,2026-09-26 16:06:06,2026-10-01,2026-09-01,Motor,2026-09-19,,2026-09-18 18:03:56,"[""chrg_6921ng8hxallij5qu06"",""2_chrg_6921ng8hxallij5qu06""]",6,ROUTING_CAUSE_CANDIDATE,133.26,d635fb4f-905a-442a-9dac-32b785f00a25,2026-09-18 08:20:04,133.26,0,,CURRENT_MONTH,PAID,RCL,1,true,true,true,9c2c6eb7-989a-4df0-8b3d-d7ed11d72394,LEAD_STATUS_PURCHASED,,,0,,MOTOR_TYPE_2_PLUS,true,L80902882,L80902882-V1,1,2026-09-18 08:20:03,2026-09-18,PAYMENT_DATE,QR_CODE,INSTALLMENT,RABBIT_CARE_INSTALLMENT,2,products/car-insurance,chrg_6921ng8hxallij5qu06,2026-09-18 08:20:03,CHANGE_ORDER_NEW_FLOW_REVIEW,MISSING_TERMINAL_SAP_EVIDENCE,0,,,0,0,,,RABBIT_LENDING,6,ITEM_SUBMISSION_STATUS_PENDING,0,2,b39f7d04-050a-422e-bdc8-f1fd637b4aba,true,true,,,RCL newpayment membership applies only to Motor RCL; false for other flows is not a blocker.,2026-09-18 15:34:10,insurers/7,,,,,,EVENT_ABSENT,CHANGE_ORDER_RECEIPT,false,false,false,,PAID_ON_CANCELLED_ITEM_REQUIRES_LIFECYCLE_REVIEW,INVESTIGATION_SCENARIO_NOT_PROVEN_SINGLE_CAUSE,[],0,False,False,Identity+status only; no scheduling/import or accounting allocation assertion. Cancellation does not prove per-DocEntry multiplicity.
RECEIPT_LINK,SINGLE_ITEM_RAW_CHARGE_COMPARISON,ITEM_APPROVAL_STATUS_PENDING,2026-09-26 16:06:06,2026-10-01,2026-09-01,Motor,2026-09-21,,2026-09-21 14:14:03,"[""chrg_6921ng8hxallij5qu06"",""2_chrg_6921ng8hxallij5qu06""]",6,ROUTING_CAUSE_CANDIDATE,133.26,a6b94756-6daf-411b-b015-9e51f4e9822b,2026-09-18 08:20:04,133.26,0,,CURRENT_MONTH,PAID,RCL,1,true,true,true,560acfb5-cd31-4c21-a174-a8e7e133b0dc,LEAD_STATUS_PURCHASED,,,0,,MOTOR_TYPE_2_PLUS,true,L80905339,L80905339-V1,1,2026-09-18 08:20:03,2026-09-18,PAYMENT_DATE,QR_CODE,INSTALLMENT,RABBIT_CARE_INSTALLMENT,2,products/car-insurance,chrg_6921ng8hxallij5qu06,2026-09-18 08:20:03,CHANGE_ORDER_NEW_FLOW_REVIEW,MISSING_TERMINAL_SAP_EVIDENCE,12,,,1,2,"cancelled (change order / rejected),paid",,RABBIT_LENDING,6,ITEM_SUBMISSION_STATUS_SUBMITTED,0,2,e044d133-637c-47a6-9fa0-37960e1b36e1,true,false,,,RCL newpayment membership applies only to Motor RCL; false for other flows is not a blocker.,2026-09-18 18:19:56,insurers/7,,,,,,EVENT_ABSENT,CHANGE_ORDER_RECEIPT,true,true,,,PAID_ON_CANCELLED_ITEM_REQUIRES_LIFECYCLE_REVIEW,INVESTIGATION_SCENARIO_NOT_PROVEN_SINGLE_CAUSE,[],0,False,False,Identity+status only; no scheduling/import or accounting allocation assertion. Cancellation does not prove per-DocEntry multiplicity.
RECEIPT_LINK,SINGLE_ITEM_RAW_CHARGE_COMPARISON,ITEM_APPROVAL_STATUS_PENDING,2026-09-26 16:06:06,2026-10-01,2026-09-01,Motor,,,,"[""chrg_6936ym6oat041huxuzc"",""2_chrg_6936ym6oat041huxuzc""]",10,ROUTING_CAUSE_CANDIDATE,60.0,6758fde4-0d2c-4007-8efa-c8f3b0a8105c,2026-09-21 06:42:10,60.0,0,,CURRENT_MONTH,PAID,RCL,1,false,true,false,5974cc26-0980-4b49-b337-c72ae98dfec8,LEAD_STATUS_PURCHASED,,,0,,MOTOR_TYPE_1,true,L80910826,L80910826-V1,1,2026-09-21 06:42:10,2026-09-21,PAYMENT_DATE,QR_CODE,INSTALLMENT,RABBIT_CARE_INSTALLMENT,2,products/car-insurance,chrg_6936ym6oat041huxuzc,2026-09-21 06:42:10,CHANGE_ORDER_NEW_FLOW_REVIEW,MISSING_TERMINAL_SAP_EVIDENCE,10,,,1,1,paid,,RABBIT_LENDING,10,ITEM_SUBMISSION_STATUS_SUBMITTED,0,2,1dd1f529-73d5-4a10-84d1-4f63d45978d6,true,false,,,RCL newpayment membership applies only to Motor RCL; false for other flows is not a blocker.,2026-09-22 09:35:10,insurers/28,,,,,,EVENT_ABSENT,CHANGE_ORDER_RECEIPT,true,true,,,RCL_PAID_PERIOD_EXCLUDES_NEW_INVOICE,FIRST_APPLICABLE_OBSERVED_GROUP_NOT_EXHAUSTIVE,[],0,False,False,Identity+status only; no scheduling/import or accounting allocation assertion. Cancellation does not prove per-DocEntry multiplicity.
RECEIPT_LINK,SINGLE_ITEM_RAW_CHARGE_COMPARISON,ITEM_APPROVAL_STATUS_POLICY_UPLOADED,2026-09-26 16:06:06,2026-10-01,2026-09-01,Motor,,,,"[""chrg_6937k161m2354osnn35"",""2_chrg_6937k161m2354osnn35""]",6,ROUTING_CAUSE_CANDIDATE,66.67,01c09204-b4ea-474f-898c-b9ce42edb1ab,2026-09-21 07:49:39,66.67,0,,CURRENT_MONTH,PAID,RCL,1,false,true,false,2e94561e-e9a4-4bcc-9a1c-4b6f11a3f027,LEAD_STATUS_PURCHASED,,,0,,MOTOR_TYPE_2_PLUS,true,L80911529,L80911529-V1,1,2026-09-21 07:49:39,2026-09-21,PAYMENT_DATE,QR_CODE,INSTALLMENT,RABBIT_CARE_INSTALLMENT,3,products/car-insurance,chrg_6937k161m2354osnn35,2026-09-21 07:49:39,CHANGE_ORDER_NEW_FLOW_REVIEW,MISSING_TERMINAL_SAP_EVIDENCE,6,,,1,1,paid,,RABBIT_LENDING,6,ITEM_SUBMISSION_STATUS_SUBMITTED,0,3,c6937176-57ae-4cda-ba83-9e43e8d39f1c,true,false,,,RCL newpayment membership applies only to Motor RCL; false for other flows is not a blocker.,2026-09-21 14:54:17,insurers/28,,,,,,EVENT_ABSENT,CHANGE_ORDER_RECEIPT,true,true,,,RCL_PAID_PERIOD_EXCLUDES_NEW_INVOICE,FIRST_APPLICABLE_OBSERVED_GROUP_NOT_EXHAUSTIVE,[],0,False,False,Identity+status only; no scheduling/import or accounting allocation assertion. Cancellation does not prove per-DocEntry multiplicity.
RECEIPT_LINK,SINGLE_ITEM_RAW_CHARGE_COMPARISON,ITEM_APPROVAL_STATUS_POLICY_UPLOADED,2026-09-26 16:06:06,2026-10-01,2026-09-01,Motor,,,,"[""chrg_6921ng8hxallij5qu06"",""2_chrg_6921ng8hxallij5qu06""]",6,ROUTING_CAUSE_CANDIDATE,133.26,14d48229-fdd1-46b5-b882-11000ae5a9e9,2026-09-18 08:20:04,133.26,0,,CURRENT_MONTH,PAID,RCL,1,false,true,false,2e94561e-e9a4-4bcc-9a1c-4b6f11a3f027,LEAD_STATUS_PURCHASED,,,0,,MOTOR_TYPE_2_PLUS,true,L80911529,L80911529-V1,1,2026-09-18 08:20:03,2026-09-18,PAYMENT_DATE,QR_CODE,INSTALLMENT,RABBIT_CARE_INSTALLMENT,2,products/car-insurance,chrg_6921ng8hxallij5qu06,2026-09-18 08:20:03,CHANGE_ORDER_NEW_FLOW_REVIEW,MISSING_TERMINAL_SAP_EVIDENCE,6,,,1,1,paid,,RABBIT_LENDING,6,ITEM_SUBMISSION_STATUS_SUBMITTED,0,2,c6937176-57ae-4cda-ba83-9e43e8d39f1c,true,false,,,RCL newpayment membership applies only to Motor RCL; false for other flows is not a blocker.,2026-09-21 14:54:17,insurers/28,,,,,,EVENT_ABSENT,CHANGE_ORDER_RECEIPT,true,true,,,RCL_PAID_PERIOD_EXCLUDES_NEW_INVOICE,FIRST_APPLICABLE_OBSERVED_GROUP_NOT_EXHAUSTIVE,[],0,False,False,Identity+status only; no scheduling/import or accounting allocation assertion. Cancellation does not prove per-DocEntry multiplicity.
RECEIPT_LINK,SINGLE_ITEM_RAW_CHARGE_COMPARISON,ITEM_APPROVAL_STATUS_PENDING,2026-09-26 16:06:06,2026-10-01,2026-09-01,Motor,,,,"[""chrg_69391q4gm8k118qs36a"",""2_chrg_69391q4gm8k118qs36a""]",10,ROUTING_CAUSE_CANDIDATE,41.08,f41678b2-ba26-4916-ab44-30e1ed9618fc,2026-09-22 09:41:24,41.08,0,,CURRENT_MONTH,PAID,RCL,1,false,true,false,e905ffd7-e085-48e4-94a3-eb92456c5386,LEAD_STATUS_PURCHASED,,,0,,MOTOR_TYPE_1,true,L80912892,L80912892-V1,1,2026-09-22 09:41:23,2026-09-22,PAYMENT_DATE,QR_CODE,INSTALLMENT,RABBIT_CARE_INSTALLMENT,2,products/car-insurance,chrg_69391q4gm8k118qs36a,2026-09-22 09:41:23,CHANGE_ORDER_NEW_FLOW_REVIEW,MISSING_TERMINAL_SAP_EVIDENCE,10,,,1,1,paid,,RABBIT_LENDING,10,ITEM_SUBMISSION_STATUS_SUBMITTED,0,2,fb97cfea-caa1-4407-bda5-d897f634e740,true,false,,,RCL newpayment membership applies only to Motor RCL; false for other flows is not a blocker.,2026-09-22 16:55:38,insurers/17,,,,,,EVENT_ABSENT,CHANGE_ORDER_RECEIPT,true,true,,,RCL_PAID_PERIOD_EXCLUDES_NEW_INVOICE,FIRST_APPLICABLE_OBSERVED_GROUP_NOT_EXHAUSTIVE,[],0,False,False,Identity+status only; no scheduling/import or accounting allocation assertion. Cancellation does not prove per-DocEntry multiplicity.
RECEIPT_LINK,SINGLE_ITEM_RAW_CHARGE_COMPARISON,ITEM_APPROVAL_STATUS_PENDING,2026-09-26 16:06:06,2026-10-01,2026-09-01,Motor,,,,"[""chrg_693m1anyok7088v04fx"",""2_chrg_693m1anyok7088v04fx""]",10,ROUTING_CAUSE_CANDIDATE,300.0,9317c47e-d045-4c74-8e17-78c78673c25f,2026-09-22 09:12:27,300.0,0,,CURRENT_MONTH,PAID,RCL,1,false,true,false,13eff9a6-acaa-45d9-b8e9-9941e4dd2d25,LEAD_STATUS_PURCHASED,,,0,,MOTOR_TYPE_1,true,L80917868,L80917868-V1,1,2026-09-22 09:12:27,2026-09-22,PAYMENT_DATE,QR_CODE,INSTALLMENT,RABBIT_CARE_INSTALLMENT,2,products/car-insurance,chrg_693m1anyok7088v04fx,2026-09-22 09:12:27,CHANGE_ORDER_NEW_FLOW_REVIEW,MISSING_TERMINAL_SAP_EVIDENCE,10,,,1,1,paid,,RABBIT_LENDING,10,ITEM_SUBMISSION_STATUS_SUBMITTED,0,2,36190e43-1e25-4285-9861-76dc06522f30,true,false,,,RCL newpayment membership applies only to Motor RCL; false for other flows is not a blocker.,2026-09-22 16:46:12,insurers/28,,,,,,EVENT_ABSENT,CHANGE_ORDER_RECEIPT,true,true,,,RCL_PAID_PERIOD_EXCLUDES_NEW_INVOICE,FIRST_APPLICABLE_OBSERVED_GROUP_NOT_EXHAUSTIVE,[],0,False,False,Identity+status only; no scheduling/import or accounting allocation assertion. Cancellation does not prove per-DocEntry multiplicity.
RECEIPT_LINK,MULTI_ITEM_ALLOCATION_NOT_RECONCILED,ITEM_APPROVAL_STATUS_POLICY_UPLOADED,2026-09-26 16:06:06,2026-10-01,2026-09-01,Motor,,,,"[""chrg_693mht2hrw8w36i6629"",""2_chrg_693mht2hrw8w36i6629""]",10,ROUTING_CAUSE_CANDIDATE,249.97,66e37b43-f4c6-445b-9eee-c6da8fd10b8c,2026-09-22 09:48:54,,1,,CURRENT_MONTH,PAID,RCL,1,false,true,false,fc02caee-c6a9-4ee2-b58c-a23787e2ce38,LEAD_STATUS_PURCHASED,,,0,,MOTOR_TYPE_1,true,L80918101,L80918101-V1,2,2026-09-22 09:48:54,2026-09-22,PAYMENT_DATE,QR_CODE,INSTALLMENT,RABBIT_CARE_INSTALLMENT,2,products/car-insurance,chrg_693mht2hrw8w36i6629,2026-09-22 09:48:54,CHANGE_ORDER_NEW_FLOW_REVIEW,MISSING_TERMINAL_SAP_EVIDENCE,10,,,1,1,paid,,RABBIT_LENDING,10,ITEM_SUBMISSION_STATUS_SUBMITTED,0,2,cc67d623-60f2-40bd-9b25-89e00457844f,true,false,,,RCL newpayment membership applies only to Motor RCL; false for other flows is not a blocker.,2026-09-22 16:57:29,insurers/17,,,,,,EVENT_ABSENT,CHANGE_ORDER_RECEIPT,true,true,,,RCL_PAID_PERIOD_EXCLUDES_NEW_INVOICE,FIRST_APPLICABLE_OBSERVED_GROUP_NOT_EXHAUSTIVE,[],0,False,False,Identity+status only; no scheduling/import or accounting allocation assertion. Cancellation does not prove per-DocEntry multiplicity.
RECEIPT_LINK,SINGLE_ITEM_RAW_CHARGE_COMPARISON,ITEM_APPROVAL_STATUS_PENDING,2026-09-26 16:06:06,2026-10-01,2026-09-01,Motor,,,,"[""chrg_693zvl3uoz5ckrhikr7"",""2_chrg_693zvl3uoz5ckrhikr7""]",10,ROUTING_CAUSE_CANDIDATE,36.6,ca4a6499-9b4d-4177-8262-72ef058d5b8f,2026-09-24 02:00:21,36.6,0,,CURRENT_MONTH,PAID,RCL,1,false,true,false,ce15e427-26b3-44f1-a83f-192b9e4520dc,LEAD_STATUS_PURCHASED,,,0,,MOTOR_TYPE_1,true,L80923880,L80923880-V1,1,2026-09-24 02:00:20,2026-09-24,PAYMENT_DATE,QR_CODE,INSTALLMENT,RABBIT_CARE_INSTALLMENT,2,products/car-insurance,chrg_693zvl3uoz5ckrhikr7,2026-09-24 02:00:20,CHANGE_ORDER_NEW_FLOW_REVIEW,MISSING_TERMINAL_SAP_EVIDENCE,10,,,1,1,paid,,RABBIT_LENDING,10,ITEM_SUBMISSION_STATUS_SUBMITTED,0,2,a620cedb-d981-4ec2-aada-3ee0397745ad,true,false,,,RCL newpayment membership applies only to Motor RCL; false for other flows is not a blocker.,2026-09-24 10:33:19,insurers/17,,,,,,EVENT_ABSENT,CHANGE_ORDER_RECEIPT,true,true,,,RCL_PAID_PERIOD_EXCLUDES_NEW_INVOICE,FIRST_APPLICABLE_OBSERVED_GROUP_NOT_EXHAUSTIVE,[],0,False,False,Identity+status only; no scheduling/import or accounting allocation assertion. Cancellation does not prove per-DocEntry multiplicity.
RECEIPT_LINK,SINGLE_ITEM_RAW_CHARGE_COMPARISON,ITEM_APPROVAL_STATUS_PENDING,2026-09-26 16:06:06,2026-10-01,2026-09-01,Motor,,,,"[""chrg_694c5ygfcx321jqg15d"",""2_chrg_694c5ygfcx321jqg15d""]",10,ROUTING_CAUSE_CANDIDATE,160.0,45a93cb4-afca-4c79-adf5-71577d5e294b,2026-09-24 06:31:48,160.0,0,,CURRENT_MONTH,PAID,RCL,1,false,true,false,3c54b639-55ea-4f6a-9da6-6a4e4415d819,LEAD_STATUS_PURCHASED,,,0,,MOTOR_TYPE_1,true,L80923960,L80923960-V1,1,2026-09-24 06:31:47,2026-09-24,PAYMENT_DATE,QR_CODE,INSTALLMENT,RABBIT_CARE_INSTALLMENT,2,products/car-insurance,chrg_694c5ygfcx321jqg15d,2026-09-24 06:31:47,CHANGE_ORDER_NEW_FLOW_REVIEW,MISSING_TERMINAL_SAP_EVIDENCE,10,,,1,1,paid,,RABBIT_LENDING,10,ITEM_SUBMISSION_STATUS_SUBMITTED,0,2,220b28a4-eea1-4ba6-bb79-51de989a7d89,true,false,,,RCL newpayment membership applies only to Motor RCL; false for other flows is not a blocker.,2026-09-24 13:34:00,insurers/27,,,,,,EVENT_ABSENT,CHANGE_ORDER_RECEIPT,true,true,,,RCL_PAID_PERIOD_EXCLUDES_NEW_INVOICE,FIRST_APPLICABLE_OBSERVED_GROUP_NOT_EXHAUSTIVE,[],0,False,False,Identity+status only; no scheduling/import or accounting allocation assertion. Cancellation does not prove per-DocEntry multiplicity.
RECEIPT_LINK,SINGLE_ITEM_RAW_CHARGE_COMPARISON,ITEM_APPROVAL_STATUS_PENDING,2026-09-26 16:06:06,2026-10-01,2026-09-01,Motor,,,,"[""chrg_69419k52c922b697nwl"",""2_chrg_69419k52c922b697nwl""]",10,ROUTING_CAUSE_CANDIDATE,467.67,ef408671-89d2-4515-bc91-77a9d930befe,2026-09-23 10:22:04,467.67,0,,CURRENT_MONTH,PAID,RCL,1,false,true,false,908fa1a2-ecb9-4601-8c44-7c733df977cc,LEAD_STATUS_PURCHASED,,,0,,MOTOR_TYPE_1,true,L80924859,L80924859-V1,1,2026-09-23 10:22:03,2026-09-23,PAYMENT_DATE,QR_CODE,INSTALLMENT,RABBIT_CARE_INSTALLMENT,2,products/car-insurance,chrg_69419k52c922b697nwl,2026-09-23 10:22:03,CHANGE_ORDER_NEW_FLOW_REVIEW,MISSING_TERMINAL_SAP_EVIDENCE,10,,,1,1,paid,,RABBIT_LENDING,10,ITEM_SUBMISSION_STATUS_SUBMITTED,0,2,d526e4a8-d90c-40b6-99bb-5e995829bb83,true,false,,,RCL newpayment membership applies only to Motor RCL; false for other flows is not a blocker.,2026-09-23 17:50:08,insurers/11,,,,,,EVENT_ABSENT,CHANGE_ORDER_RECEIPT,true,true,,,RCL_PAID_PERIOD_EXCLUDES_NEW_INVOICE,FIRST_APPLICABLE_OBSERVED_GROUP_NOT_EXHAUSTIVE,[],0,False,False,Identity+status only; no scheduling/import or accounting allocation assertion. Cancellation does not prove per-DocEntry multiplicity.
RECEIPT_LINK,SINGLE_ITEM_RAW_CHARGE_COMPARISON,ITEM_APPROVAL_STATUS_POLICY_UPLOADED,2026-09-26 16:06:06,2026-10-01,2026-09-01,Motor,,,,"[""chrg_694bn3klztvltmnn3y9"",""2_chrg_694bn3klztvltmnn3y9""]",10,ROUTING_CAUSE_CANDIDATE,112.84,0f265f99-7212-4d37-887a-c4978a3bea8a,2026-09-24 04:05:35,112.84,0,,CURRENT_MONTH,PAID,RCL,1,false,true,false,4e3bbb6c-7c00-47a5-a882-25b2fed5fd7a,LEAD_STATUS_PURCHASED,,,0,,MOTOR_TYPE_1,true,L80927756,L80927756-V1,1,2026-09-24 04:05:34,2026-09-24,PAYMENT_DATE,QR_CODE,INSTALLMENT,RABBIT_CARE_INSTALLMENT,2,products/car-insurance,chrg_694bn3klztvltmnn3y9,2026-09-24 04:05:34,CHANGE_ORDER_NEW_FLOW_REVIEW,MISSING_TERMINAL_SAP_EVIDENCE,10,,,1,1,paid,,RABBIT_LENDING,10,ITEM_SUBMISSION_STATUS_SUBMITTED,0,2,bc985a60-e5d7-4dd8-8911-46272807ee6e,true,false,,,RCL newpayment membership applies only to Motor RCL; false for other flows is not a blocker.,2026-09-24 11:10:47,insurers/35,,,,,,EVENT_ABSENT,CHANGE_ORDER_RECEIPT,true,true,,,RCL_PAID_PERIOD_EXCLUDES_NEW_INVOICE,FIRST_APPLICABLE_OBSERVED_GROUP_NOT_EXHAUSTIVE,[],0,False,False,Identity+status only; no scheduling/import or accounting allocation assertion. Cancellation does not prove per-DocEntry multiplicity.
RECEIPT_LINK,SINGLE_ITEM_RAW_CHARGE_COMPARISON,ITEM_APPROVAL_STATUS_PENDING,2026-09-26 16:06:06,2026-10-01,2026-09-01,Motor,,,,"[""chrg_694cmlbcuptgygqesnk"",""2_chrg_694cmlbcuptgygqesnk""]",10,ROUTING_CAUSE_CANDIDATE,170.0,c52f08ba-de2b-48b4-9270-2f0549b2474d,2026-09-24 05:45:09,170.0,0,,CURRENT_MONTH,PAID,RCL,1,false,true,false,0358172e-2e67-40e0-a421-d670e841a0bc,LEAD_STATUS_PURCHASED,,,0,,MOTOR_TYPE_1,true,L80929267,L80929267-V1,1,2026-09-24 05:45:09,2026-09-24,PAYMENT_DATE,QR_CODE,INSTALLMENT,RABBIT_CARE_INSTALLMENT,2,products/car-insurance,chrg_694cmlbcuptgygqesnk,2026-09-24 05:45:09,CHANGE_ORDER_NEW_FLOW_REVIEW,MISSING_TERMINAL_SAP_EVIDENCE,10,,,1,1,paid,,RABBIT_LENDING,10,ITEM_SUBMISSION_STATUS_SUBMITTED,0,2,aa3d63c5-4bb8-44a3-b5a1-ffeb0274f376,true,false,,,RCL newpayment membership applies only to Motor RCL; false for other flows is not a blocker.,2026-09-24 13:49:44,insurers/35,,,,,,EVENT_ABSENT,CHANGE_ORDER_RECEIPT,true,true,,,RCL_PAID_PERIOD_EXCLUDES_NEW_INVOICE,FIRST_APPLICABLE_OBSERVED_GROUP_NOT_EXHAUSTIVE,[],0,False,False,Identity+status only; no scheduling/import or accounting allocation assertion. Cancellation does not prove per-DocEntry multiplicity.
RECEIPT_LINK,SINGLE_ITEM_RAW_CHARGE_COMPARISON,ITEM_APPROVAL_STATUS_PENDING,2026-09-26 16:06:06,2026-10-01,2026-09-01,Motor,,,,"[""chrg_694qfg3agw83fqhcaqw"",""2_chrg_694qfg3agw83fqhcaqw""]",10,ROUTING_CAUSE_CANDIDATE,360.8,1d16aa71-c5dd-488f-9620-8d68f134ca2b,2026-09-25 05:40:38,360.8,0,,CURRENT_MONTH,PAID,RCL,1,false,true,false,d299656a-e994-4b14-acdf-62dc4c95f9b5,LEAD_STATUS_PURCHASED,,,0,,MOTOR_TYPE_1,true,L80934844,L80934844-V1,1,2026-09-25 05:40:37,2026-09-25,PAYMENT_DATE,QR_CODE,INSTALLMENT,RABBIT_CARE_INSTALLMENT,2,products/car-insurance,chrg_694qfg3agw83fqhcaqw,2026-09-25 05:40:37,CHANGE_ORDER_NEW_FLOW_REVIEW,MISSING_TERMINAL_SAP_EVIDENCE,10,,,1,1,paid,,RABBIT_LENDING,10,ITEM_SUBMISSION_STATUS_SUBMITTED,0,2,8041581d-5011-4a4e-bd85-278cc780e466,true,false,,,RCL newpayment membership applies only to Motor RCL; false for other flows is not a blocker.,2026-09-25 12:42:11,insurers/17,,,,,,EVENT_ABSENT,CHANGE_ORDER_RECEIPT,true,true,,,RCL_PAID_PERIOD_EXCLUDES_NEW_INVOICE,FIRST_APPLICABLE_OBSERVED_GROUP_NOT_EXHAUSTIVE,[],0,False,False,Identity+status only; no scheduling/import or accounting allocation assertion. Cancellation does not prove per-DocEntry multiplicity.
RECEIPT_LINK,MULTI_ITEM_ALLOCATION_NOT_RECONCILED,ITEM_APPROVAL_STATUS_POLICY_UPLOADED,2026-09-26 16:06:06,2026-10-01,2026-09-01,Motor,,,,"[""chrg_68skj6wr0kfky8a84q1""]",1,OBSERVED_DATA_STATE,12218.12,36ad14c3-f998-4f1c-8722-9f5d14774ec9,2026-09-05 09:23:19,,1,,CURRENT_MONTH,PAID,RCB,1,false,false,false,6f9ba22a-bc1a-46b2-a100-22b43c63967b,LEAD_STATUS_PURCHASED,,,0,,MOTOR_TYPE_1,true,L78949140,L78949140-V1,2,2026-09-05 09:23:18,2026-09-05,PAYMENT_DATE,QR_CODE,ONETIME,FULL_PAYMENT,2,products/car-insurance,chrg_68skj6wr0kfky8a84q1,2026-09-05 09:23:18,SAP_PAID_DIFFERENT_INVOICE,MISSING_TERMINAL_SAP_EVIDENCE,1,,,1,1,paid,,RCB,1,ITEM_SUBMISSION_STATUS_SUBMITTED,0,2,e02d1129-a8e7-47fa-89a0-6a32ae7d4317,true,false,,,RCL newpayment membership applies only to Motor RCL; false for other flows is not a blocker.,2026-08-26 10:19:26,insurers/28,,,,,,EVENT_ABSENT,SAME_PERIOD_ADDITIONAL,,,,,RCB_NO_EXISTING_ITEM_RECEIPT_ROUTE,FIRST_APPLICABLE_OBSERVED_GROUP_NOT_EXHAUSTIVE,[],0,False,False,Identity+status only; no scheduling/import or accounting allocation assertion. Cancellation does not prove per-DocEntry multiplicity.
RECEIPT_LINK,SINGLE_ITEM_RAW_CHARGE_COMPARISON,ITEM_APPROVAL_STATUS_POLICY_UPLOADED,2026-09-26 16:06:06,2026-10-01,2026-09-01,Motor,,,,"[""chrg_691o0mxigr3jfcgcjmu""]",10,OBSERVED_DATA_STATE,1870.0,31d4a6dd-4536-4cf9-8a46-6678fc6e1b42,2026-09-17 13:15:24,1870.0,0,,CURRENT_MONTH,PAID,RCL,10,false,false,false,489ad8c3-611a-4616-a791-10a570e55389,LEAD_STATUS_PURCHASED,,,0,,MOTOR_TYPE_1,true,L74803702,L74803702-V1,1,2026-09-17 13:15:23,2026-09-17,PAYMENT_DATE,QR_CODE,INSTALLMENT,RABBIT_CARE_INSTALLMENT,1,products/car-insurance,chrg_691o0mxigr3jfcgcjmu,2026-09-17 13:15:23,SAP_PERIOD_PENDING_RECEIPT_MISSING,MISSING_TERMINAL_SAP_EVIDENCE,10,,,0,1,pending,,RABBIT_LENDING,10,ITEM_SUBMISSION_STATUS_SUBMITTED,0,10,5d9a9c97-1389-4802-8cf5-9005076a1036,true,true,,,RCL newpayment membership applies only to Motor RCL; false for other flows is not a blocker.,2025-12-12 16:54:19,insurers/28,,,,,,EVENT_ABSENT,SUBSEQUENT_INSTALLMENT,false,false,,,RCL_MOTOR_ORDER_YEAR_2026_CUTOFF,FIRST_APPLICABLE_OBSERVED_GROUP_NOT_EXHAUSTIVE,[],0,False,False,Identity+status only; no scheduling/import or accounting allocation assertion. Cancellation does not prove per-DocEntry multiplicity.
RECEIPT_LINK,MULTI_ITEM_ALLOCATION_NOT_RECONCILED,ITEM_APPROVAL_STATUS_POLICY_UPLOADED,2026-09-26 16:06:06,2026-10-01,2026-09-01,Motor,,,,"[""chrg_694myk0mv8p381emr1b""]",10,OBSERVED_DATA_STATE,2226.66,b138a4a1-6b5c-4f31-b385-e085b9b6a39f,2026-09-24 23:20:21,,1,,CURRENT_MONTH,PAID,RCL,10,false,false,false,def7d93b-4fd1-42e6-98ee-3c094564024e,LEAD_STATUS_PURCHASED,,,0,,MOTOR_TYPE_1,true,L77426856,L77426856-V1,2,2026-09-24 23:20:20,2026-09-25,PAYMENT_DATE,QR_CODE,INSTALLMENT,RABBIT_CARE_INSTALLMENT,1,products/car-insurance,chrg_694myk0mv8p381emr1b,2026-09-24 23:20:20,SAP_PERIOD_PENDING_RECEIPT_MISSING,MISSING_TERMINAL_SAP_EVIDENCE,10,,,0,1,pending,,RABBIT_LENDING,10,ITEM_SUBMISSION_STATUS_SUBMITTED,0,10,38ba3a6e-9dfa-4a1c-b21a-66c3a6645dda,true,true,,,RCL newpayment membership applies only to Motor RCL; false for other flows is not a blocker.,2025-12-26 17:28:54,insurers/27,,,,,,EVENT_ABSENT,SUBSEQUENT_INSTALLMENT,false,false,,,RCL_MOTOR_ORDER_YEAR_2026_CUTOFF,FIRST_APPLICABLE_OBSERVED_GROUP_NOT_EXHAUSTIVE,[],0,False,False,Identity+status only; no scheduling/import or accounting allocation assertion. Cancellation does not prove per-DocEntry multiplicity.
RECEIPT_LINK,SINGLE_ITEM_RAW_CHARGE_COMPARISON,ITEM_APPROVAL_STATUS_POLICY_UPLOADED,2026-09-26 16:06:06,2026-10-01,2026-09-01,Motor,,,,"[""chrg_6930581z5iv1p1i40bo""]",10,OBSERVED_DATA_STATE,3150.08,98bad859-cc12-430e-835c-b00ef74565d5,2026-09-20 19:13:20,3150.08,0,,CURRENT_MONTH,PAID,RCL,10,false,false,false,e8e27aa5-d0a8-4c34-957f-620388f55c9a,LEAD_STATUS_PURCHASED,,,0,,MOTOR_TYPE_1,true,L77431939,L77431939-V1,1,2026-09-20 19:13:19,2026-09-21,PAYMENT_DATE,QR_CODE,INSTALLMENT,RABBIT_CARE_INSTALLMENT,1,products/car-insurance,chrg_6930581z5iv1p1i40bo,2026-09-20 19:13:19,SAP_PERIOD_PENDING_RECEIPT_MISSING,MISSING_TERMINAL_SAP_EVIDENCE,10,,,0,1,pending,,RABBIT_LENDING,10,ITEM_SUBMISSION_STATUS_SUBMITTED,0,10,386b0fb2-79df-439e-94b8-4bace83ab38a,true,true,,,RCL newpayment membership applies only to Motor RCL; false for other flows is not a blocker.,2025-12-13 13:22:02,insurers/28,,,,,,EVENT_ABSENT,SUBSEQUENT_INSTALLMENT,false,false,,,RCL_MOTOR_ORDER_YEAR_2026_CUTOFF,FIRST_APPLICABLE_OBSERVED_GROUP_NOT_EXHAUSTIVE,[],0,False,False,Identity+status only; no scheduling/import or accounting allocation assertion. Cancellation does not prove per-DocEntry multiplicity.
RECEIPT_LINK,MULTI_ITEM_ALLOCATION_NOT_RECONCILED,ITEM_APPROVAL_STATUS_POLICY_UPLOADED,2026-09-26 16:06:06,2026-10-01,2026-09-01,Motor,,,,"[""chrg_693xkx0rbb4cvivogmg""]",10,OBSERVED_DATA_STATE,2022.3,7dd4937d-700b-484f-9cbd-a41194a9dd6a,2026-09-23 04:04:12,,1,,CURRENT_MONTH,PAID,RCL,10,false,false,false,27d156fa-0880-45b5-9e46-6f9155ad4dec,LEAD_STATUS_PURCHASED,,,0,,MOTOR_TYPE_1,true,L77680280,L77680280-V1,2,2026-09-23 04:04:11,2026-09-23,PAYMENT_DATE,QR_CODE,INSTALLMENT,RABBIT_CARE_INSTALLMENT,1,products/car-insurance,chrg_693xkx0rbb4cvivogmg,2026-09-23 04:04:11,SAP_PERIOD_PENDING_RECEIPT_MISSING,MISSING_TERMINAL_SAP_EVIDENCE,10,,,0,1,pending,,RABBIT_LENDING,10,ITEM_SUBMISSION_STATUS_SUBMITTED,0,10,9b5ac566-a085-4c64-864a-7cc61bdfdbd7,true,true,,,RCL newpayment membership applies only to Motor RCL; false for other flows is not a blocker.,2025-12-30 10:25:52,insurers/28,,,,,,EVENT_ABSENT,SUBSEQUENT_INSTALLMENT,false,false,,,RCL_MOTOR_ORDER_YEAR_2026_CUTOFF,FIRST_APPLICABLE_OBSERVED_GROUP_NOT_EXHAUSTIVE,[],0,False,False,Identity+status only; no scheduling/import or accounting allocation assertion. Cancellation does not prove per-DocEntry multiplicity.
RECEIPT_LINK,SINGLE_ITEM_RAW_CHARGE_COMPARISON,ITEM_APPROVAL_STATUS_POLICY_UPLOADED,2026-09-26 16:06:06,2026-10-01,2026-09-01,Motor,,,,"[""chrg_69362hssq328sls0kqi""]",10,OBSERVED_DATA_STATE,2700.04,e04e375c-cd30-49fb-816b-bc0f2bbd9646,2026-09-21 05:10:43,2700.04,0,,CURRENT_MONTH,PAID,RCL,10,false,false,false,39c1e87d-db03-4783-a9f6-e1a38859e91b,LEAD_STATUS_PURCHASED,,,0,,MOTOR_TYPE_1,true,L77760989,L77760989-V1,1,2026-09-21 05:10:43,2026-09-21,PAYMENT_DATE,QR_CODE,INSTALLMENT,RABBIT_CARE_INSTALLMENT,1,products/car-insurance,chrg_69362hssq328sls0kqi,2026-09-21 05:10:43,SAP_PERIOD_PENDING_RECEIPT_MISSING,MISSING_TERMINAL_SAP_EVIDENCE,10,,,0,1,pending,,RABBIT_LENDING,10,ITEM_SUBMISSION_STATUS_SUBMITTED,0,10,c6856f6b-795a-4fd0-9999-cec54bfda3f9,true,true,,,RCL newpayment membership applies only to Motor RCL; false for other flows is not a blocker.,2025-12-19 16:56:21,insurers/6,,,,,,EVENT_ABSENT,SUBSEQUENT_INSTALLMENT,false,false,,,RCL_MOTOR_ORDER_YEAR_2026_CUTOFF,FIRST_APPLICABLE_OBSERVED_GROUP_NOT_EXHAUSTIVE,[],0,False,False,Identity+status only; no scheduling/import or accounting allocation assertion. Cancellation does not prove per-DocEntry multiplicity.
RECEIPT_LINK,MULTI_ITEM_ALLOCATION_NOT_RECONCILED,ITEM_APPROVAL_STATUS_POLICY_UPLOADED,2026-09-26 16:06:06,2026-10-01,2026-09-01,Motor,,,,"[""chrg_694o1bwu7nj0yx0oa2w""]",10,OBSERVED_DATA_STATE,2970.0,54f06cc5-d9df-4786-89b5-0325a14efa3d,2026-09-25 01:10:02,,1,,CURRENT_MONTH,PAID,RCL,10,false,false,false,461b6e75-f3b5-4577-a423-0e446ab1e813,LEAD_STATUS_PURCHASED,,,0,,MOTOR_TYPE_1,true,L77770286,L77770286-V1,2,2026-09-25 01:10:02,2026-09-25,PAYMENT_DATE,QR_CODE,INSTALLMENT,RABBIT_CARE_INSTALLMENT,1,products/car-insurance,chrg_694o1bwu7nj0yx0oa2w,2026-09-25 01:10:02,SAP_PERIOD_PENDING_RECEIPT_MISSING,MISSING_TERMINAL_SAP_EVIDENCE,10,,,0,1,pending,,RABBIT_LENDING,10,ITEM_SUBMISSION_STATUS_SUBMITTED,0,10,b90f7199-9dd5-4e92-8c9b-6816aaf49722,true,true,,,RCL newpayment membership applies only to Motor RCL; false for other flows is not a blocker.,2025-12-25 10:39:06,insurers/17,,,,,,EVENT_ABSENT,SUBSEQUENT_INSTALLMENT,false,false,,,RCL_MOTOR_ORDER_YEAR_2026_CUTOFF,FIRST_APPLICABLE_OBSERVED_GROUP_NOT_EXHAUSTIVE,[],0,False,False,Identity+status only; no scheduling/import or accounting allocation assertion. Cancellation does not prove per-DocEntry multiplicity.
RECEIPT_LINK,SINGLE_ITEM_RAW_CHARGE_COMPARISON,ITEM_APPROVAL_STATUS_POLICY_UPLOADED,2026-09-26 16:06:06,2026-10-01,2026-09-01,Motor,,,,"[""chrg_693zjfrhk2g8rwc5n7s""]",10,OBSERVED_DATA_STATE,2150.06,d8addd8d-c97b-4e39-ac3f-4ebc8e09bcae,2026-09-23 07:25:18,2150.06,0,,CURRENT_MONTH,PAID,RCL,10,false,false,false,9e2923a9-11e8-4e01-8410-b5e15d63853f,LEAD_STATUS_PURCHASED,,,0,,MOTOR_TYPE_1,true,L77830918,L77830918-V1,1,2026-09-23 07:25:17,2026-09-23,PAYMENT_DATE,QR_CODE,INSTALLMENT,RABBIT_CARE_INSTALLMENT,1,products/car-insurance,chrg_693zjfrhk2g8rwc5n7s,2026-09-23 07:25:17,SAP_PERIOD_PENDING_RECEIPT_MISSING,MISSING_TERMINAL_SAP_EVIDENCE,10,,,0,1,pending,,RABBIT_LENDING,10,ITEM_SUBMISSION_STATUS_SUBMITTED,0,10,98d5a4ef-28f1-4c31-b057-e8c575662e13,true,true,,,RCL newpayment membership applies only to Motor RCL; false for other flows is not a blocker.,2025-12-12 18:00:59,insurers/33,,,,,,EVENT_ABSENT,SUBSEQUENT_INSTALLMENT,false,false,,,RCL_MOTOR_ORDER_YEAR_2026_CUTOFF,FIRST_APPLICABLE_OBSERVED_GROUP_NOT_EXHAUSTIVE,[],0,False,False,Identity+status only; no scheduling/import or accounting allocation assertion. Cancellation does not prove per-DocEntry multiplicity.
RECEIPT_LINK,SINGLE_ITEM_RAW_CHARGE_COMPARISON,ITEM_APPROVAL_STATUS_POLICY_UPLOADED,2026-09-26 16:06:06,2026-10-01,2026-09-01,Motor,,,,"[""chrg_693lbdyb0smiyy6jw5d""]",10,OBSERVED_DATA_STATE,1879.99,1a2c23d8-48b0-4505-95fb-240bda1d7b11,2026-09-22 09:36:34,1879.99,0,,CURRENT_MONTH,PAID,RCL,10,false,false,false,baab3f5b-8e68-4545-bbc2-db4edb424904,LEAD_STATUS_PURCHASED,,,0,,MOTOR_TYPE_2_PLUS,true,L77831230,L77831230-V1,1,2026-09-22 09:36:34,2026-09-22,PAYMENT_DATE,QR_CODE,INSTALLMENT,RABBIT_CARE_INSTALLMENT,1,products/car-insurance,chrg_693lbdyb0smiyy6jw5d,2026-09-22 09:36:34,SAP_PERIOD_PENDING_RECEIPT_MISSING,MISSING_TERMINAL_SAP_EVIDENCE,10,,,0,1,pending,,RABBIT_LENDING,10,ITEM_SUBMISSION_STATUS_SUBMITTED,0,10,87b15f0e-8fad-4324-811f-4fdeef10e76f,true,true,,,RCL newpayment membership applies only to Motor RCL; false for other flows is not a blocker.,2025-12-17 15:13:48,insurers/25,,,,,,EVENT_ABSENT,SUBSEQUENT_INSTALLMENT,false,false,,,RCL_MOTOR_ORDER_YEAR_2026_CUTOFF,FIRST_APPLICABLE_OBSERVED_GROUP_NOT_EXHAUSTIVE,[],0,False,False,Identity+status only; no scheduling/import or accounting allocation assertion. Cancellation does not prove per-DocEntry multiplicity.
RECEIPT_LINK,SINGLE_ITEM_RAW_CHARGE_COMPARISON,ITEM_APPROVAL_STATUS_POLICY_UPLOADED,2026-09-26 16:06:06,2026-10-01,2026-09-01,Motor,,,,"[""chrg_694s8elc1a5bvodkz4t""]",10,OBSERVED_DATA_STATE,2956.73,02947ebb-5329-4cb0-b415-e2be5fadb010,2026-09-25 08:43:16,2956.73,0,,CURRENT_MONTH,PAID,RCL,10,false,false,false,9490f0c9-27b2-479e-b054-f08dfc0dd839,LEAD_STATUS_PURCHASED,,,0,,MOTOR_TYPE_1,true,L77832414,L77832414-V1,1,2026-09-25 08:43:16,2026-09-25,PAYMENT_DATE,QR_CODE,INSTALLMENT,RABBIT_CARE_INSTALLMENT,1,products/car-insurance,chrg_694s8elc1a5bvodkz4t,2026-09-25 08:43:16,SAP_PERIOD_PENDING_RECEIPT_MISSING,MISSING_TERMINAL_SAP_EVIDENCE,10,,,0,1,pending,,RABBIT_LENDING,10,ITEM_SUBMISSION_STATUS_SUBMITTED,0,10,50e5e16b-ad68-44a6-8a1d-757d51283271,true,true,,,RCL newpayment membership applies only to Motor RCL; false for other flows is not a blocker.,2025-12-18 10:15:29,insurers/28,,,,,,EVENT_ABSENT,SUBSEQUENT_INSTALLMENT,false,false,,,RCL_MOTOR_ORDER_YEAR_2026_CUTOFF,FIRST_APPLICABLE_OBSERVED_GROUP_NOT_EXHAUSTIVE,[],0,False,False,Identity+status only; no scheduling/import or accounting allocation assertion. Cancellation does not prove per-DocEntry multiplicity.
RECEIPT_LINK,SINGLE_ITEM_RAW_CHARGE_COMPARISON,ITEM_APPROVAL_STATUS_POLICY_UPLOADED,2026-09-26 16:06:06,2026-10-01,2026-09-01,Motor,,,,"[""chrg_691pv9kpgsrfauhf225""]",10,OBSERVED_DATA_STATE,1831.01,f2677c2e-7533-4fc2-b3c9-8c9be722623c,2026-09-17 12:12:51,1831.01,0,,CURRENT_MONTH,PAID,RCL,10,false,false,false,5c38257a-bb40-4c03-a250-895ffcc0c964,LEAD_STATUS_PURCHASED,,,0,,MOTOR_TYPE_1,true,L77833543,L77833543-V1,1,2026-09-17 12:12:50,2026-09-17,PAYMENT_DATE,QR_CODE,INSTALLMENT,RABBIT_CARE_INSTALLMENT,1,products/car-insurance,chrg_691pv9kpgsrfauhf225,2026-09-17 12:12:50,SAP_PERIOD_PENDING_RECEIPT_MISSING,MISSING_TERMINAL_SAP_EVIDENCE,10,,,0,1,pending,,RABBIT_LENDING,10,ITEM_SUBMISSION_STATUS_SUBMITTED,0,10,62ff263f-1ebb-49dc-9ae3-5d50140c96eb,true,true,,,RCL newpayment membership applies only to Motor RCL; false for other flows is not a blocker.,2025-12-17 15:00:01,insurers/27,,,,,,EVENT_ABSENT,SUBSEQUENT_INSTALLMENT,false,false,,,RCL_MOTOR_ORDER_YEAR_2026_CUTOFF,FIRST_APPLICABLE_OBSERVED_GROUP_NOT_EXHAUSTIVE,[],0,False,False,Identity+status only; no scheduling/import or accounting allocation assertion. Cancellation does not prove per-DocEntry multiplicity.
RECEIPT_LINK,SINGLE_ITEM_RAW_CHARGE_COMPARISON,ITEM_APPROVAL_STATUS_POLICY_UPLOADED,2026-09-26 16:06:06,2026-10-01,2026-09-01,Motor,,,,"[""chrg_694lr5vfdat7xesie91""]",10,OBSERVED_DATA_STATE,1806.91,85454873-4f91-411a-9dac-6cc8c284cd91,2026-09-24 21:16:20,1806.91,0,,CURRENT_MONTH,PAID,RCL,10,false,false,false,44c22894-b9de-47f2-84ba-48f5041697fa,LEAD_STATUS_PURCHASED,,,0,,MOTOR_TYPE_1,true,L77837553,L77837553-V1,1,2026-09-24 21:16:20,2026-09-25,PAYMENT_DATE,QR_CODE,INSTALLMENT,RABBIT_CARE_INSTALLMENT,1,products/car-insurance,chrg_694lr5vfdat7xesie91,2026-09-24 21:16:20,SAP_PERIOD_PENDING_RECEIPT_MISSING,MISSING_TERMINAL_SAP_EVIDENCE,10,,,0,1,pending,,RABBIT_LENDING,10,ITEM_SUBMISSION_STATUS_SUBMITTED,0,10,5cda4257-0fd5-4255-9d4f-8f37634eb08d,true,true,,,RCL newpayment membership applies only to Motor RCL; false for other flows is not a blocker.,2025-12-16 10:54:06,insurers/28,,,,,,EVENT_ABSENT,SUBSEQUENT_INSTALLMENT,false,false,,,RCL_MOTOR_ORDER_YEAR_2026_CUTOFF,FIRST_APPLICABLE_OBSERVED_GROUP_NOT_EXHAUSTIVE,[],0,False,False,Identity+status only; no scheduling/import or accounting allocation assertion. Cancellation does not prove per-DocEntry multiplicity.
RECEIPT_LINK,SINGLE_ITEM_RAW_CHARGE_COMPARISON,ITEM_APPROVAL_STATUS_POLICY_UPLOADED,2026-09-26 16:06:06,2026-10-01,2026-09-01,Motor,,,,"[""chrg_692qp4lgbe4jf3y1y5t""]",10,OBSERVED_DATA_STATE,2469.39,6a75577e-5bfd-46e6-9bc7-c7363db6f3d5,2026-09-20 02:58:52,2469.39,0,,CURRENT_MONTH,PAID,RCL,10,false,false,false,ea35434a-e5b2-466f-8168-5681289da8be,LEAD_STATUS_PURCHASED,,,0,,MOTOR_TYPE_1,true,L77841952,L77841952-V1,1,2026-09-20 02:58:52,2026-09-20,PAYMENT_DATE,QR_CODE,INSTALLMENT,RABBIT_CARE_INSTALLMENT,1,products/car-insurance,chrg_692qp4lgbe4jf3y1y5t,2026-09-20 02:58:52,SAP_PERIOD_PENDING_RECEIPT_MISSING,MISSING_TERMINAL_SAP_EVIDENCE,10,,,0,1,pending,,RABBIT_LENDING,10,ITEM_SUBMISSION_STATUS_SUBMITTED,0,10,dc281142-0bc1-46dd-b505-8691f4acea55,true,true,,,RCL newpayment membership applies only to Motor RCL; false for other flows is not a blocker.,2025-12-22 11:52:49,insurers/27,,,,,,EVENT_ABSENT,SUBSEQUENT_INSTALLMENT,false,false,,,RCL_MOTOR_ORDER_YEAR_2026_CUTOFF,FIRST_APPLICABLE_OBSERVED_GROUP_NOT_EXHAUSTIVE,[],0,False,False,Identity+status only; no scheduling/import or accounting allocation assertion. Cancellation does not prove per-DocEntry multiplicity.
RECEIPT_LINK,SINGLE_ITEM_RAW_CHARGE_COMPARISON,ITEM_APPROVAL_STATUS_POLICY_UPLOADED,2026-09-26 16:06:06,2026-10-01,2026-09-01,Motor,,,,"[""chrg_691j50vviev7l56uuw6""]",10,OBSERVED_DATA_STATE,2042.63,9d5f6b48-980c-4927-ae4a-fbb933db6fd7,2026-09-17 00:45:16,2042.63,0,,CURRENT_MONTH,PAID,RCL,10,false,false,false,53942fee-360a-4360-b5a8-9b63463c32d4,LEAD_STATUS_PURCHASED,,,0,,MOTOR_TYPE_1,true,L77842056,L77842056-V1,1,2026-09-17 00:45:16,2026-09-17,PAYMENT_DATE,QR_CODE,INSTALLMENT,RABBIT_CARE_INSTALLMENT,1,products/car-insurance,chrg_691j50vviev7l56uuw6,2026-09-17 00:45:16,SAP_PERIOD_PENDING_RECEIPT_MISSING,MISSING_TERMINAL_SAP_EVIDENCE,10,,,0,1,pending,,RABBIT_LENDING,10,ITEM_SUBMISSION_STATUS_SUBMITTED,0,10,0f377e16-bcb4-4a16-b6f7-77b22761a782,true,true,,,RCL newpayment membership applies only to Motor RCL; false for other flows is not a blocker.,2025-12-16 14:58:54,insurers/28,,,,,,EVENT_ABSENT,SUBSEQUENT_INSTALLMENT,false,false,,,RCL_MOTOR_ORDER_YEAR_2026_CUTOFF,FIRST_APPLICABLE_OBSERVED_GROUP_NOT_EXHAUSTIVE,[],0,False,False,Identity+status only; no scheduling/import or accounting allocation assertion. Cancellation does not prove per-DocEntry multiplicity.
RECEIPT_LINK,SINGLE_ITEM_RAW_CHARGE_COMPARISON,ITEM_APPROVAL_STATUS_POLICY_UPLOADED,2026-09-26 16:06:06,2026-10-01,2026-09-01,Motor,,,,"[""chrg_691zda5gp8zpsu47fkl""]",10,OBSERVED_DATA_STATE,2081.58,a728e145-d760-4b6a-ac53-7eba63a49c2f,2026-09-21 12:14:49,2081.58,0,,CURRENT_MONTH,PAID,RCL,10,false,false,false,8b1507a0-38d8-4c2e-a3a1-b5f47ecacc07,LEAD_STATUS_PURCHASED,,,0,,MOTOR_TYPE_1,true,L77842519,L77842519-V1,1,2026-09-21 12:14:47,2026-09-21,PAYMENT_DATE,QR_CODE,INSTALLMENT,RABBIT_CARE_INSTALLMENT,1,products/car-insurance,chrg_691zda5gp8zpsu47fkl,2026-09-21 12:14:47,SAP_PERIOD_PENDING_RECEIPT_MISSING,MISSING_TERMINAL_SAP_EVIDENCE,10,,,0,1,pending,,RABBIT_LENDING,10,ITEM_SUBMISSION_STATUS_SUBMITTED,0,10,aaca3bd8-8846-49dc-8591-c7ef212c9b5d,true,true,,,RCL newpayment membership applies only to Motor RCL; false for other flows is not a blocker.,2025-12-17 18:06:20,insurers/28,,,,,,EVENT_ABSENT,SUBSEQUENT_INSTALLMENT,false,false,,,RCL_MOTOR_ORDER_YEAR_2026_CUTOFF,FIRST_APPLICABLE_OBSERVED_GROUP_NOT_EXHAUSTIVE,[],0,False,False,Identity+status only; no scheduling/import or accounting allocation assertion. Cancellation does not prove per-DocEntry multiplicity.
RECEIPT_LINK,SINGLE_ITEM_RAW_CHARGE_COMPARISON,ITEM_APPROVAL_STATUS_POLICY_UPLOADED,2026-09-26 16:06:06,2026-10-01,2026-09-01,Motor,,,,"[""chrg_691mvq0e8iuvrh8x7p2""]",10,OBSERVED_DATA_STATE,1819.86,b877d38a-b2dd-459a-907f-c86b4eb5fcb4,2026-09-17 07:06:54,1819.86,0,,CURRENT_MONTH,PAID,RCL,10,false,false,false,2b509367-14d9-47a5-af06-244a8e10740b,LEAD_STATUS_PURCHASED,,,0,,MOTOR_TYPE_1,true,L77852962,L77852962-V1,1,2026-09-17 07:06:54,2026-09-17,PAYMENT_DATE,QR_CODE,INSTALLMENT,RABBIT_CARE_INSTALLMENT,1,products/car-insurance,chrg_691mvq0e8iuvrh8x7p2,2026-09-17 07:06:54,SAP_PERIOD_PENDING_RECEIPT_MISSING,MISSING_TERMINAL_SAP_EVIDENCE,10,,,0,1,pending,,RABBIT_LENDING,10,ITEM_SUBMISSION_STATUS_SUBMITTED,0,10,c5118a4d-706c-412b-970c-8727fff89f05,true,true,,,RCL newpayment membership applies only to Motor RCL; false for other flows is not a blocker.,2025-12-18 10:25:28,insurers/28,,,,,,EVENT_ABSENT,SUBSEQUENT_INSTALLMENT,false,false,,,RCL_MOTOR_ORDER_YEAR_2026_CUTOFF,FIRST_APPLICABLE_OBSERVED_GROUP_NOT_EXHAUSTIVE,[],0,False,False,Identity+status only; no scheduling/import or accounting allocation assertion. Cancellation does not prove per-DocEntry multiplicity.
RECEIPT_LINK,SINGLE_ITEM_RAW_CHARGE_COMPARISON,ITEM_APPROVAL_STATUS_POLICY_UPLOADED,2026-09-26 16:06:06,2026-10-01,2026-09-01,Motor,,,,"[""chrg_692rrh6pznwyqs0fyzm""]",10,OBSERVED_DATA_STATE,1920.65,3575c0f9-8dd8-4be3-b7c5-552e58edee24,2026-09-20 04:49:15,1920.65,0,,CURRENT_MONTH,PAID,RCL,10,false,false,false,ae6c3b13-3cc6-43ee-8c4d-34a61956a825,LEAD_STATUS_PURCHASED,,,0,,MOTOR_TYPE_1,true,L77879228,L77879228-V1,1,2026-09-20 04:49:14,2026-09-20,PAYMENT_DATE,QR_CODE,INSTALLMENT,RABBIT_CARE_INSTALLMENT,1,products/car-insurance,chrg_692rrh6pznwyqs0fyzm,2026-09-20 04:49:14,SAP_PERIOD_PENDING_RECEIPT_MISSING,MISSING_TERMINAL_SAP_EVIDENCE,10,,,0,1,pending,,RABBIT_LENDING,10,ITEM_SUBMISSION_STATUS_SUBMITTED,0,10,c16cf059-25c0-426a-87e7-a715c5dc4372,true,true,,,RCL newpayment membership applies only to Motor RCL; false for other flows is not a blocker.,2025-12-12 15:25:52,insurers/17,,,,,,EVENT_ABSENT,SUBSEQUENT_INSTALLMENT,false,false,,,RCL_MOTOR_ORDER_YEAR_2026_CUTOFF,FIRST_APPLICABLE_OBSERVED_GROUP_NOT_EXHAUSTIVE,[],0,False,False,Identity+status only; no scheduling/import or accounting allocation assertion. Cancellation does not prove per-DocEntry multiplicity.
RECEIPT_LINK,SINGLE_ITEM_RAW_CHARGE_COMPARISON,ITEM_APPROVAL_STATUS_POLICY_UPLOADED,2026-09-26 16:06:06,2026-10-01,2026-09-01,Motor,,,,"[""chrg_693hy9nppfvr2ifv5qi""]",10,OBSERVED_DATA_STATE,1888.87,99e33eed-a0cd-4b9b-bf81-cb50826da1b4,2026-09-22 01:26:09,1888.87,0,,CURRENT_MONTH,PAID,RCL,10,false,false,false,8a52e2b2-3b01-4c8a-a837-f22e1b5a0db5,LEAD_STATUS_PURCHASED,,,0,,MOTOR_TYPE_1,true,L77887594,L77887594-V1,1,2026-09-22 01:26:08,2026-09-22,PAYMENT_DATE,QR_CODE,INSTALLMENT,RABBIT_CARE_INSTALLMENT,1,products/car-insurance,chrg_693hy9nppfvr2ifv5qi,2026-09-22 01:26:08,SAP_PERIOD_PENDING_RECEIPT_MISSING,MISSING_TERMINAL_SAP_EVIDENCE,10,,,0,1,pending,,RABBIT_LENDING,10,ITEM_SUBMISSION_STATUS_SUBMITTED,0,10,d1fa3908-bbc2-47bb-9d4a-f409eb68fba6,true,true,,,RCL newpayment membership applies only to Motor RCL; false for other flows is not a blocker.,2025-12-23 17:27:29,insurers/28,,,,,,EVENT_ABSENT,SUBSEQUENT_INSTALLMENT,false,false,,,RCL_MOTOR_ORDER_YEAR_2026_CUTOFF,FIRST_APPLICABLE_OBSERVED_GROUP_NOT_EXHAUSTIVE,[],0,False,False,Identity+status only; no scheduling/import or accounting allocation assertion. Cancellation does not prove per-DocEntry multiplicity.
RECEIPT_LINK,SINGLE_ITEM_RAW_CHARGE_COMPARISON,ITEM_APPROVAL_STATUS_POLICY_UPLOADED,2026-09-26 16:06:06,2026-10-01,2026-09-01,Motor,,,,"[""chrg_690yz2bh24gspia13dm""]",10,OBSERVED_DATA_STATE,1918.08,6d019d3e-ed31-496c-8aa1-57b2e151606d,2026-09-15 14:22:05,1918.08,0,,CURRENT_MONTH,PAID,RCL,9,false,false,false,1cdc704d-4efb-49b0-9274-a0d2276ecba9,LEAD_STATUS_PURCHASED,,,0,,MOTOR_TYPE_1,true,L77897388,L77897388-V1,1,2026-09-15 14:22:04,2026-09-15,PAYMENT_DATE,QR_CODE,INSTALLMENT,RABBIT_CARE_INSTALLMENT,1,products/car-insurance,chrg_690yz2bh24gspia13dm,2026-09-15 14:22:04,SAP_PERIOD_PENDING_RECEIPT_MISSING,MISSING_TERMINAL_SAP_EVIDENCE,10,,,0,1,pending,,RABBIT_LENDING,10,ITEM_SUBMISSION_STATUS_SUBMITTED,0,9,2cf12eae-ad97-4275-817a-31b2b198200c,true,true,,,RCL newpayment membership applies only to Motor RCL; false for other flows is not a blocker.,2025-12-30 12:37:33,insurers/28,,,,,,EVENT_ABSENT,SUBSEQUENT_INSTALLMENT,false,false,,,RCL_MOTOR_ORDER_YEAR_2026_CUTOFF,FIRST_APPLICABLE_OBSERVED_GROUP_NOT_EXHAUSTIVE,[],0,False,False,Identity+status only; no scheduling/import or accounting allocation assertion. Cancellation does not prove per-DocEntry multiplicity.
RECEIPT_LINK,SINGLE_ITEM_RAW_CHARGE_COMPARISON,ITEM_APPROVAL_STATUS_POLICY_UPLOADED,2026-09-26 16:06:06,2026-10-01,2026-09-01,Motor,,,,"[""chrg_694vzf3fry8l31qusfd""]",10,OBSERVED_DATA_STATE,4200.18,80798b97-8d0a-44a4-9446-9d2e8259a33c,2026-09-25 14:42:48,4200.18,0,,CURRENT_MONTH,PAID,RCL,10,false,false,false,82f16aa0-ea73-4247-852e-3210886c987f,LEAD_STATUS_PURCHASED,,,0,,MOTOR_TYPE_1,true,L77902124,L77902124-V1,1,2026-09-25 14:42:47,2026-09-25,PAYMENT_DATE,QR_CODE,INSTALLMENT,RABBIT_CARE_INSTALLMENT,1,products/car-insurance,chrg_694vzf3fry8l31qusfd,2026-09-25 14:42:47,SAP_PERIOD_PENDING_RECEIPT_MISSING,MISSING_TERMINAL_SAP_EVIDENCE,10,,,0,1,pending,,RABBIT_LENDING,10,ITEM_SUBMISSION_STATUS_SUBMITTED,0,10,5497746f-9686-49af-a256-65c635dd2210,true,true,,,RCL newpayment membership applies only to Motor RCL; false for other flows is not a blocker.,2025-12-23 11:58:37,insurers/28,,,,,,EVENT_ABSENT,SUBSEQUENT_INSTALLMENT,false,false,,,RCL_MOTOR_ORDER_YEAR_2026_CUTOFF,FIRST_APPLICABLE_OBSERVED_GROUP_NOT_EXHAUSTIVE,[],0,False,False,Identity+status only; no scheduling/import or accounting allocation assertion. Cancellation does not prove per-DocEntry multiplicity.
RECEIPT_LINK,SINGLE_ITEM_RAW_CHARGE_COMPARISON,ITEM_APPROVAL_STATUS_POLICY_UPLOADED,2026-09-26 16:06:06,2026-10-01,2026-09-01,Motor,,,,"[""chrg_694phc7vxfn8spod7xg""]",10,OBSERVED_DATA_STATE,2880.01,0612bcfe-6d25-4953-8f4a-197b9e0949d0,2026-09-25 03:38:10,2880.01,0,,CURRENT_MONTH,PAID,RCL,10,false,false,false,a6d4d40f-1940-4513-8b7b-f6790fe2b865,LEAD_STATUS_PURCHASED,,,0,,MOTOR_TYPE_1,true,L77902487,L77902487-V1,1,2026-09-25 03:38:09,2026-09-25,PAYMENT_DATE,QR_CODE,INSTALLMENT,RABBIT_CARE_INSTALLMENT,1,products/car-insurance,chrg_694phc7vxfn8spod7xg,2026-09-25 03:38:09,SAP_PERIOD_PENDING_RECEIPT_MISSING,MISSING_TERMINAL_SAP_EVIDENCE,10,,,0,1,pending,,RABBIT_LENDING,10,ITEM_SUBMISSION_STATUS_SUBMITTED,0,10,a65dcd28-a921-4d70-98b5-eec2d08b2efd,true,true,,,RCL newpayment membership applies only to Motor RCL; false for other flows is not a blocker.,2025-12-23 17:03:59,insurers/17,,,,,,EVENT_ABSENT,SUBSEQUENT_INSTALLMENT,false,false,,,RCL_MOTOR_ORDER_YEAR_2026_CUTOFF,FIRST_APPLICABLE_OBSERVED_GROUP_NOT_EXHAUSTIVE,[],0,False,False,Identity+status only; no scheduling/import or accounting allocation assertion. Cancellation does not prove per-DocEntry multiplicity.
RECEIPT_LINK,SINGLE_ITEM_RAW_CHARGE_COMPARISON,ITEM_APPROVAL_STATUS_POLICY_UPLOADED,2026-09-26 16:06:06,2026-10-01,2026-09-01,Motor,,,,"[""chrg_694vcv648hy9djt1xqz""]",10,OBSERVED_DATA_STATE,2018.77,fd07ef04-33c8-4282-a605-34f7c9bd37c6,2026-09-26 00:26:50,2018.77,0,,CURRENT_MONTH,PAID,RCL,10,false,false,false,f8a9fdcf-8a61-48d0-88f1-fe48dd2345c4,LEAD_STATUS_PURCHASED,,,0,,MOTOR_TYPE_1,true,L77914090,L77914090-V1,1,2026-09-26 00:26:48,2026-09-26,PAYMENT_DATE,QR_CODE,INSTALLMENT,RABBIT_CARE_INSTALLMENT,1,products/car-insurance,chrg_694vcv648hy9djt1xqz,2026-09-26 00:26:48,SAP_PERIOD_PENDING_RECEIPT_MISSING,MISSING_TERMINAL_SAP_EVIDENCE,10,,,0,1,pending,,RABBIT_LENDING,10,ITEM_SUBMISSION_STATUS_SUBMITTED,0,10,c9e2a6ec-16c0-4e81-aef3-4118c8b02bf7,true,true,,,RCL newpayment membership applies only to Motor RCL; false for other flows is not a blocker.,2025-12-22 16:54:43,insurers/11,,,,,,EVENT_ABSENT,SUBSEQUENT_INSTALLMENT,false,false,,,RCL_MOTOR_ORDER_YEAR_2026_CUTOFF,FIRST_APPLICABLE_OBSERVED_GROUP_NOT_EXHAUSTIVE,[],0,False,False,Identity+status only; no scheduling/import or accounting allocation assertion. Cancellation does not prove per-DocEntry multiplicity.
RECEIPT_LINK,SINGLE_ITEM_RAW_CHARGE_COMPARISON,ITEM_APPROVAL_STATUS_POLICY_UPLOADED,2026-09-26 16:06:06,2026-10-01,2026-09-01,Motor,,,,"[""chrg_690z1vkvprqtoul4xeu""]",10,OBSERVED_DATA_STATE,2232.56,16416012-8c66-481a-bfee-5dd7b18c8782,2026-09-15 14:30:30,2232.56,0,,CURRENT_MONTH,PAID,RCL,10,false,false,false,65a3258c-96bc-444b-a3be-87b4a311726f,LEAD_STATUS_PURCHASED,,,0,,MOTOR_TYPE_1,true,L77916481,L77916481-V1,1,2026-09-15 14:30:30,2026-09-15,PAYMENT_DATE,QR_CODE,INSTALLMENT,RABBIT_CARE_INSTALLMENT,1,products/car-insurance,chrg_690z1vkvprqtoul4xeu,2026-09-15 14:30:30,SAP_PERIOD_PENDING_RECEIPT_MISSING,MISSING_TERMINAL_SAP_EVIDENCE,10,,,0,1,pending,,RABBIT_LENDING,10,ITEM_SUBMISSION_STATUS_SUBMITTED,0,10,33dc8a50-f08d-47cb-9cc2-4d99ee223507,true,true,,,RCL newpayment membership applies only to Motor RCL; false for other flows is not a blocker.,2025-12-03 17:31:21,insurers/35,,,,,,EVENT_ABSENT,SUBSEQUENT_INSTALLMENT,false,false,,,RCL_MOTOR_ORDER_YEAR_2026_CUTOFF,FIRST_APPLICABLE_OBSERVED_GROUP_NOT_EXHAUSTIVE,[],0,False,False,Identity+status only; no scheduling/import or accounting allocation assertion. Cancellation does not prove per-DocEntry multiplicity.
RECEIPT_LINK,SINGLE_ITEM_RAW_CHARGE_COMPARISON,ITEM_APPROVAL_STATUS_POLICY_UPLOADED,2026-09-26 16:06:06,2026-10-01,2026-09-01,Motor,,,,"[""chrg_6952fea919pzt3ml2e2""]",10,OBSERVED_DATA_STATE,2755.04,1d71fb72-7a7f-4b48-9b88-2e8c619ed3d8,2026-09-26 01:41:52,2755.04,0,,CURRENT_MONTH,PAID,RCL,10,false,false,false,c0af99e5-6917-4fcd-aea7-779299630c8f,LEAD_STATUS_PURCHASED,,,0,,MOTOR_TYPE_1,true,L77920555,L77920555-V1,1,2026-09-26 01:41:51,2026-09-26,PAYMENT_DATE,QR_CODE,INSTALLMENT,RABBIT_CARE_INSTALLMENT,1,products/car-insurance,chrg_6952fea919pzt3ml2e2,2026-09-26 01:41:51,SAP_PERIOD_PENDING_RECEIPT_MISSING,MISSING_TERMINAL_SAP_EVIDENCE,10,,,0,1,pending,,RABBIT_LENDING,10,ITEM_SUBMISSION_STATUS_SUBMITTED,0,10,e0c46a21-1d76-443a-9cd8-bde9414c38a1,true,true,,,RCL newpayment membership applies only to Motor RCL; false for other flows is not a blocker.,2025-12-25 09:53:01,insurers/17,,,,,,EVENT_ABSENT,SUBSEQUENT_INSTALLMENT,false,false,,,RCL_MOTOR_ORDER_YEAR_2026_CUTOFF,FIRST_APPLICABLE_OBSERVED_GROUP_NOT_EXHAUSTIVE,[],0,False,False,Identity+status only; no scheduling/import or accounting allocation assertion. Cancellation does not prove per-DocEntry multiplicity.
RECEIPT_LINK,SINGLE_ITEM_RAW_CHARGE_COMPARISON,ITEM_APPROVAL_STATUS_POLICY_UPLOADED,2026-09-26 16:06:06,2026-10-01,2026-09-01,Motor,,,,"[""chrg_693l5b3qzn7a0ppmwbg""]",10,OBSERVED_DATA_STATE,2020.0,cc5d5a6e-56a1-44e4-8888-b145e65968d0,2026-09-22 06:53:48,2020.0,0,,CURRENT_MONTH,PAID,RCL,10,false,false,false,2c3ad796-a164-4be8-b94d-ac971b05d22b,LEAD_STATUS_PURCHASED,,,0,,MOTOR_TYPE_1,true,L77939883,L77939883-V1,1,2026-09-22 06:53:48,2026-09-22,PAYMENT_DATE,QR_CODE,INSTALLMENT,RABBIT_CARE_INSTALLMENT,1,products/car-insurance,chrg_693l5b3qzn7a0ppmwbg,2026-09-22 06:53:48,SAP_PERIOD_PENDING_RECEIPT_MISSING,MISSING_TERMINAL_SAP_EVIDENCE,10,,,0,1,pending,,RABBIT_LENDING,10,ITEM_SUBMISSION_STATUS_SUBMITTED,0,10,de6cf7f3-57c9-4ffb-ac51-60861ccceb6f,true,true,,,RCL newpayment membership applies only to Motor RCL; false for other flows is not a blocker.,2025-12-23 14:59:37,insurers/28,,,,,,EVENT_ABSENT,SUBSEQUENT_INSTALLMENT,false,false,,,RCL_MOTOR_ORDER_YEAR_2026_CUTOFF,FIRST_APPLICABLE_OBSERVED_GROUP_NOT_EXHAUSTIVE,[],0,False,False,Identity+status only; no scheduling/import or accounting allocation assertion. Cancellation does not prove per-DocEntry multiplicity.
RECEIPT_LINK,SINGLE_ITEM_RAW_CHARGE_COMPARISON,ITEM_APPROVAL_STATUS_POLICY_UPLOADED,2026-09-26 16:06:06,2026-10-01,2026-09-01,Motor,,,,"[""chrg_694p66vzu821lj08ooi""]",10,OBSERVED_DATA_STATE,2565.22,4fa8431c-9fdc-4659-85e1-c64a463400e9,2026-09-25 03:06:52,2565.22,0,,CURRENT_MONTH,PAID,RCL,10,false,false,false,35899c31-e606-4f9b-9d84-c26e8fd9dbe4,LEAD_STATUS_PURCHASED,,,0,,MOTOR_TYPE_1,true,L77942102,L77942102-V1,1,2026-09-25 03:06:50,2026-09-25,PAYMENT_DATE,QR_CODE,INSTALLMENT,RABBIT_CARE_INSTALLMENT,1,products/car-insurance,chrg_694p66vzu821lj08ooi,2026-09-25 03:06:50,SAP_PERIOD_PENDING_RECEIPT_MISSING,MISSING_TERMINAL_SAP_EVIDENCE,10,,,0,1,pending,,RABBIT_LENDING,10,ITEM_SUBMISSION_STATUS_SUBMITTED,0,10,98fbb761-4e89-4132-9e00-773a64f076a5,true,true,,,RCL newpayment membership applies only to Motor RCL; false for other flows is not a blocker.,2025-12-29 16:50:02,insurers/35,,,,,,EVENT_ABSENT,SUBSEQUENT_INSTALLMENT,false,false,,,RCL_MOTOR_ORDER_YEAR_2026_CUTOFF,FIRST_APPLICABLE_OBSERVED_GROUP_NOT_EXHAUSTIVE,[],0,False,False,Identity+status only; no scheduling/import or accounting allocation assertion. Cancellation does not prove per-DocEntry multiplicity.
RECEIPT_LINK,SINGLE_ITEM_RAW_CHARGE_COMPARISON,ITEM_APPROVAL_STATUS_POLICY_UPLOADED,2026-09-26 16:06:06,2026-10-01,2026-09-01,Motor,,,,"[""chrg_691d4l3nisez3l27re2""]",10,OBSERVED_DATA_STATE,2170.07,69afd6cf-1255-424f-b28e-86744e2d0f20,2026-09-16 14:29:44,2170.07,0,,CURRENT_MONTH,PAID,RCL,10,false,false,false,d3ea077f-c9ff-4f4e-9586-1803c5d4d4ca,LEAD_STATUS_PURCHASED,,,0,,MOTOR_TYPE_1,true,L77943767,L77943767-V1,1,2026-09-16 14:29:43,2026-09-16,PAYMENT_DATE,QR_CODE,INSTALLMENT,RABBIT_CARE_INSTALLMENT,1,products/car-insurance,chrg_691d4l3nisez3l27re2,2026-09-16 14:29:43,SAP_PERIOD_PENDING_RECEIPT_MISSING,MISSING_TERMINAL_SAP_EVIDENCE,10,,,0,1,pending,,RABBIT_LENDING,10,ITEM_SUBMISSION_STATUS_SUBMITTED,0,10,fdd22783-9bce-47ff-a7f6-a89b21ace022,true,true,,,RCL newpayment membership applies only to Motor RCL; false for other flows is not a blocker.,2025-12-08 09:55:01,insurers/28,,,,,,EVENT_ABSENT,SUBSEQUENT_INSTALLMENT,false,false,,,RCL_MOTOR_ORDER_YEAR_2026_CUTOFF,FIRST_APPLICABLE_OBSERVED_GROUP_NOT_EXHAUSTIVE,[],0,False,False,Identity+status only; no scheduling/import or accounting allocation assertion. Cancellation does not prove per-DocEntry multiplicity.
RECEIPT_LINK,SINGLE_ITEM_RAW_CHARGE_COMPARISON,ITEM_APPROVAL_STATUS_POLICY_UPLOADED,2026-09-26 16:06:06,2026-10-01,2026-09-01,Motor,,,,"[""chrg_694omp5n9sflo0wxeb0""]",10,OBSERVED_DATA_STATE,2273.67,9e924e96-987d-47d0-a777-3de8c15d1c25,2026-09-25 02:11:07,2273.67,0,,CURRENT_MONTH,PAID,RCL,10,false,false,false,84fd9bca-0928-455b-a88d-b1a685ea3639,LEAD_STATUS_PURCHASED,,,0,,MOTOR_TYPE_1,true,L77983511,L77983511-V1,1,2026-09-25 02:11:07,2026-09-25,PAYMENT_DATE,QR_CODE,INSTALLMENT,RABBIT_CARE_INSTALLMENT,1,products/car-insurance,chrg_694omp5n9sflo0wxeb0,2026-09-25 02:11:07,SAP_PERIOD_PENDING_RECEIPT_MISSING,MISSING_TERMINAL_SAP_EVIDENCE,10,,,0,1,pending,,RABBIT_LENDING,10,ITEM_SUBMISSION_STATUS_SUBMITTED,0,10,13f5d677-86d3-4ef3-a9d6-3c99f75163ea,true,true,,,RCL newpayment membership applies only to Motor RCL; false for other flows is not a blocker.,2025-12-26 11:13:41,insurers/7,,,,,,EVENT_ABSENT,SUBSEQUENT_INSTALLMENT,false,false,,,RCL_MOTOR_ORDER_YEAR_2026_CUTOFF,FIRST_APPLICABLE_OBSERVED_GROUP_NOT_EXHAUSTIVE,[],0,False,False,Identity+status only; no scheduling/import or accounting allocation assertion. Cancellation does not prove per-DocEntry multiplicity.
RECEIPT_LINK,SINGLE_ITEM_RAW_CHARGE_COMPARISON,ITEM_APPROVAL_STATUS_POLICY_UPLOADED,2026-09-26 16:06:06,2026-10-01,2026-09-01,Motor,,,,"[""chrg_69267bvnurvt22dpw43""]",8,OBSERVED_DATA_STATE,2043.17,2d332e81-5c20-422b-b8df-acf12acc3469,2026-09-18 16:02:58,2043.17,0,,CURRENT_MONTH,PAID,RCL,8,false,false,false,0e52d918-3ba1-4985-b3f2-028f3809d072,LEAD_STATUS_PURCHASED,,,0,,MOTOR_TYPE_1,true,L78070298,L78070298-V1,1,2026-09-18 16:02:57,2026-09-18,PAYMENT_DATE,QR_CODE,INSTALLMENT,RABBIT_CARE_INSTALLMENT,1,products/car-insurance,chrg_69267bvnurvt22dpw43,2026-09-18 16:02:57,SAP_PERIOD_PENDING_RECEIPT_MISSING,MISSING_TERMINAL_SAP_EVIDENCE,8,,,0,1,pending,,RABBIT_LENDING,8,ITEM_SUBMISSION_STATUS_SUBMITTED,0,8,730f34e3-a159-4d96-b78c-4977d50f599e,true,true,,,RCL newpayment membership applies only to Motor RCL; false for other flows is not a blocker.,2025-12-15 19:47:28,insurers/28,,,,,,EVENT_ABSENT,SUBSEQUENT_INSTALLMENT,false,false,,,RCL_MOTOR_ORDER_YEAR_2026_CUTOFF,FIRST_APPLICABLE_OBSERVED_GROUP_NOT_EXHAUSTIVE,[],0,False,False,Identity+status only; no scheduling/import or accounting allocation assertion. Cancellation does not prove per-DocEntry multiplicity.
RECEIPT_LINK,SINGLE_ITEM_RAW_CHARGE_COMPARISON,ITEM_APPROVAL_STATUS_POLICY_UPLOADED,2026-09-26 16:06:06,2026-10-01,2026-09-01,Motor,,,,"[""chrg_692kek8o6c52oz6klwx""]",10,OBSERVED_DATA_STATE,1936.38,31deca4f-3e3f-4cc4-9d2c-0f6d2fc0b904,2026-09-19 16:15:11,1936.38,0,,CURRENT_MONTH,PAID,RCL,10,false,false,false,97330ad9-7bf6-4cf9-9523-c47bc0055be6,LEAD_STATUS_PURCHASED,,,0,,MOTOR_TYPE_1,true,L78115399,L78115399-V1,1,2026-09-19 16:15:10,2026-09-19,PAYMENT_DATE,QR_CODE,INSTALLMENT,RABBIT_CARE_INSTALLMENT,1,products/car-insurance,chrg_692kek8o6c52oz6klwx,2026-09-19 16:15:10,SAP_PERIOD_PENDING_RECEIPT_MISSING,MISSING_TERMINAL_SAP_EVIDENCE,10,,,0,1,pending,,RABBIT_LENDING,10,ITEM_SUBMISSION_STATUS_SUBMITTED,0,10,2a5dc98b-295a-42b8-b103-eb8d44c0f8a8,true,true,,,RCL newpayment membership applies only to Motor RCL; false for other flows is not a blocker.,2025-12-17 10:07:20,insurers/28,,,,,,EVENT_ABSENT,SUBSEQUENT_INSTALLMENT,false,false,,,RCL_MOTOR_ORDER_YEAR_2026_CUTOFF,FIRST_APPLICABLE_OBSERVED_GROUP_NOT_EXHAUSTIVE,[],0,False,False,Identity+status only; no scheduling/import or accounting allocation assertion. Cancellation does not prove per-DocEntry multiplicity.
RECEIPT_LINK,MULTI_ITEM_ALLOCATION_NOT_RECONCILED,ITEM_APPROVAL_STATUS_POLICY_UPLOADED,2026-09-26 16:06:06,2026-10-01,2026-09-01,Motor,,,,"[""chrg_6954j1y9kglet3ml1y1""]",10,OBSERVED_DATA_STATE,2625.11,413a1cf4-8046-45f9-9830-87f7401ac92e,2026-09-26 05:17:01,,1,,CURRENT_MONTH,PAID,RCL,10,false,false,false,25ce4c80-9cd1-4c5a-9790-ef10106842eb,LEAD_STATUS_PURCHASED,,,0,,MOTOR_TYPE_1,true,L78118535,L78118535-V1,2,2026-09-26 05:17:00,2026-09-26,PAYMENT_DATE,QR_CODE,INSTALLMENT,RABBIT_CARE_INSTALLMENT,1,products/car-insurance,chrg_6954j1y9kglet3ml1y1,2026-09-26 05:17:00,SAP_PERIOD_PENDING_RECEIPT_MISSING,MISSING_TERMINAL_SAP_EVIDENCE,10,,,0,1,pending,,RABBIT_LENDING,10,ITEM_SUBMISSION_STATUS_SUBMITTED,0,10,95ee946e-e1a9-4318-85ae-90718e4425f9,true,true,,,RCL newpayment membership applies only to Motor RCL; false for other flows is not a blocker.,2025-12-27 16:34:02,insurers/27,,,,,,EVENT_ABSENT,SUBSEQUENT_INSTALLMENT,false,false,,,RCL_MOTOR_ORDER_YEAR_2026_CUTOFF,FIRST_APPLICABLE_OBSERVED_GROUP_NOT_EXHAUSTIVE,[],0,False,False,Identity+status only; no scheduling/import or accounting allocation assertion. Cancellation does not prove per-DocEntry multiplicity.
RECEIPT_LINK,SINGLE_ITEM_RAW_CHARGE_COMPARISON,ITEM_APPROVAL_STATUS_POLICY_UPLOADED,2026-09-26 16:06:06,2026-10-01,2026-09-01,Motor,,,,"[""chrg_6921o3spkkykx1ngow7""]",10,OBSERVED_DATA_STATE,1928.6,1b0e382b-ac7a-4bc4-bc7d-4ef64178a7af,2026-09-19 16:17:19,1928.6,0,,CURRENT_MONTH,PAID,RCL,10,false,false,false,f012ec42-49d2-4d0e-bfe5-dc597d98c32a,LEAD_STATUS_PURCHASED,,,0,,MOTOR_TYPE_1,true,L78290719,L78290719-V1,1,2026-09-19 16:17:19,2026-09-19,PAYMENT_DATE,QR_CODE,INSTALLMENT,RABBIT_CARE_INSTALLMENT,1,products/car-insurance,chrg_6921o3spkkykx1ngow7,2026-09-19 16:17:19,SAP_PERIOD_PENDING_RECEIPT_MISSING,MISSING_TERMINAL_SAP_EVIDENCE,10,,,0,1,pending,,RABBIT_LENDING,10,ITEM_SUBMISSION_STATUS_SUBMITTED,0,10,b60db82a-8a20-4743-99ec-de53b906eb89,true,true,,,RCL newpayment membership applies only to Motor RCL; false for other flows is not a blocker.,2025-12-09 18:04:11,insurers/27,,,,,,EVENT_ABSENT,SUBSEQUENT_INSTALLMENT,false,false,,,RCL_MOTOR_ORDER_YEAR_2026_CUTOFF,FIRST_APPLICABLE_OBSERVED_GROUP_NOT_EXHAUSTIVE,[],0,False,False,Identity+status only; no scheduling/import or accounting allocation assertion. Cancellation does not prove per-DocEntry multiplicity.
RECEIPT_LINK,SINGLE_ITEM_RAW_CHARGE_COMPARISON,ITEM_APPROVAL_STATUS_POLICY_UPLOADED,2026-09-26 16:06:06,2026-10-01,2026-09-01,Motor,,,,"[""chrg_693atj123qbuvni48l4""]",10,OBSERVED_DATA_STATE,1950.0,64d03f5b-5eff-49b4-bdd0-e00edb322685,2026-09-21 13:16:29,1950.0,0,,CURRENT_MONTH,PAID,RCL,10,false,false,false,e4368296-81b7-4539-8d29-530ae6a6da5a,LEAD_STATUS_PURCHASED,,,0,,MOTOR_TYPE_1,true,L78901743,L78901743-V1,1,2026-09-21 13:16:29,2026-09-21,PAYMENT_DATE,QR_CODE,INSTALLMENT,RABBIT_CARE_INSTALLMENT,1,products/car-insurance,chrg_693atj123qbuvni48l4,2026-09-21 13:16:29,SAP_PERIOD_PENDING_RECEIPT_MISSING,MISSING_TERMINAL_SAP_EVIDENCE,10,,,0,1,pending,,RABBIT_LENDING,10,ITEM_SUBMISSION_STATUS_SUBMITTED,0,10,e18d5c6a-a928-4774-aed4-78930008e09b,true,true,,,RCL newpayment membership applies only to Motor RCL; false for other flows is not a blocker.,2025-12-22 09:18:07,insurers/27,,,,,,EVENT_ABSENT,SUBSEQUENT_INSTALLMENT,false,false,,,RCL_MOTOR_ORDER_YEAR_2026_CUTOFF,FIRST_APPLICABLE_OBSERVED_GROUP_NOT_EXHAUSTIVE,[],0,False,False,Identity+status only; no scheduling/import or accounting allocation assertion. Cancellation does not prove per-DocEntry multiplicity.
RECEIPT_LINK,SINGLE_ITEM_RAW_CHARGE_COMPARISON,ITEM_APPROVAL_STATUS_POLICY_UPLOADED,2026-09-26 16:06:06,2026-10-01,2026-09-01,Motor,,,,"[""chrg_6939cvjj38tb268ngc0""]",10,OBSERVED_DATA_STATE,2300.0,7321b5bb-1db9-4bae-9195-02ea4792ed26,2026-09-21 10:55:19,2300.0,0,,CURRENT_MONTH,PAID,RCL,10,false,false,false,8487e814-b61c-4da8-823d-999bc1c4e205,LEAD_STATUS_PURCHASED,,,0,,MOTOR_TYPE_1,true,L78980730,L78980730-V1,1,2026-09-21 10:55:18,2026-09-21,PAYMENT_DATE,QR_CODE,INSTALLMENT,RABBIT_CARE_INSTALLMENT,1,products/car-insurance,chrg_6939cvjj38tb268ngc0,2026-09-21 10:55:18,SAP_PERIOD_PENDING_RECEIPT_MISSING,MISSING_TERMINAL_SAP_EVIDENCE,10,,,0,1,pending,,RABBIT_LENDING,10,ITEM_SUBMISSION_STATUS_SUBMITTED,0,10,b3a43a6b-4328-4e8b-ac34-d3d283ea525f,true,true,,,RCL newpayment membership applies only to Motor RCL; false for other flows is not a blocker.,2025-12-11 11:02:28,insurers/35,,,,,,EVENT_ABSENT,SUBSEQUENT_INSTALLMENT,false,false,,,RCL_MOTOR_ORDER_YEAR_2026_CUTOFF,FIRST_APPLICABLE_OBSERVED_GROUP_NOT_EXHAUSTIVE,[],0,False,False,Identity+status only; no scheduling/import or accounting allocation assertion. Cancellation does not prove per-DocEntry multiplicity.
RECEIPT_LINK,SINGLE_ITEM_RAW_CHARGE_COMPARISON,ITEM_APPROVAL_STATUS_POLICY_UPLOADED,2026-09-26 16:06:06,2026-10-01,2026-09-01,Motor,,,,"[""chrg_691i39pzqapvtnj66bj""]",10,OBSERVED_DATA_STATE,2900.13,d51dc30f-0d4d-401d-add4-c1fe45bc5e4e,2026-09-16 22:57:08,2900.13,0,,CURRENT_MONTH,PAID,RCL,10,false,false,false,6d270104-5403-450a-bb42-b078971f9666,LEAD_STATUS_PURCHASED,,,0,,MOTOR_TYPE_1,true,L79071637,L79071637-V1,1,2026-09-16 22:57:07,2026-09-17,PAYMENT_DATE,QR_CODE,INSTALLMENT,RABBIT_CARE_INSTALLMENT,1,products/car-insurance,chrg_691i39pzqapvtnj66bj,2026-09-16 22:57:07,SAP_PERIOD_PENDING_RECEIPT_MISSING,MISSING_TERMINAL_SAP_EVIDENCE,10,,,0,1,pending,,RABBIT_LENDING,10,ITEM_SUBMISSION_STATUS_SUBMITTED,0,10,8ef9f367-d97f-4710-88d8-0327d58fd82f,true,true,,,RCL newpayment membership applies only to Motor RCL; false for other flows is not a blocker.,2025-12-06 15:42:42,insurers/28,,,,,,EVENT_ABSENT,SUBSEQUENT_INSTALLMENT,false,false,,,RCL_MOTOR_ORDER_YEAR_2026_CUTOFF,FIRST_APPLICABLE_OBSERVED_GROUP_NOT_EXHAUSTIVE,[],0,False,False,Identity+status only; no scheduling/import or accounting allocation assertion. Cancellation does not prove per-DocEntry multiplicity.
RECEIPT_LINK,SINGLE_ITEM_RAW_CHARGE_COMPARISON,ITEM_APPROVAL_STATUS_POLICY_UPLOADED,2026-09-26 16:06:06,2026-10-01,2026-09-01,Motor,,,,"[""chrg_693cr752dmbwic4pa4i""]",10,OBSERVED_DATA_STATE,1850.0,59bba7be-a319-429a-8ede-14bb01a34f66,2026-09-21 16:34:30,1850.0,0,,CURRENT_MONTH,PAID,RCL,10,false,false,false,ec088f03-6cd5-402e-a73e-ae8bcc1770e3,LEAD_STATUS_PURCHASED,,,0,,MOTOR_TYPE_1,true,L79112971,L79112971-V1,1,2026-09-21 16:34:29,2026-09-21,PAYMENT_DATE,QR_CODE,INSTALLMENT,RABBIT_CARE_INSTALLMENT,1,products/car-insurance,chrg_693cr752dmbwic4pa4i,2026-09-21 16:34:29,SAP_PERIOD_PENDING_RECEIPT_MISSING,MISSING_TERMINAL_SAP_EVIDENCE,10,,,0,1,pending,,RABBIT_LENDING,10,ITEM_SUBMISSION_STATUS_SUBMITTED,0,10,039746e9-e45d-43e5-8614-7e0876f6f7fa,true,true,,,RCL newpayment membership applies only to Motor RCL; false for other flows is not a blocker.,2025-12-27 13:54:10,insurers/27,,,,,,EVENT_ABSENT,SUBSEQUENT_INSTALLMENT,false,false,,,RCL_MOTOR_ORDER_YEAR_2026_CUTOFF,FIRST_APPLICABLE_OBSERVED_GROUP_NOT_EXHAUSTIVE,[],0,False,False,Identity+status only; no scheduling/import or accounting allocation assertion. Cancellation does not prove per-DocEntry multiplicity.
RECEIPT_LINK,MULTI_ITEM_ALLOCATION_NOT_RECONCILED,ITEM_APPROVAL_STATUS_POLICY_UPLOADED,2026-09-26 16:06:06,2026-10-01,2026-09-01,Motor,,,,"[""chrg_694pl0yoqc854jq2yp3""]",10,OBSERVED_DATA_STATE,2350.0,eab9cbcf-2572-46ba-9c72-94448c7bf0b3,2026-09-25 03:48:19,,1,,CURRENT_MONTH,PAID,RCL,10,false,false,false,275a9eb5-a200-4bcf-9f0a-131ff73c254e,LEAD_STATUS_PURCHASED,,,0,,MOTOR_TYPE_1,true,L79131897,L79131897-V1,2,2026-09-25 03:48:18,2026-09-25,PAYMENT_DATE,QR_CODE,INSTALLMENT,RABBIT_CARE_INSTALLMENT,1,products/car-insurance,chrg_694pl0yoqc854jq2yp3,2026-09-25 03:48:18,SAP_PERIOD_PENDING_RECEIPT_MISSING,MISSING_TERMINAL_SAP_EVIDENCE,10,,,0,1,pending,,RABBIT_LENDING,10,ITEM_SUBMISSION_STATUS_SUBMITTED,0,10,01d7b477-9d98-4f82-ab5d-38e061a19eb9,true,true,,,RCL newpayment membership applies only to Motor RCL; false for other flows is not a blocker.,2025-12-25 10:09:28,insurers/27,,,,,,EVENT_ABSENT,SUBSEQUENT_INSTALLMENT,false,false,,,RCL_MOTOR_ORDER_YEAR_2026_CUTOFF,FIRST_APPLICABLE_OBSERVED_GROUP_NOT_EXHAUSTIVE,[],0,False,False,Identity+status only; no scheduling/import or accounting allocation assertion. Cancellation does not prove per-DocEntry multiplicity.
RECEIPT_LINK,MULTI_ITEM_ALLOCATION_NOT_RECONCILED,ITEM_APPROVAL_STATUS_POLICY_UPLOADED,2026-09-26 16:06:06,2026-10-01,2026-09-01,Motor,,,,"[""chrg_693i9sw7ch49rpgirkh""]",10,OBSERVED_DATA_STATE,2700.0,32f1fb38-3115-43cf-ba9c-81a16151573c,2026-09-22 02:28:05,,1,,CURRENT_MONTH,PAID,RCL,10,false,false,false,2ea60bb5-5f41-4810-90f2-9197b1ff4bce,LEAD_STATUS_PURCHASED,,,0,,MOTOR_TYPE_1,true,L79264923,L79264923-V1,2,2026-09-22 02:28:05,2026-09-22,PAYMENT_DATE,QR_CODE,INSTALLMENT,RABBIT_CARE_INSTALLMENT,1,products/car-insurance,chrg_693i9sw7ch49rpgirkh,2026-09-22 02:28:05,SAP_PERIOD_PENDING_RECEIPT_MISSING,MISSING_TERMINAL_SAP_EVIDENCE,10,,,0,1,pending,,RABBIT_LENDING,10,ITEM_SUBMISSION_STATUS_SUBMITTED,0,10,eb3fde67-a6be-491c-b816-7a99828af676,true,true,,,RCL newpayment membership applies only to Motor RCL; false for other flows is not a blocker.,2025-12-23 09:22:02,insurers/35,,,,,,EVENT_ABSENT,SUBSEQUENT_INSTALLMENT,false,false,,,RCL_MOTOR_ORDER_YEAR_2026_CUTOFF,FIRST_APPLICABLE_OBSERVED_GROUP_NOT_EXHAUSTIVE,[],0,False,False,Identity+status only; no scheduling/import or accounting allocation assertion. Cancellation does not prove per-DocEntry multiplicity.
RECEIPT_LINK,MULTI_ITEM_ALLOCATION_NOT_RECONCILED,ITEM_APPROVAL_STATUS_POLICY_UPLOADED,2026-09-26 16:06:06,2026-10-01,2026-09-01,Motor,,,,"[""chrg_691zorad6dk50k7xgjx""]",10,OBSERVED_DATA_STATE,2894.96,2f325068-0f00-4879-884b-101e78d49ad7,2026-09-18 04:56:45,,1,,CURRENT_MONTH,PAID,RCL,10,false,false,false,99901ee3-6220-4c1d-9526-05a5bd8bb1b6,LEAD_STATUS_PURCHASED,,,0,,MOTOR_TYPE_1,true,L79266659,L79266659-V1,2,2026-09-18 04:56:44,2026-09-18,PAYMENT_DATE,QR_CODE,INSTALLMENT,RABBIT_CARE_INSTALLMENT,1,products/car-insurance,chrg_691zorad6dk50k7xgjx,2026-09-18 04:56:44,SAP_PERIOD_PENDING_RECEIPT_MISSING,MISSING_TERMINAL_SAP_EVIDENCE,10,,,0,1,pending,,RABBIT_LENDING,10,ITEM_SUBMISSION_STATUS_SUBMITTED,0,10,fe2fc05c-19a0-4679-8b4f-f9f8bff09c79,true,true,,,RCL newpayment membership applies only to Motor RCL; false for other flows is not a blocker.,2025-12-18 10:27:49,insurers/27,,,,,,EVENT_ABSENT,SUBSEQUENT_INSTALLMENT,false,false,,,RCL_MOTOR_ORDER_YEAR_2026_CUTOFF,FIRST_APPLICABLE_OBSERVED_GROUP_NOT_EXHAUSTIVE,[],0,False,False,Identity+status only; no scheduling/import or accounting allocation assertion. Cancellation does not prove per-DocEntry multiplicity.
RECEIPT_LINK,MULTI_ITEM_ALLOCATION_NOT_RECONCILED,ITEM_APPROVAL_STATUS_POLICY_UPLOADED,2026-09-26 16:06:06,2026-10-01,2026-09-01,Motor,,,,"[""chrg_694ft8gaa5dv8tn3v8m""]",10,OBSERVED_DATA_STATE,2400.0,66ea7c65-2d83-4130-af1c-c5d5b0a0df51,2026-09-24 11:10:07,,1,,CURRENT_MONTH,PAID,RCL,10,false,false,false,1e2886ea-5a2d-4bf1-95e2-6229655b4d9d,LEAD_STATUS_PURCHASED,,,0,,MOTOR_TYPE_1,true,L79293316,L79293316-V1,2,2026-09-24 11:10:06,2026-09-24,PAYMENT_DATE,QR_CODE,INSTALLMENT,RABBIT_CARE_INSTALLMENT,1,products/car-insurance,chrg_694ft8gaa5dv8tn3v8m,2026-09-24 11:10:06,SAP_PERIOD_PENDING_RECEIPT_MISSING,MISSING_TERMINAL_SAP_EVIDENCE,10,,,0,1,pending,,RABBIT_LENDING,10,ITEM_SUBMISSION_STATUS_SUBMITTED,0,10,3f73b369-3e20-4ee8-b3e5-05f116199549,true,true,,,RCL newpayment membership applies only to Motor RCL; false for other flows is not a blocker.,2025-12-17 09:44:31,insurers/27,,,,,,EVENT_ABSENT,SUBSEQUENT_INSTALLMENT,false,false,,,RCL_MOTOR_ORDER_YEAR_2026_CUTOFF,FIRST_APPLICABLE_OBSERVED_GROUP_NOT_EXHAUSTIVE,[],0,False,False,Identity+status only; no scheduling/import or accounting allocation assertion. Cancellation does not prove per-DocEntry multiplicity.
RECEIPT_LINK,SINGLE_ITEM_RAW_CHARGE_COMPARISON,ITEM_APPROVAL_STATUS_POLICY_UPLOADED,2026-09-26 16:06:06,2026-10-01,2026-09-01,Motor,,,,"[""chrg_692amby4zhfbaky5tyk""]",10,OBSERVED_DATA_STATE,2470.0,d44af935-02a0-4f76-ae3b-02d4c2913e3a,2026-09-18 23:34:41,2470.0,0,,CURRENT_MONTH,PAID,RCL,10,false,false,false,03e092dd-7c13-4dd5-9c3d-1e1ec932fe3f,LEAD_STATUS_PURCHASED,,,0,,MOTOR_TYPE_1,true,L79305074,L79305074-V1,1,2026-09-18 23:34:40,2026-09-19,PAYMENT_DATE,QR_CODE,INSTALLMENT,RABBIT_CARE_INSTALLMENT,1,products/car-insurance,chrg_692amby4zhfbaky5tyk,2026-09-18 23:34:40,SAP_PERIOD_PENDING_RECEIPT_MISSING,MISSING_TERMINAL_SAP_EVIDENCE,10,,,0,1,pending,,RABBIT_LENDING,10,ITEM_SUBMISSION_STATUS_SUBMITTED,0,10,e6498951-bb1b-401e-b071-194cfb882308,true,true,,,RCL newpayment membership applies only to Motor RCL; false for other flows is not a blocker.,2025-12-12 13:09:16,insurers/35,,,,,,EVENT_ABSENT,SUBSEQUENT_INSTALLMENT,false,false,,,RCL_MOTOR_ORDER_YEAR_2026_CUTOFF,FIRST_APPLICABLE_OBSERVED_GROUP_NOT_EXHAUSTIVE,[],0,False,False,Identity+status only; no scheduling/import or accounting allocation assertion. Cancellation does not prove per-DocEntry multiplicity.
RECEIPT_LINK,SINGLE_ITEM_RAW_CHARGE_COMPARISON,ITEM_APPROVAL_STATUS_POLICY_UPLOADED,2026-09-26 16:06:06,2026-10-01,2026-09-01,Motor,,,,"[""chrg_6936h0rot7rm3wlf5to""]",10,OBSERVED_DATA_STATE,2170.0,d406b7a7-7daa-416b-a0e3-e7dcf55df5c9,2026-09-21 06:03:59,2170.0,0,,CURRENT_MONTH,PAID,RCL,10,false,false,false,399837e0-ccfb-4b15-a3bd-a3dd6bef42ba,LEAD_STATUS_PURCHASED,,,0,,MOTOR_TYPE_1,true,L79305182,L79305182-V1,1,2026-09-21 06:03:59,2026-09-21,PAYMENT_DATE,QR_CODE,INSTALLMENT,RABBIT_CARE_INSTALLMENT,1,products/car-insurance,chrg_6936h0rot7rm3wlf5to,2026-09-21 06:03:59,SAP_PERIOD_PENDING_RECEIPT_MISSING,MISSING_TERMINAL_SAP_EVIDENCE,10,,,0,1,pending,,RABBIT_LENDING,10,ITEM_SUBMISSION_STATUS_SUBMITTED,0,10,1476fd86-a2cb-4817-8256-977b7f1b01f7,true,true,,,RCL newpayment membership applies only to Motor RCL; false for other flows is not a blocker.,2025-12-20 15:45:11,insurers/28,,,,,,EVENT_ABSENT,SUBSEQUENT_INSTALLMENT,false,false,,,RCL_MOTOR_ORDER_YEAR_2026_CUTOFF,FIRST_APPLICABLE_OBSERVED_GROUP_NOT_EXHAUSTIVE,[],0,False,False,Identity+status only; no scheduling/import or accounting allocation assertion. Cancellation does not prove per-DocEntry multiplicity.
RECEIPT_LINK,SINGLE_ITEM_RAW_CHARGE_COMPARISON,ITEM_APPROVAL_STATUS_POLICY_UPLOADED,2026-09-26 16:06:06,2026-10-01,2026-09-01,Motor,,,,"[""chrg_6914r659ity4ub8isrm""]",10,OBSERVED_DATA_STATE,2220.0,71bbd70a-94c8-4c49-81e0-17ccf88b9232,2026-09-16 00:14:25,2220.0,0,,CURRENT_MONTH,PAID,RCL,10,false,false,false,db579a0b-f96d-444e-9aa9-9520b8ac1c3c,LEAD_STATUS_PURCHASED,,,0,,MOTOR_TYPE_1,true,L79307435,L79307435-V1,1,2026-09-16 00:14:25,2026-09-16,PAYMENT_DATE,QR_CODE,INSTALLMENT,RABBIT_CARE_INSTALLMENT,1,products/car-insurance,chrg_6914r659ity4ub8isrm,2026-09-16 00:14:25,SAP_PERIOD_PENDING_RECEIPT_MISSING,MISSING_TERMINAL_SAP_EVIDENCE,10,,,0,1,pending,,RABBIT_LENDING,10,ITEM_SUBMISSION_STATUS_SUBMITTED,0,10,4d5c26bc-c1a4-4eca-8ed6-d8521ee5fc2d,true,true,,,RCL newpayment membership applies only to Motor RCL; false for other flows is not a blocker.,2025-12-15 13:24:31,insurers/28,,,,,,EVENT_ABSENT,SUBSEQUENT_INSTALLMENT,false,false,,,RCL_MOTOR_ORDER_YEAR_2026_CUTOFF,FIRST_APPLICABLE_OBSERVED_GROUP_NOT_EXHAUSTIVE,[],0,False,False,Identity+status only; no scheduling/import or accounting allocation assertion. Cancellation does not prove per-DocEntry multiplicity.
RECEIPT_LINK,SINGLE_ITEM_RAW_CHARGE_COMPARISON,ITEM_APPROVAL_STATUS_POLICY_UPLOADED,2026-09-26 16:06:06,2026-10-01,2026-09-01,Motor,,,,"[""chrg_694tnkal7vu4s313z93""]",10,OBSERVED_DATA_STATE,2625.57,dab5f433-89cd-42e6-a26d-936517698da0,2026-09-25 10:44:29,2625.57,0,,CURRENT_MONTH,PAID,RCL,10,false,false,false,31fd7ec3-3ede-41a7-a2ab-14b3c1e420ba,LEAD_STATUS_PURCHASED,,,0,,MOTOR_TYPE_1,true,L79312952,L79312952-V1,1,2026-09-25 10:44:28,2026-09-25,PAYMENT_DATE,QR_CODE,INSTALLMENT,RABBIT_CARE_INSTALLMENT,1,products/car-insurance,chrg_694tnkal7vu4s313z93,2026-09-25 10:44:28,SAP_PERIOD_PENDING_RECEIPT_MISSING,MISSING_TERMINAL_SAP_EVIDENCE,10,,,0,1,pending,,RABBIT_LENDING,10,ITEM_SUBMISSION_STATUS_SUBMITTED,0,10,11bee95e-6bb7-4cd3-a075-35d2654ec06c,true,true,,,RCL newpayment membership applies only to Motor RCL; false for other flows is not a blocker.,2025-12-17 18:36:46,insurers/7,,,,,,EVENT_ABSENT,SUBSEQUENT_INSTALLMENT,false,false,,,RCL_MOTOR_ORDER_YEAR_2026_CUTOFF,FIRST_APPLICABLE_OBSERVED_GROUP_NOT_EXHAUSTIVE,[],0,False,False,Identity+status only; no scheduling/import or accounting allocation assertion. Cancellation does not prove per-DocEntry multiplicity.
RECEIPT_LINK,SINGLE_ITEM_RAW_CHARGE_COMPARISON,ITEM_APPROVAL_STATUS_POLICY_UPLOADED,2026-09-26 16:06:06,2026-10-01,2026-09-01,Motor,,,,"[""chrg_691btmgf72aq7ivn29a""]",10,OBSERVED_DATA_STATE,1990.0,47b5a89b-37e4-44da-86eb-1b22b503e627,2026-09-16 12:16:40,1990.0,0,,CURRENT_MONTH,PAID,RCL,10,false,false,false,7866979c-2658-4772-8beb-bfc91b216500,LEAD_STATUS_PURCHASED,,,0,,MOTOR_TYPE_1,true,L79319556,L79319556-V1,1,2026-09-16 12:16:40,2026-09-16,PAYMENT_DATE,QR_CODE,INSTALLMENT,RABBIT_CARE_INSTALLMENT,1,products/car-insurance,chrg_691btmgf72aq7ivn29a,2026-09-16 12:16:40,SAP_PERIOD_PENDING_RECEIPT_MISSING,MISSING_TERMINAL_SAP_EVIDENCE,10,,,0,1,pending,,RABBIT_LENDING,10,ITEM_SUBMISSION_STATUS_SUBMITTED,0,10,02375e9c-e1c4-4b1b-ba2f-5ec8657bb15e,true,true,,,RCL newpayment membership applies only to Motor RCL; false for other flows is not a blocker.,2025-12-12 09:19:10,insurers/35,,,,,,EVENT_ABSENT,SUBSEQUENT_INSTALLMENT,false,false,,,RCL_MOTOR_ORDER_YEAR_2026_CUTOFF,FIRST_APPLICABLE_OBSERVED_GROUP_NOT_EXHAUSTIVE,[],0,False,False,Identity+status only; no scheduling/import or accounting allocation assertion. Cancellation does not prove per-DocEntry multiplicity.
RECEIPT_LINK,MULTI_ITEM_ALLOCATION_NOT_RECONCILED,ITEM_APPROVAL_STATUS_POLICY_UPLOADED,2026-09-26 16:06:06,2026-10-01,2026-09-01,Motor,,,,"[""chrg_691dzj2tzi6ivgg2q4e""]",10,OBSERVED_DATA_STATE,2086.61,8a907618-6ed1-43aa-b58c-fc4388cf6994,2026-09-16 15:57:29,,1,,CURRENT_MONTH,PAID,RCL,10,false,false,false,c163c8c3-afb9-4f25-ac19-985916ec9de9,LEAD_STATUS_PURCHASED,,,0,,MOTOR_TYPE_1,true,L79321084,L79321084-V1,2,2026-09-16 15:57:28,2026-09-16,PAYMENT_DATE,QR_CODE,INSTALLMENT,RABBIT_CARE_INSTALLMENT,1,products/car-insurance,chrg_691dzj2tzi6ivgg2q4e,2026-09-16 15:57:28,SAP_PERIOD_PENDING_RECEIPT_MISSING,MISSING_TERMINAL_SAP_EVIDENCE,10,,,0,1,pending,,RABBIT_LENDING,10,ITEM_SUBMISSION_STATUS_SUBMITTED,0,10,f7c6dba0-4452-456c-983c-c8673062506f,true,true,,,RCL newpayment membership applies only to Motor RCL; false for other flows is not a blocker.,2025-12-12 18:20:29,insurers/6,,,,,,EVENT_ABSENT,SUBSEQUENT_INSTALLMENT,false,false,,,RCL_MOTOR_ORDER_YEAR_2026_CUTOFF,FIRST_APPLICABLE_OBSERVED_GROUP_NOT_EXHAUSTIVE,[],0,False,False,Identity+status only; no scheduling/import or accounting allocation assertion. Cancellation does not prove per-DocEntry multiplicity.
RECEIPT_LINK,MULTI_ITEM_ALLOCATION_NOT_RECONCILED,ITEM_APPROVAL_STATUS_POLICY_UPLOADED,2026-09-26 16:06:06,2026-10-01,2026-09-01,Motor,,,,"[""chrg_693iwfxwvmhpe1iw4ad""]",10,OBSERVED_DATA_STATE,2267.0,4c4f216a-add0-4fe0-81e0-08f499e50d20,2026-09-22 15:31:39,,1,,CURRENT_MONTH,PAID,RCL,9,false,false,false,ffda7896-6864-4318-9416-119fccf5c156,LEAD_STATUS_PURCHASED,,,0,,MOTOR_TYPE_1,true,L79322265,L79322265-V1,2,2026-09-22 15:31:39,2026-09-22,PAYMENT_DATE,QR_CODE,INSTALLMENT,RABBIT_CARE_INSTALLMENT,1,products/car-insurance,chrg_693iwfxwvmhpe1iw4ad,2026-09-22 15:31:39,SAP_PERIOD_PENDING_RECEIPT_MISSING,MISSING_TERMINAL_SAP_EVIDENCE,10,,,0,1,pending,,RABBIT_LENDING,10,ITEM_SUBMISSION_STATUS_SUBMITTED,0,9,498e8af0-76da-4c8b-a65e-d80acc4d75fc,true,true,,,RCL newpayment membership applies only to Motor RCL; false for other flows is not a blocker.,2025-12-26 10:37:44,insurers/27,,,,,,EVENT_ABSENT,SUBSEQUENT_INSTALLMENT,false,false,,,RCL_MOTOR_ORDER_YEAR_2026_CUTOFF,FIRST_APPLICABLE_OBSERVED_GROUP_NOT_EXHAUSTIVE,[],0,False,False,Identity+status only; no scheduling/import or accounting allocation assertion. Cancellation does not prove per-DocEntry multiplicity.
RECEIPT_LINK,SINGLE_ITEM_RAW_CHARGE_COMPARISON,ITEM_APPROVAL_STATUS_POLICY_UPLOADED,2026-09-26 16:06:06,2026-10-01,2026-09-01,Motor,,,,"[""chrg_694v706abuvcw9vbtge""]",10,OBSERVED_DATA_STATE,1850.0,d7f8713e-a379-4e60-829b-84e38e266212,2026-09-25 13:22:29,1850.0,0,,CURRENT_MONTH,PAID,RCL,10,false,false,false,bd2c4e0f-0f1a-43d8-892a-6ab8127352a5,LEAD_STATUS_PURCHASED,,,0,,MOTOR_TYPE_1,true,L79322515,L79322515-V1,1,2026-09-25 13:22:27,2026-09-25,PAYMENT_DATE,QR_CODE,INSTALLMENT,RABBIT_CARE_INSTALLMENT,1,products/car-insurance,chrg_694v706abuvcw9vbtge,2026-09-25 13:22:27,SAP_PERIOD_PENDING_RECEIPT_MISSING,MISSING_TERMINAL_SAP_EVIDENCE,10,,,0,1,pending,,RABBIT_LENDING,10,ITEM_SUBMISSION_STATUS_SUBMITTED,0,10,81d1bd9d-372d-4c58-b561-86b86743ff28,true,true,,,RCL newpayment membership applies only to Motor RCL; false for other flows is not a blocker.,2025-12-22 17:53:11,insurers/27,,,,,,EVENT_ABSENT,SUBSEQUENT_INSTALLMENT,false,false,,,RCL_MOTOR_ORDER_YEAR_2026_CUTOFF,FIRST_APPLICABLE_OBSERVED_GROUP_NOT_EXHAUSTIVE,[],0,False,False,Identity+status only; no scheduling/import or accounting allocation assertion. Cancellation does not prove per-DocEntry multiplicity.
RECEIPT_LINK,SINGLE_ITEM_RAW_CHARGE_COMPARISON,ITEM_APPROVAL_STATUS_POLICY_UPLOADED,2026-09-26 16:06:06,2026-10-01,2026-09-01,Motor,,,,"[""chrg_692oa8ozp5kgu1wboyg""]",10,OBSERVED_DATA_STATE,1900.0,a2ca1b56-a382-4233-a627-e1654dfebbe5,2026-09-19 22:52:01,1900.0,0,,CURRENT_MONTH,PAID,RCL,10,false,false,false,5030a046-273a-434f-ac44-fa4d540938ba,LEAD_STATUS_PURCHASED,,,0,,MOTOR_TYPE_1,true,L79325029,L79325029-V1,1,2026-09-19 22:52:00,2026-09-20,PAYMENT_DATE,QR_CODE,INSTALLMENT,RABBIT_CARE_INSTALLMENT,1,products/car-insurance,chrg_692oa8ozp5kgu1wboyg,2026-09-19 22:52:00,SAP_PERIOD_PENDING_RECEIPT_MISSING,MISSING_TERMINAL_SAP_EVIDENCE,10,,,0,1,pending,,RABBIT_LENDING,10,ITEM_SUBMISSION_STATUS_SUBMITTED,0,10,63832aed-97b8-425f-a248-810ba94ea609,true,true,,,RCL newpayment membership applies only to Motor RCL; false for other flows is not a blocker.,2025-12-25 14:46:56,insurers/27,,,,,,EVENT_ABSENT,SUBSEQUENT_INSTALLMENT,false,false,,,RCL_MOTOR_ORDER_YEAR_2026_CUTOFF,FIRST_APPLICABLE_OBSERVED_GROUP_NOT_EXHAUSTIVE,[],0,False,False,Identity+status only; no scheduling/import or accounting allocation assertion. Cancellation does not prove per-DocEntry multiplicity.
RECEIPT_LINK,SINGLE_ITEM_RAW_CHARGE_COMPARISON,ITEM_APPROVAL_STATUS_POLICY_UPLOADED,2026-09-26 16:06:06,2026-10-01,2026-09-01,Motor,,,,"[""chrg_694pj8huycjctnl7fbe""]",10,OBSERVED_DATA_STATE,1870.0,a5ec2625-521a-4ba1-b4de-7ec560335828,2026-09-25 03:42:57,1870.0,0,,CURRENT_MONTH,PAID,RCL,10,false,false,false,03d5790e-76d6-4114-9816-af28c2de22a8,LEAD_STATUS_PURCHASED,,,0,,MOTOR_TYPE_1,true,L79325214,L79325214-V1,1,2026-09-25 03:42:56,2026-09-25,PAYMENT_DATE,QR_CODE,INSTALLMENT,RABBIT_CARE_INSTALLMENT,1,products/car-insurance,chrg_694pj8huycjctnl7fbe,2026-09-25 03:42:56,SAP_PERIOD_PENDING_RECEIPT_MISSING,MISSING_TERMINAL_SAP_EVIDENCE,10,,,0,1,pending,,RABBIT_LENDING,10,ITEM_SUBMISSION_STATUS_SUBMITTED,0,10,0f03200c-2d94-4eaa-8e01-babf2dbcde39,true,true,,,RCL newpayment membership applies only to Motor RCL; false for other flows is not a blocker.,2025-12-19 13:54:26,insurers/28,,,,,,EVENT_ABSENT,SUBSEQUENT_INSTALLMENT,false,false,,,RCL_MOTOR_ORDER_YEAR_2026_CUTOFF,FIRST_APPLICABLE_OBSERVED_GROUP_NOT_EXHAUSTIVE,[],0,False,False,Identity+status only; no scheduling/import or accounting allocation assertion. Cancellation does not prove per-DocEntry multiplicity.
RECEIPT_LINK,SINGLE_ITEM_RAW_CHARGE_COMPARISON,ITEM_APPROVAL_STATUS_POLICY_UPLOADED,2026-09-26 16:06:06,2026-10-01,2026-09-01,Motor,,,,"[""chrg_692y4tqtlppnpgkdv7z""]",10,OBSERVED_DATA_STATE,2700.0,090b5946-fae8-43b2-85de-e377a19611e5,2026-09-20 15:39:28,2700.0,0,,CURRENT_MONTH,PAID,RCL,10,false,false,false,50f95743-2016-4a7b-bd4b-1d3a92bb503e,LEAD_STATUS_PURCHASED,,,0,,MOTOR_TYPE_1,true,L79325329,L79325329-V1,1,2026-09-20 15:39:27,2026-09-20,PAYMENT_DATE,QR_CODE,INSTALLMENT,RABBIT_CARE_INSTALLMENT,1,products/car-insurance,chrg_692y4tqtlppnpgkdv7z,2026-09-20 15:39:27,SAP_PERIOD_PENDING_RECEIPT_MISSING,MISSING_TERMINAL_SAP_EVIDENCE,10,,,0,1,pending,,RABBIT_LENDING,10,ITEM_SUBMISSION_STATUS_SUBMITTED,0,10,42a6a05b-1336-4524-9ff6-30910fd793ee,true,true,,,RCL newpayment membership applies only to Motor RCL; false for other flows is not a blocker.,2025-12-13 16:36:23,insurers/27,,,,,,EVENT_ABSENT,SUBSEQUENT_INSTALLMENT,false,false,,,RCL_MOTOR_ORDER_YEAR_2026_CUTOFF,FIRST_APPLICABLE_OBSERVED_GROUP_NOT_EXHAUSTIVE,[],0,False,False,Identity+status only; no scheduling/import or accounting allocation assertion. Cancellation does not prove per-DocEntry multiplicity.
RECEIPT_LINK,SINGLE_ITEM_RAW_CHARGE_COMPARISON,ITEM_APPROVAL_STATUS_POLICY_UPLOADED,2026-09-26 16:06:06,2026-10-01,2026-09-01,Motor,,,,"[""chrg_694o6q1iqao5k9pl4rn""]",10,OBSERVED_DATA_STATE,1800.0,1e9847f8-ce24-44ee-8f5e-4385f1e84315,2026-09-25 01:25:15,1800.0,0,,CURRENT_MONTH,PAID,RCL,10,false,false,false,02725cbf-2571-46b3-8d6a-1d423f21fa56,LEAD_STATUS_PURCHASED,,,0,,MOTOR_TYPE_2_PLUS,true,L79326837,L79326837-V1,1,2026-09-25 01:25:15,2026-09-25,PAYMENT_DATE,QR_CODE,INSTALLMENT,RABBIT_CARE_INSTALLMENT,1,products/car-insurance,chrg_694o6q1iqao5k9pl4rn,2026-09-25 01:25:15,SAP_PERIOD_PENDING_RECEIPT_MISSING,MISSING_TERMINAL_SAP_EVIDENCE,10,,,0,1,pending,,RABBIT_LENDING,10,ITEM_SUBMISSION_STATUS_SUBMITTED,0,10,8bf6b9c9-0737-422b-8252-fbeba6334936,true,true,,,RCL newpayment membership applies only to Motor RCL; false for other flows is not a blocker.,2025-12-19 15:16:15,insurers/27,,,,,,EVENT_ABSENT,SUBSEQUENT_INSTALLMENT,false,false,,,RCL_MOTOR_ORDER_YEAR_2026_CUTOFF,FIRST_APPLICABLE_OBSERVED_GROUP_NOT_EXHAUSTIVE,[],0,False,False,Identity+status only; no scheduling/import or accounting allocation assertion. Cancellation does not prove per-DocEntry multiplicity.
RECEIPT_LINK,MULTI_ITEM_ALLOCATION_NOT_RECONCILED,ITEM_APPROVAL_STATUS_POLICY_UPLOADED,2026-09-26 16:06:06,2026-10-01,2026-09-01,Motor,,,,"[""chrg_690sx25ltxeubh8h8ji""]",10,OBSERVED_DATA_STATE,2938.94,40dde4d3-f2fd-4e6e-8263-3f7eb3319c45,2026-09-15 04:02:52,,1,,CURRENT_MONTH,PAID,RCL,10,false,false,false,20807eaa-83b8-40b3-bff5-5e4e020668bd,LEAD_STATUS_PURCHASED,,,0,,MOTOR_TYPE_1,true,L79327908,L79327908-V1,2,2026-09-15 04:02:51,2026-09-15,PAYMENT_DATE,QR_CODE,INSTALLMENT,RABBIT_CARE_INSTALLMENT,1,products/car-insurance,chrg_690sx25ltxeubh8h8ji,2026-09-15 04:02:51,SAP_PERIOD_PENDING_RECEIPT_MISSING,MISSING_TERMINAL_SAP_EVIDENCE,10,,,0,1,pending,,RABBIT_LENDING,10,ITEM_SUBMISSION_STATUS_SUBMITTED,0,10,fe49905e-f7b9-4882-99bf-0c6ab0c99814,true,true,,,RCL newpayment membership applies only to Motor RCL; false for other flows is not a blocker.,2025-12-18 15:10:50,insurers/27,,,,,,EVENT_ABSENT,SUBSEQUENT_INSTALLMENT,false,false,,,RCL_MOTOR_ORDER_YEAR_2026_CUTOFF,FIRST_APPLICABLE_OBSERVED_GROUP_NOT_EXHAUSTIVE,[],0,False,False,Identity+status only; no scheduling/import or accounting allocation assertion. Cancellation does not prove per-DocEntry multiplicity.
RECEIPT_LINK,SINGLE_ITEM_RAW_CHARGE_COMPARISON,ITEM_APPROVAL_STATUS_POLICY_UPLOADED,2026-09-26 16:06:06,2026-10-01,2026-09-01,Motor,,,,"[""chrg_694ocbxwgmcdebxua2r""]",10,OBSERVED_DATA_STATE,1850.0,c1284f37-da0c-4ab5-80e0-a1afb3416bb7,2026-09-25 01:41:08,1850.0,0,,CURRENT_MONTH,PAID,RCL,10,false,false,false,080c5578-98a2-43fa-b757-d9937df02721,LEAD_STATUS_PURCHASED,,,0,,MOTOR_TYPE_1,true,L79327992,L79327992-V1,1,2026-09-25 01:41:08,2026-09-25,PAYMENT_DATE,QR_CODE,INSTALLMENT,RABBIT_CARE_INSTALLMENT,1,products/car-insurance,chrg_694ocbxwgmcdebxua2r,2026-09-25 01:41:08,SAP_PERIOD_PENDING_RECEIPT_MISSING,MISSING_TERMINAL_SAP_EVIDENCE,10,,,0,1,pending,,RABBIT_LENDING,10,ITEM_SUBMISSION_STATUS_SUBMITTED,0,10,27425dd7-7440-48a4-9da0-901ccbd18630,true,true,,,RCL newpayment membership applies only to Motor RCL; false for other flows is not a blocker.,2025-12-26 09:58:37,insurers/27,,,,,,EVENT_ABSENT,SUBSEQUENT_INSTALLMENT,false,false,,,RCL_MOTOR_ORDER_YEAR_2026_CUTOFF,FIRST_APPLICABLE_OBSERVED_GROUP_NOT_EXHAUSTIVE,[],0,False,False,Identity+status only; no scheduling/import or accounting allocation assertion. Cancellation does not prove per-DocEntry multiplicity.
RECEIPT_LINK,SINGLE_ITEM_RAW_CHARGE_COMPARISON,ITEM_APPROVAL_STATUS_POLICY_UPLOADED,2026-09-26 16:06:06,2026-10-01,2026-09-01,Motor,,,,"[""chrg_6952of426mv8u8ivx77""]",10,OBSERVED_DATA_STATE,3650.09,988a2cee-443c-4489-8224-2ea00fb4cbb2,2026-09-26 02:08:32,3650.09,0,,CURRENT_MONTH,PAID,RCL,10,false,false,false,85cc3e22-9c5a-4df7-9b0a-e053d7cb53df,LEAD_STATUS_PURCHASED,,,0,,MOTOR_TYPE_1,true,L79329663,L79329663-V1,1,2026-09-26 02:08:30,2026-09-26,PAYMENT_DATE,QR_CODE,INSTALLMENT,RABBIT_CARE_INSTALLMENT,1,products/car-insurance,chrg_6952of426mv8u8ivx77,2026-09-26 02:08:30,SAP_PERIOD_PENDING_RECEIPT_MISSING,MISSING_TERMINAL_SAP_EVIDENCE,10,,,0,1,pending,,RABBIT_LENDING,10,ITEM_SUBMISSION_STATUS_SUBMITTED,0,10,3fccf37f-b951-40b6-83b6-bfd2f9f7214e,true,true,,,RCL newpayment membership applies only to Motor RCL; false for other flows is not a blocker.,2025-12-16 10:27:34,insurers/17,,,,,,EVENT_ABSENT,SUBSEQUENT_INSTALLMENT,false,false,,,RCL_MOTOR_ORDER_YEAR_2026_CUTOFF,FIRST_APPLICABLE_OBSERVED_GROUP_NOT_EXHAUSTIVE,[],0,False,False,Identity+status only; no scheduling/import or accounting allocation assertion. Cancellation does not prove per-DocEntry multiplicity.
RECEIPT_LINK,MULTI_ITEM_ALLOCATION_NOT_RECONCILED,ITEM_APPROVAL_STATUS_POLICY_UPLOADED,2026-09-26 16:06:06,2026-10-01,2026-09-01,Motor,,,,"[""chrg_690s4rzl7hecr5ybnuq""]",10,OBSERVED_DATA_STATE,1968.8,4714a03a-7d7b-44f2-b934-cb1b0715ba3e,2026-09-15 02:42:16,,1,,CURRENT_MONTH,PAID,RCL,10,false,false,false,92d76c87-6c7c-42ac-9dfd-c5986b3a96a0,LEAD_STATUS_PURCHASED,,,0,,MOTOR_TYPE_1,true,L79332731,L79332731-V1,2,2026-09-15 02:42:15,2026-09-15,PAYMENT_DATE,QR_CODE,INSTALLMENT,RABBIT_CARE_INSTALLMENT,1,products/car-insurance,chrg_690s4rzl7hecr5ybnuq,2026-09-15 02:42:15,SAP_PERIOD_PENDING_RECEIPT_MISSING,MISSING_TERMINAL_SAP_EVIDENCE,10,,,0,1,pending,,RABBIT_LENDING,10,ITEM_SUBMISSION_STATUS_SUBMITTED,0,10,9fd6b0fd-98b2-45d4-bc7c-a0db5f5cd3eb,true,true,,,RCL newpayment membership applies only to Motor RCL; false for other flows is not a blocker.,2025-12-15 17:03:23,insurers/33,,,,,,EVENT_ABSENT,SUBSEQUENT_INSTALLMENT,false,false,,,RCL_MOTOR_ORDER_YEAR_2026_CUTOFF,FIRST_APPLICABLE_OBSERVED_GROUP_NOT_EXHAUSTIVE,[],0,False,False,Identity+status only; no scheduling/import or accounting allocation assertion. Cancellation does not prove per-DocEntry multiplicity.
RECEIPT_LINK,MULTI_ITEM_ALLOCATION_NOT_RECONCILED,ITEM_APPROVAL_STATUS_POLICY_UPLOADED,2026-09-26 16:06:06,2026-10-01,2026-09-01,Motor,,,,"[""chrg_691cmrxam11w13pjwjd""]",10,OBSERVED_DATA_STATE,1900.0,885f63d0-922f-4654-a716-e50635d9ab1b,2026-09-16 13:38:54,,1,,CURRENT_MONTH,PAID,RCL,10,false,false,false,ba0c1795-633d-46de-b146-1c4a7d0dee44,LEAD_STATUS_PURCHASED,,,0,,MOTOR_TYPE_1,true,L79332913,L79332913-V1,2,2026-09-16 13:38:54,2026-09-16,PAYMENT_DATE,QR_CODE,INSTALLMENT,RABBIT_CARE_INSTALLMENT,1,products/car-insurance,chrg_691cmrxam11w13pjwjd,2026-09-16 13:38:54,SAP_PERIOD_PENDING_RECEIPT_MISSING,MISSING_TERMINAL_SAP_EVIDENCE,10,,,0,1,pending,,RABBIT_LENDING,10,ITEM_SUBMISSION_STATUS_SUBMITTED,0,10,a2349297-58d5-4384-a5c7-c8e3ac9e2c23,true,true,,,RCL newpayment membership applies only to Motor RCL; false for other flows is not a blocker.,2025-12-16 15:37:19,insurers/27,,,,,,EVENT_ABSENT,SUBSEQUENT_INSTALLMENT,false,false,,,RCL_MOTOR_ORDER_YEAR_2026_CUTOFF,FIRST_APPLICABLE_OBSERVED_GROUP_NOT_EXHAUSTIVE,[],0,False,False,Identity+status only; no scheduling/import or accounting allocation assertion. Cancellation does not prove per-DocEntry multiplicity.
RECEIPT_LINK,SINGLE_ITEM_RAW_CHARGE_COMPARISON,ITEM_APPROVAL_STATUS_POLICY_UPLOADED,2026-09-26 16:06:06,2026-10-01,2026-09-01,Motor,,,,"[""chrg_6916mial6u7cdyqc6n8""]",10,OBSERVED_DATA_STATE,1992.77,2255d4ba-328e-4655-8fcd-31c1a2e292dc,2026-09-16 03:24:57,1992.77,0,,CURRENT_MONTH,PAID,RCL,10,false,false,false,d9855a6e-258f-4b27-97c2-f48d12eb8585,LEAD_STATUS_PURCHASED,,,0,,MOTOR_TYPE_1,true,L79334831,L79334831-V1,1,2026-09-16 03:24:56,2026-09-16,PAYMENT_DATE,QR_CODE,INSTALLMENT,RABBIT_CARE_INSTALLMENT,1,products/car-insurance,chrg_6916mial6u7cdyqc6n8,2026-09-16 03:24:56,SAP_PERIOD_PENDING_RECEIPT_MISSING,MISSING_TERMINAL_SAP_EVIDENCE,10,,,0,1,pending,,RABBIT_LENDING,10,ITEM_SUBMISSION_STATUS_SUBMITTED,0,10,09ab11d9-0e64-4481-8d81-68fc7c56c6f4,true,true,,,RCL newpayment membership applies only to Motor RCL; false for other flows is not a blocker.,2025-12-16 12:56:04,insurers/28,,,,,,EVENT_ABSENT,SUBSEQUENT_INSTALLMENT,false,false,,,RCL_MOTOR_ORDER_YEAR_2026_CUTOFF,FIRST_APPLICABLE_OBSERVED_GROUP_NOT_EXHAUSTIVE,[],0,False,False,Identity+status only; no scheduling/import or accounting allocation assertion. Cancellation does not prove per-DocEntry multiplicity.
RECEIPT_LINK,MULTI_ITEM_ALLOCATION_NOT_RECONCILED,ITEM_APPROVAL_STATUS_POLICY_UPLOADED,2026-09-26 16:06:06,2026-10-01,2026-09-01,Motor,,,,"[""chrg_6905nmjdywmax0bwxu1""]",10,OBSERVED_DATA_STATE,2200.0,a32c0862-166f-4d37-8aef-9142a30da1dc,2026-09-13 15:00:24,,1,,CURRENT_MONTH,PAID,RCL,10,false,false,false,e4d6a2e4-151e-4356-b6c8-a1b648bdeeff,LEAD_STATUS_PURCHASED,,,0,,MOTOR_TYPE_1,true,L79335013,L79335013-V1,2,2026-09-13 15:00:22,2026-09-13,PAYMENT_DATE,QR_CODE,INSTALLMENT,RABBIT_CARE_INSTALLMENT,1,products/car-insurance,chrg_6905nmjdywmax0bwxu1,2026-09-13 15:00:22,SAP_PERIOD_PENDING_RECEIPT_MISSING,MISSING_TERMINAL_SAP_EVIDENCE,10,,,0,1,pending,,RABBIT_LENDING,10,ITEM_SUBMISSION_STATUS_SUBMITTED,0,10,995fade3-de70-4cc8-99c4-b97d6b68972b,true,true,,,RCL newpayment membership applies only to Motor RCL; false for other flows is not a blocker.,2025-12-16 18:28:42,insurers/28,,,,,,EVENT_ABSENT,SUBSEQUENT_INSTALLMENT,false,false,,,RCL_MOTOR_ORDER_YEAR_2026_CUTOFF,FIRST_APPLICABLE_OBSERVED_GROUP_NOT_EXHAUSTIVE,[],0,False,False,Identity+status only; no scheduling/import or accounting allocation assertion. Cancellation does not prove per-DocEntry multiplicity.
RECEIPT_LINK,SINGLE_ITEM_RAW_CHARGE_COMPARISON,ITEM_APPROVAL_STATUS_POLICY_UPLOADED,2026-09-26 16:06:06,2026-10-01,2026-09-01,Motor,,,,"[""chrg_691l7pjt9rimd4yhykl""]",10,OBSERVED_DATA_STATE,2250.0,c2f2c534-64b3-4642-9c10-610f6422f432,2026-09-18 03:41:52,2250.0,0,,CURRENT_MONTH,PAID,RCL,9,false,false,false,887cd634-bcfc-44c9-9ef1-6809e0563d36,LEAD_STATUS_PURCHASED,,,0,,MOTOR_TYPE_1,true,L79337161,L79337161-V1,1,2026-09-18 03:41:51,2026-09-18,PAYMENT_DATE,QR_CODE,INSTALLMENT,RABBIT_CARE_INSTALLMENT,1,products/car-insurance,chrg_691l7pjt9rimd4yhykl,2026-09-18 03:41:51,SAP_PERIOD_PENDING_RECEIPT_MISSING,MISSING_TERMINAL_SAP_EVIDENCE,10,,,0,1,pending,,RABBIT_LENDING,10,ITEM_SUBMISSION_STATUS_SUBMITTED,0,9,b7166b84-0b44-4252-a7a4-0d92dff3a70b,true,true,,,RCL newpayment membership applies only to Motor RCL; false for other flows is not a blocker.,2025-12-26 11:45:10,insurers/27,,,,,,EVENT_ABSENT,SUBSEQUENT_INSTALLMENT,false,false,,,RCL_MOTOR_ORDER_YEAR_2026_CUTOFF,FIRST_APPLICABLE_OBSERVED_GROUP_NOT_EXHAUSTIVE,[],0,False,False,Identity+status only; no scheduling/import or accounting allocation assertion. Cancellation does not prove per-DocEntry multiplicity.
RECEIPT_LINK,SINGLE_ITEM_RAW_CHARGE_COMPARISON,ITEM_APPROVAL_STATUS_POLICY_UPLOADED,2026-09-26 16:06:06,2026-10-01,2026-09-01,Motor,,,,"[""chrg_6921w018i3ihi7iw443""]",10,OBSERVED_DATA_STATE,2120.0,14d471ee-43c4-4d5b-97e8-bee6d579eaae,2026-09-18 08:42:42,2120.0,0,,CURRENT_MONTH,PAID,RCL,10,false,false,false,8740b665-f573-4e5c-9595-f84015704136,LEAD_STATUS_PURCHASED,,,0,,MOTOR_TYPE_1,true,L79342833,L79342833-V1,1,2026-09-18 08:42:41,2026-09-18,PAYMENT_DATE,QR_CODE,INSTALLMENT,RABBIT_CARE_INSTALLMENT,1,products/car-insurance,chrg_6921w018i3ihi7iw443,2026-09-18 08:42:41,SAP_PERIOD_PENDING_RECEIPT_MISSING,MISSING_TERMINAL_SAP_EVIDENCE,10,,,0,1,pending,,RABBIT_LENDING,10,ITEM_SUBMISSION_STATUS_SUBMITTED,0,10,b76b1c8d-2a10-45c8-a5a0-3f6a61b45cc6,true,true,,,RCL newpayment membership applies only to Motor RCL; false for other flows is not a blocker.,2025-12-18 11:09:49,insurers/28,,,,,,EVENT_ABSENT,SUBSEQUENT_INSTALLMENT,false,false,,,RCL_MOTOR_ORDER_YEAR_2026_CUTOFF,FIRST_APPLICABLE_OBSERVED_GROUP_NOT_EXHAUSTIVE,[],0,False,False,Identity+status only; no scheduling/import or accounting allocation assertion. Cancellation does not prove per-DocEntry multiplicity.
RECEIPT_LINK,SINGLE_ITEM_RAW_CHARGE_COMPARISON,ITEM_APPROVAL_STATUS_POLICY_UPLOADED,2026-09-26 16:06:06,2026-10-01,2026-09-01,Motor,,,,"[""chrg_692q6dsapive7rqzhz6""]",10,OBSERVED_DATA_STATE,2180.0,5d9c23c5-5dab-4a12-916f-4c08589c1416,2026-09-20 02:05:44,2180.0,0,,CURRENT_MONTH,PAID,RCL,10,false,false,false,73d26b30-6185-4f4b-bb2e-8864381eb8bb,LEAD_STATUS_PURCHASED,,,0,,MOTOR_TYPE_2_PLUS,true,L79352011,L79352011-V1,1,2026-09-20 02:05:43,2026-09-20,PAYMENT_DATE,QR_CODE,INSTALLMENT,RABBIT_CARE_INSTALLMENT,1,products/car-insurance,chrg_692q6dsapive7rqzhz6,2026-09-20 02:05:43,SAP_PERIOD_PENDING_RECEIPT_MISSING,MISSING_TERMINAL_SAP_EVIDENCE,10,,,0,1,pending,,RABBIT_LENDING,10,ITEM_SUBMISSION_STATUS_SUBMITTED,0,10,c716d61d-349d-4f45-999e-7ba5124e87bb,true,true,,,RCL newpayment membership applies only to Motor RCL; false for other flows is not a blocker.,2025-12-20 14:50:46,insurers/25,,,,,,EVENT_ABSENT,SUBSEQUENT_INSTALLMENT,false,false,,,RCL_MOTOR_ORDER_YEAR_2026_CUTOFF,FIRST_APPLICABLE_OBSERVED_GROUP_NOT_EXHAUSTIVE,[],0,False,False,Identity+status only; no scheduling/import or accounting allocation assertion. Cancellation does not prove per-DocEntry multiplicity.
RECEIPT_LINK,SINGLE_ITEM_RAW_CHARGE_COMPARISON,ITEM_APPROVAL_STATUS_POLICY_UPLOADED,2026-09-26 16:06:06,2026-10-01,2026-09-01,Motor,,,,"[""chrg_692kedcigqp74ksviw3""]",10,OBSERVED_DATA_STATE,2520.0,f90fe854-5521-4287-a985-cb2f1aff4d0f,2026-09-19 16:14:44,2520.0,0,,CURRENT_MONTH,PAID,RCL,10,false,false,false,a8339494-2613-41c0-bb8a-61e45f8f8cca,LEAD_STATUS_PURCHASED,,,0,,MOTOR_TYPE_1,true,L79358642,L79358642-V1,1,2026-09-19 16:14:43,2026-09-19,PAYMENT_DATE,QR_CODE,INSTALLMENT,RABBIT_CARE_INSTALLMENT,1,products/car-insurance,chrg_692kedcigqp74ksviw3,2026-09-19 16:14:43,SAP_PERIOD_PENDING_RECEIPT_MISSING,MISSING_TERMINAL_SAP_EVIDENCE,10,,,0,1,pending,,RABBIT_LENDING,10,ITEM_SUBMISSION_STATUS_SUBMITTED,0,10,10353d3f-e5fc-4ad7-a03a-700b3d062ffc,true,true,,,RCL newpayment membership applies only to Motor RCL; false for other flows is not a blocker.,2025-12-20 14:50:27,insurers/28,,,,,,EVENT_ABSENT,SUBSEQUENT_INSTALLMENT,false,false,,,RCL_MOTOR_ORDER_YEAR_2026_CUTOFF,FIRST_APPLICABLE_OBSERVED_GROUP_NOT_EXHAUSTIVE,[],0,False,False,Identity+status only; no scheduling/import or accounting allocation assertion. Cancellation does not prove per-DocEntry multiplicity.
RECEIPT_LINK,MULTI_ITEM_ALLOCATION_NOT_RECONCILED,ITEM_APPROVAL_STATUS_POLICY_UPLOADED,2026-09-26 16:06:06,2026-10-01,2026-09-01,Motor,,,,"[""chrg_694h7upywm4h1euzi0o""]",10,OBSERVED_DATA_STATE,1850.0,a38913bb-c7ee-4422-b9e4-d96facf95408,2026-09-24 13:33:14,,1,,CURRENT_MONTH,PAID,RCL,10,false,false,false,c050f191-58a6-440c-8824-9f813cbf1b3f,LEAD_STATUS_PURCHASED,,,0,,MOTOR_TYPE_1,true,L79359671,L79359671-V1,2,2026-09-24 13:33:13,2026-09-24,PAYMENT_DATE,QR_CODE,INSTALLMENT,RABBIT_CARE_INSTALLMENT,1,products/car-insurance,chrg_694h7upywm4h1euzi0o,2026-09-24 13:33:13,SAP_PERIOD_PENDING_RECEIPT_MISSING,MISSING_TERMINAL_SAP_EVIDENCE,10,,,0,1,pending,,RABBIT_LENDING,10,ITEM_SUBMISSION_STATUS_SUBMITTED,0,10,d50f7ced-c027-454a-9573-0f0cceae735a,true,true,,,RCL newpayment membership applies only to Motor RCL; false for other flows is not a blocker.,2025-12-26 16:45:15,insurers/27,,,,,,EVENT_ABSENT,SUBSEQUENT_INSTALLMENT,false,false,,,RCL_MOTOR_ORDER_YEAR_2026_CUTOFF,FIRST_APPLICABLE_OBSERVED_GROUP_NOT_EXHAUSTIVE,[],0,False,False,Identity+status only; no scheduling/import or accounting allocation assertion. Cancellation does not prove per-DocEntry multiplicity.
RECEIPT_LINK,SINGLE_ITEM_RAW_CHARGE_COMPARISON,ITEM_APPROVAL_STATUS_POLICY_UPLOADED,2026-09-26 16:06:06,2026-10-01,2026-09-01,Motor,,,,"[""chrg_6915s650618ycxg7ks7""]",10,OBSERVED_DATA_STATE,1860.0,9bcc1558-96eb-430f-a52f-c8f037be1852,2026-09-16 01:58:21,1860.0,0,,CURRENT_MONTH,PAID,RCL,10,false,false,false,6000de44-ca44-45f6-9dcd-05f73e303b7c,LEAD_STATUS_PURCHASED,,,0,,MOTOR_TYPE_1,true,L79365147,L79365147-V1,1,2026-09-16 01:58:20,2026-09-16,PAYMENT_DATE,QR_CODE,INSTALLMENT,RABBIT_CARE_INSTALLMENT,1,products/car-insurance,chrg_6915s650618ycxg7ks7,2026-09-16 01:58:20,SAP_PERIOD_PENDING_RECEIPT_MISSING,MISSING_TERMINAL_SAP_EVIDENCE,10,,,0,1,pending,,RABBIT_LENDING,10,ITEM_SUBMISSION_STATUS_SUBMITTED,0,10,c1b09c14-357c-449f-8e55-cdd3707687e9,true,true,,,RCL newpayment membership applies only to Motor RCL; false for other flows is not a blocker.,2025-12-23 10:46:06,insurers/7,,,,,,EVENT_ABSENT,SUBSEQUENT_INSTALLMENT,false,false,,,RCL_MOTOR_ORDER_YEAR_2026_CUTOFF,FIRST_APPLICABLE_OBSERVED_GROUP_NOT_EXHAUSTIVE,[],0,False,False,Identity+status only; no scheduling/import or accounting allocation assertion. Cancellation does not prove per-DocEntry multiplicity.
RECEIPT_LINK,SINGLE_ITEM_RAW_CHARGE_COMPARISON,ITEM_APPROVAL_STATUS_POLICY_UPLOADED,2026-09-26 16:06:06,2026-10-01,2026-09-01,Motor,,,,"[""chrg_693iaryk94tw6xxd6zv""]",10,OBSERVED_DATA_STATE,2370.0,cf099cd1-8058-4476-8a8b-486c98b20a10,2026-09-22 02:01:43,2370.0,0,,CURRENT_MONTH,PAID,RCL,10,false,false,false,76cabf15-5785-4289-9e8a-84383154c51e,LEAD_STATUS_PURCHASED,,,0,,MOTOR_TYPE_1,true,L79367726,L79367726-V1,1,2026-09-22 02:01:42,2026-09-22,PAYMENT_DATE,QR_CODE,INSTALLMENT,RABBIT_CARE_INSTALLMENT,1,products/car-insurance,chrg_693iaryk94tw6xxd6zv,2026-09-22 02:01:42,SAP_PERIOD_PENDING_RECEIPT_MISSING,MISSING_TERMINAL_SAP_EVIDENCE,10,,,0,1,pending,,RABBIT_LENDING,10,ITEM_SUBMISSION_STATUS_SUBMITTED,0,10,67ec3cff-a9ab-4c63-a962-147cf14dd821,true,true,,,RCL newpayment membership applies only to Motor RCL; false for other flows is not a blocker.,2025-12-22 17:44:46,insurers/28,,,,,,EVENT_ABSENT,SUBSEQUENT_INSTALLMENT,false,false,,,RCL_MOTOR_ORDER_YEAR_2026_CUTOFF,FIRST_APPLICABLE_OBSERVED_GROUP_NOT_EXHAUSTIVE,[],0,False,False,Identity+status only; no scheduling/import or accounting allocation assertion. Cancellation does not prove per-DocEntry multiplicity.
RECEIPT_LINK,MULTI_ITEM_ALLOCATION_NOT_RECONCILED,ITEM_APPROVAL_STATUS_POLICY_UPLOADED,2026-09-26 16:06:06,2026-10-01,2026-09-01,Motor,,,,"[""chrg_6949hrvgmlvxilavxa4""]",10,OBSERVED_DATA_STATE,1885.17,699aec44-381a-496b-822b-56fa200ed2a5,2026-09-24 00:22:41,,1,,CURRENT_MONTH,PAID,RCL,10,false,false,false,5929a6c0-f198-4402-91c3-96e27961ffc7,LEAD_STATUS_PURCHASED,,,0,,MOTOR_TYPE_1,true,L79368552,L79368552-V1,2,2026-09-24 00:22:39,2026-09-24,PAYMENT_DATE,QR_CODE,INSTALLMENT,RABBIT_CARE_INSTALLMENT,1,products/car-insurance,chrg_6949hrvgmlvxilavxa4,2026-09-24 00:22:39,SAP_PERIOD_PENDING_RECEIPT_MISSING,MISSING_TERMINAL_SAP_EVIDENCE,10,,,0,1,pending,,RABBIT_LENDING,10,ITEM_SUBMISSION_STATUS_SUBMITTED,0,10,966d32b7-ad20-4c32-af4c-db1a3e713d75,true,true,,,RCL newpayment membership applies only to Motor RCL; false for other flows is not a blocker.,2025-12-22 17:10:20,insurers/27,,,,,,EVENT_ABSENT,SUBSEQUENT_INSTALLMENT,false,false,,,RCL_MOTOR_ORDER_YEAR_2026_CUTOFF,FIRST_APPLICABLE_OBSERVED_GROUP_NOT_EXHAUSTIVE,[],0,False,False,Identity+status only; no scheduling/import or accounting allocation assertion. Cancellation does not prove per-DocEntry multiplicity.
RECEIPT_LINK,MULTI_ITEM_ALLOCATION_NOT_RECONCILED,ITEM_APPROVAL_STATUS_POLICY_UPLOADED,2026-09-26 16:06:06,2026-10-01,2026-09-01,Motor,,,,"[""chrg_694ae53kcyyk4tmag49""]",10,OBSERVED_DATA_STATE,1950.0,b8d187cc-eb14-46c3-a70a-327539e6b4cf,2026-09-24 01:54:33,,1,,CURRENT_MONTH,PAID,RCL,10,false,false,false,c742d343-3d9c-4a13-a7ec-b6aba5aad545,LEAD_STATUS_PURCHASED,,,0,,MOTOR_TYPE_1,true,L79368739,L79368739-V1,2,2026-09-24 01:54:32,2026-09-24,PAYMENT_DATE,QR_CODE,INSTALLMENT,RABBIT_CARE_INSTALLMENT,1,products/car-insurance,chrg_694ae53kcyyk4tmag49,2026-09-24 01:54:32,SAP_PERIOD_PENDING_RECEIPT_MISSING,MISSING_TERMINAL_SAP_EVIDENCE,10,,,0,1,pending,,RABBIT_LENDING,10,ITEM_SUBMISSION_STATUS_SUBMITTED,0,10,49fb6e26-fed6-463d-beac-7fb97c621d12,true,true,,,RCL newpayment membership applies only to Motor RCL; false for other flows is not a blocker.,2025-12-24 14:46:25,insurers/27,,,,,,EVENT_ABSENT,SUBSEQUENT_INSTALLMENT,false,false,,,RCL_MOTOR_ORDER_YEAR_2026_CUTOFF,FIRST_APPLICABLE_OBSERVED_GROUP_NOT_EXHAUSTIVE,[],0,False,False,Identity+status only; no scheduling/import or accounting allocation assertion. Cancellation does not prove per-DocEntry multiplicity.
RECEIPT_LINK,SINGLE_ITEM_RAW_CHARGE_COMPARISON,ITEM_APPROVAL_STATUS_POLICY_UPLOADED,2026-09-26 16:06:06,2026-10-01,2026-09-01,Motor,,,,"[""chrg_692q44kz352163lka37""]",10,OBSERVED_DATA_STATE,2350.0,6e87e38f-361b-4398-b198-520f9312a0c6,2026-09-20 01:59:20,2350.0,0,,CURRENT_MONTH,PAID,RCL,10,false,false,false,90ee7ba1-6970-4cee-a789-6fc292b21e7e,LEAD_STATUS_PURCHASED,,,0,,MOTOR_TYPE_1,true,L79369672,L79369672-V1,1,2026-09-20 01:59:19,2026-09-20,PAYMENT_DATE,QR_CODE,INSTALLMENT,RABBIT_CARE_INSTALLMENT,1,products/car-insurance,chrg_692q44kz352163lka37,2026-09-20 01:59:19,SAP_PERIOD_PENDING_RECEIPT_MISSING,MISSING_TERMINAL_SAP_EVIDENCE,10,,,0,1,pending,,RABBIT_LENDING,10,ITEM_SUBMISSION_STATUS_SUBMITTED,0,10,c281579e-4e55-4653-81b2-4bc060b67824,true,true,,,RCL newpayment membership applies only to Motor RCL; false for other flows is not a blocker.,2025-12-23 14:55:46,insurers/27,,,,,,EVENT_ABSENT,SUBSEQUENT_INSTALLMENT,false,false,,,RCL_MOTOR_ORDER_YEAR_2026_CUTOFF,FIRST_APPLICABLE_OBSERVED_GROUP_NOT_EXHAUSTIVE,[],0,False,False,Identity+status only; no scheduling/import or accounting allocation assertion. Cancellation does not prove per-DocEntry multiplicity.
RECEIPT_LINK,MULTI_ITEM_ALLOCATION_NOT_RECONCILED,ITEM_APPROVAL_STATUS_POLICY_UPLOADED,2026-09-26 16:06:06,2026-10-01,2026-09-01,Motor,,,,"[""chrg_694bswpq7o3z6dlhruq""]",10,OBSERVED_DATA_STATE,2220.0,e055866a-e434-4bad-ae82-2155a3696d74,2026-09-24 04:20:12,,1,,CURRENT_MONTH,PAID,RCL,10,false,false,false,5be57e2a-d80c-44ac-9c9d-3695ce3e503b,LEAD_STATUS_PURCHASED,,,0,,MOTOR_TYPE_1,true,L79371835,L79371835-V1,2,2026-09-24 04:20:11,2026-09-24,PAYMENT_DATE,QR_CODE,INSTALLMENT,RABBIT_CARE_INSTALLMENT,1,products/car-insurance,chrg_694bswpq7o3z6dlhruq,2026-09-24 04:20:11,SAP_PERIOD_PENDING_RECEIPT_MISSING,MISSING_TERMINAL_SAP_EVIDENCE,10,,,0,1,pending,,RABBIT_LENDING,10,ITEM_SUBMISSION_STATUS_SUBMITTED,0,10,00bceecf-2690-499a-80f8-9bad401d4fae,true,true,,,RCL newpayment membership applies only to Motor RCL; false for other flows is not a blocker.,2025-12-29 14:02:38,insurers/28,,,,,,EVENT_ABSENT,SUBSEQUENT_INSTALLMENT,false,false,,,RCL_MOTOR_ORDER_YEAR_2026_CUTOFF,FIRST_APPLICABLE_OBSERVED_GROUP_NOT_EXHAUSTIVE,[],0,False,False,Identity+status only; no scheduling/import or accounting allocation assertion. Cancellation does not prove per-DocEntry multiplicity.
RECEIPT_LINK,MULTI_ITEM_ALLOCATION_NOT_RECONCILED,ITEM_APPROVAL_STATUS_POLICY_UPLOADED,2026-09-26 16:06:06,2026-10-01,2026-09-01,Motor,,,,"[""chrg_694tq3w5ruc9o7xm88y""]",10,OBSERVED_DATA_STATE,2300.0,5d9ce4c5-ea0d-4be4-bf0b-53b6f6701b19,2026-09-25 10:52:05,,1,,CURRENT_MONTH,PAID,RCL,10,false,false,false,c0964509-3127-4f6c-84ed-423604175daa,LEAD_STATUS_PURCHASED,,,0,,MOTOR_TYPE_1,true,L79372740,L79372740-V1,2,2026-09-25 10:52:04,2026-09-25,PAYMENT_DATE,QR_CODE,INSTALLMENT,RABBIT_CARE_INSTALLMENT,1,products/car-insurance,chrg_694tq3w5ruc9o7xm88y,2026-09-25 10:52:04,SAP_PERIOD_PENDING_RECEIPT_MISSING,MISSING_TERMINAL_SAP_EVIDENCE,10,,,0,1,pending,,RABBIT_LENDING,10,ITEM_SUBMISSION_STATUS_SUBMITTED,0,10,1f514078-b1e6-4ead-918d-42da55352629,true,true,,,RCL newpayment membership applies only to Motor RCL; false for other flows is not a blocker.,2025-12-30 17:15:18,insurers/27,,,,,,EVENT_ABSENT,SUBSEQUENT_INSTALLMENT,false,false,,,RCL_MOTOR_ORDER_YEAR_2026_CUTOFF,FIRST_APPLICABLE_OBSERVED_GROUP_NOT_EXHAUSTIVE,[],0,False,False,Identity+status only; no scheduling/import or accounting allocation assertion. Cancellation does not prove per-DocEntry multiplicity.
RECEIPT_LINK,MULTI_ITEM_ALLOCATION_NOT_RECONCILED,ITEM_APPROVAL_STATUS_POLICY_UPLOADED,2026-09-26 16:06:06,2026-10-01,2026-09-01,Motor,,,,"[""chrg_6952c3ce53jmtdf5ui7""]",10,OBSERVED_DATA_STATE,2280.0,933b4b6a-3b10-455a-bbcd-8fce2cf320ea,2026-09-26 01:32:22,,1,,CURRENT_MONTH,PAID,RCL,10,false,false,false,d2f09d5d-fdad-4873-987c-e4de07f961ac,LEAD_STATUS_PURCHASED,,,0,,MOTOR_TYPE_1,true,L79383396,L79383396-V1,2,2026-09-26 01:32:22,2026-09-26,PAYMENT_DATE,QR_CODE,INSTALLMENT,RABBIT_CARE_INSTALLMENT,1,products/car-insurance,chrg_6952c3ce53jmtdf5ui7,2026-09-26 01:32:22,SAP_PERIOD_PENDING_RECEIPT_MISSING,MISSING_TERMINAL_SAP_EVIDENCE,11,,,0,1,pending,,RABBIT_LENDING,10,ITEM_SUBMISSION_STATUS_SUBMITTED,0,11,5945ae79-31f1-4a57-ad1f-622426ceede8,true,true,,,RCL newpayment membership applies only to Motor RCL; false for other flows is not a blocker.,2025-12-26 15:48:40,insurers/28,,,,,,EVENT_ABSENT,SUBSEQUENT_INSTALLMENT,false,false,,,RCL_MOTOR_ORDER_YEAR_2026_CUTOFF,FIRST_APPLICABLE_OBSERVED_GROUP_NOT_EXHAUSTIVE,[],0,False,False,Identity+status only; no scheduling/import or accounting allocation assertion. Cancellation does not prove per-DocEntry multiplicity.
RECEIPT_LINK,MULTI_ITEM_ALLOCATION_NOT_RECONCILED,ITEM_APPROVAL_STATUS_POLICY_UPLOADED,2026-09-26 16:06:06,2026-10-01,2026-09-01,Motor,,,,"[""chrg_694p2g4q712qgm5luli""]",10,OBSERVED_DATA_STATE,2280.93,36ee784a-4d3a-456a-bf17-80293d4e8308,2026-09-25 02:55:20,,1,,CURRENT_MONTH,PAID,RCL,10,false,false,false,041e1024-af15-4d45-8c2c-27880dc9b7ee,LEAD_STATUS_PURCHASED,,,0,,MOTOR_TYPE_1,true,L79384548,L79384548-V1,2,2026-09-25 02:55:19,2026-09-25,PAYMENT_DATE,QR_CODE,INSTALLMENT,RABBIT_CARE_INSTALLMENT,1,products/car-insurance,chrg_694p2g4q712qgm5luli,2026-09-25 02:55:19,SAP_PERIOD_PENDING_RECEIPT_MISSING,MISSING_TERMINAL_SAP_EVIDENCE,10,,,0,1,pending,,RABBIT_LENDING,10,ITEM_SUBMISSION_STATUS_SUBMITTED,0,10,80eec1d3-d09b-48ab-887c-d340bcf44e50,true,true,,,RCL newpayment membership applies only to Motor RCL; false for other flows is not a blocker.,2025-12-26 09:51:51,insurers/27,,,,,,EVENT_ABSENT,SUBSEQUENT_INSTALLMENT,false,false,,,RCL_MOTOR_ORDER_YEAR_2026_CUTOFF,FIRST_APPLICABLE_OBSERVED_GROUP_NOT_EXHAUSTIVE,[],0,False,False,Identity+status only; no scheduling/import or accounting allocation assertion. Cancellation does not prove per-DocEntry multiplicity.
RECEIPT_LINK,MULTI_ITEM_ALLOCATION_NOT_RECONCILED,ITEM_APPROVAL_STATUS_POLICY_UPLOADED,2026-09-26 16:06:06,2026-10-01,2026-09-01,Motor,,,,"[""chrg_6952l6t40c44i4yghqe""]",10,OBSERVED_DATA_STATE,2220.0,ca16a401-b5f7-444d-9cee-a81474ce84fe,2026-09-26 01:58:44,,1,,CURRENT_MONTH,PAID,RCL,10,false,false,false,0dd77ce0-d1d9-4884-bb4a-cf6d6931455f,LEAD_STATUS_PURCHASED,,,0,,MOTOR_TYPE_1,true,L79389582,L79389582-V1,2,2026-09-26 01:58:43,2026-09-26,PAYMENT_DATE,QR_CODE,INSTALLMENT,RABBIT_CARE_INSTALLMENT,1,products/car-insurance,chrg_6952l6t40c44i4yghqe,2026-09-26 01:58:43,SAP_PERIOD_PENDING_RECEIPT_MISSING,MISSING_TERMINAL_SAP_EVIDENCE,10,,,0,1,pending,,RABBIT_LENDING,10,ITEM_SUBMISSION_STATUS_SUBMITTED,0,10,e0805278-ca97-4d8a-9994-a36b14c05968,true,true,,,RCL newpayment membership applies only to Motor RCL; false for other flows is not a blocker.,2025-12-26 16:18:50,insurers/28,,,,,,EVENT_ABSENT,SUBSEQUENT_INSTALLMENT,false,false,,,RCL_MOTOR_ORDER_YEAR_2026_CUTOFF,FIRST_APPLICABLE_OBSERVED_GROUP_NOT_EXHAUSTIVE,[],0,False,False,Identity+status only; no scheduling/import or accounting allocation assertion. Cancellation does not prove per-DocEntry multiplicity.
CANCEL_SAP_DOCUMENT,DOCUMENT_STATE_ONLY,ITEM_APPROVAL_STATUS_PENDING,2026-09-26 16:06:06,2026-10-01,2026-09-01,Motor,2026-09-15,2485657,2026-09-14 18:12:56,[null],6,OBSERVED_DATA_STATE,,,,,0,,CURRENT_MONTH,CANCELLATION,RCL,1,true,false,true,68727dde-5909-4765-acfd-4f4591fabf2e,LEAD_STATUS_PURCHASED,2485657,,1,pending,MOTOR_TYPE_2_PLUS,true,L78848241,L78848241-V1,1,2026-09-13 13:27:02,,SAP_PAYMENT_DATE_FOR_CANCELLED_DOCUMENT,,INSTALLMENT,RABBIT_CARE_INSTALLMENT,,products/car-insurance,,,CANCEL_CHANGE_ORDER_NOT_APPLIED,MISSING_TERMINAL_SAP_EVIDENCE,6,0.0,,0,1,pending,2026-09-14 00:00:00,RABBIT_LENDING,6,ITEM_SUBMISSION_STATUS_PENDING,0,,b31b1d2e-297c-4a69-a2a6-a15dea4d3f7b,,,false,false,Two live cancel producers checked; output membership does not prove export or import.,2026-09-14 15:47:52,insurers/28,,,,,,EVENT_ABSENT,CANCEL_CHANGE_ORDER,,,true,0,CANCEL_HOLD_UNSYNCED_SUCCESSFUL_PAYMENT,FIRST_APPLICABLE_OBSERVED_GROUP_NOT_EXHAUSTIVE,[],0,False,False,Identity+status only; no scheduling/import or accounting allocation assertion. Cancellation does not prove per-DocEntry multiplicity.
CANCEL_SAP_DOCUMENT,DOCUMENT_STATE_ONLY,ITEM_APPROVAL_STATUS_PENDING,2026-09-26 16:06:06,2026-10-01,2026-09-01,Motor,2026-09-15,2485658,2026-09-14 18:12:56,[null],6,OBSERVED_DATA_STATE,,,,,0,,CURRENT_MONTH,CANCELLATION,RCL,2,true,false,true,68727dde-5909-4765-acfd-4f4591fabf2e,LEAD_STATUS_PURCHASED,2485658,,1,pending,MOTOR_TYPE_2_PLUS,true,L78848241,L78848241-V1,1,2026-09-13 13:27:02,,SAP_PAYMENT_DATE_FOR_CANCELLED_DOCUMENT,,INSTALLMENT,RABBIT_CARE_INSTALLMENT,,products/car-insurance,,,CANCEL_CHANGE_ORDER_NOT_APPLIED,MISSING_TERMINAL_SAP_EVIDENCE,6,0.0,,0,1,pending,2026-09-14 00:00:00,RABBIT_LENDING,6,ITEM_SUBMISSION_STATUS_PENDING,0,,b31b1d2e-297c-4a69-a2a6-a15dea4d3f7b,,,false,false,Two live cancel producers checked; output membership does not prove export or import.,2026-09-14 15:47:52,insurers/28,,,,,,EVENT_ABSENT,CANCEL_CHANGE_ORDER,,,true,0,CANCEL_HOLD_UNSYNCED_SUCCESSFUL_PAYMENT,FIRST_APPLICABLE_OBSERVED_GROUP_NOT_EXHAUSTIVE,[],0,False,False,Identity+status only; no scheduling/import or accounting allocation assertion. Cancellation does not prove per-DocEntry multiplicity.
CANCEL_SAP_DOCUMENT,DOCUMENT_STATE_ONLY,ITEM_APPROVAL_STATUS_PENDING,2026-09-26 16:06:06,2026-10-01,2026-09-01,Motor,2026-09-15,2485659,2026-09-14 18:12:56,[null],6,OBSERVED_DATA_STATE,,,,,0,,CURRENT_MONTH,CANCELLATION,RCL,3,true,false,true,68727dde-5909-4765-acfd-4f4591fabf2e,LEAD_STATUS_PURCHASED,2485659,,1,pending,MOTOR_TYPE_2_PLUS,true,L78848241,L78848241-V1,1,2026-09-13 13:27:02,,SAP_PAYMENT_DATE_FOR_CANCELLED_DOCUMENT,,INSTALLMENT,RABBIT_CARE_INSTALLMENT,,products/car-insurance,,,CANCEL_CHANGE_ORDER_NOT_APPLIED,MISSING_TERMINAL_SAP_EVIDENCE,6,0.0,,0,1,pending,2026-09-14 00:00:00,RABBIT_LENDING,6,ITEM_SUBMISSION_STATUS_PENDING,0,,b31b1d2e-297c-4a69-a2a6-a15dea4d3f7b,,,false,false,Two live cancel producers checked; output membership does not prove export or import.,2026-09-14 15:47:52,insurers/28,,,,,,EVENT_ABSENT,CANCEL_CHANGE_ORDER,,,true,0,CANCEL_HOLD_UNSYNCED_SUCCESSFUL_PAYMENT,FIRST_APPLICABLE_OBSERVED_GROUP_NOT_EXHAUSTIVE,[],0,False,False,Identity+status only; no scheduling/import or accounting allocation assertion. Cancellation does not prove per-DocEntry multiplicity.
CANCEL_SAP_DOCUMENT,DOCUMENT_STATE_ONLY,ITEM_APPROVAL_STATUS_PENDING,2026-09-26 16:06:06,2026-10-01,2026-09-01,Motor,2026-09-15,2485660,2026-09-14 18:12:56,[null],6,OBSERVED_DATA_STATE,,,,,0,,CURRENT_MONTH,CANCELLATION,RCL,4,true,false,true,68727dde-5909-4765-acfd-4f4591fabf2e,LEAD_STATUS_PURCHASED,2485660,,1,pending,MOTOR_TYPE_2_PLUS,true,L78848241,L78848241-V1,1,2026-09-13 13:27:02,,SAP_PAYMENT_DATE_FOR_CANCELLED_DOCUMENT,,INSTALLMENT,RABBIT_CARE_INSTALLMENT,,products/car-insurance,,,CANCEL_CHANGE_ORDER_NOT_APPLIED,MISSING_TERMINAL_SAP_EVIDENCE,6,0.0,,0,1,pending,2026-09-14 00:00:00,RABBIT_LENDING,6,ITEM_SUBMISSION_STATUS_PENDING,0,,b31b1d2e-297c-4a69-a2a6-a15dea4d3f7b,,,false,false,Two live cancel producers checked; output membership does not prove export or import.,2026-09-14 15:47:52,insurers/28,,,,,,EVENT_ABSENT,CANCEL_CHANGE_ORDER,,,true,0,CANCEL_HOLD_UNSYNCED_SUCCESSFUL_PAYMENT,FIRST_APPLICABLE_OBSERVED_GROUP_NOT_EXHAUSTIVE,[],0,False,False,Identity+status only; no scheduling/import or accounting allocation assertion. Cancellation does not prove per-DocEntry multiplicity.
CANCEL_SAP_DOCUMENT,DOCUMENT_STATE_ONLY,ITEM_APPROVAL_STATUS_PENDING,2026-09-26 16:06:06,2026-10-01,2026-09-01,Motor,2026-09-15,2485661,2026-09-14 18:12:56,[null],6,OBSERVED_DATA_STATE,,,,,0,,CURRENT_MONTH,CANCELLATION,RCL,5,true,false,true,68727dde-5909-4765-acfd-4f4591fabf2e,LEAD_STATUS_PURCHASED,2485661,,1,pending,MOTOR_TYPE_2_PLUS,true,L78848241,L78848241-V1,1,2026-09-13 13:27:02,,SAP_PAYMENT_DATE_FOR_CANCELLED_DOCUMENT,,INSTALLMENT,RABBIT_CARE_INSTALLMENT,,products/car-insurance,,,CANCEL_CHANGE_ORDER_NOT_APPLIED,MISSING_TERMINAL_SAP_EVIDENCE,6,0.0,,0,1,pending,2026-09-14 00:00:00,RABBIT_LENDING,6,ITEM_SUBMISSION_STATUS_PENDING,0,,b31b1d2e-297c-4a69-a2a6-a15dea4d3f7b,,,false,false,Two live cancel producers checked; output membership does not prove export or import.,2026-09-14 15:47:52,insurers/28,,,,,,EVENT_ABSENT,CANCEL_CHANGE_ORDER,,,true,0,CANCEL_HOLD_UNSYNCED_SUCCESSFUL_PAYMENT,FIRST_APPLICABLE_OBSERVED_GROUP_NOT_EXHAUSTIVE,[],0,False,False,Identity+status only; no scheduling/import or accounting allocation assertion. Cancellation does not prove per-DocEntry multiplicity.
CANCEL_SAP_DOCUMENT,DOCUMENT_STATE_ONLY,ITEM_APPROVAL_STATUS_PENDING,2026-09-26 16:06:06,2026-10-01,2026-09-01,Motor,2026-09-15,2485662,2026-09-14 18:12:56,[null],6,OBSERVED_DATA_STATE,,,,,0,,CURRENT_MONTH,CANCELLATION,RCL,6,true,false,true,68727dde-5909-4765-acfd-4f4591fabf2e,LEAD_STATUS_PURCHASED,2485662,,1,pending,MOTOR_TYPE_2_PLUS,true,L78848241,L78848241-V1,1,2026-09-13 13:27:02,,SAP_PAYMENT_DATE_FOR_CANCELLED_DOCUMENT,,INSTALLMENT,RABBIT_CARE_INSTALLMENT,,products/car-insurance,,,CANCEL_CHANGE_ORDER_NOT_APPLIED,MISSING_TERMINAL_SAP_EVIDENCE,6,0.0,,0,1,pending,2026-09-14 00:00:00,RABBIT_LENDING,6,ITEM_SUBMISSION_STATUS_PENDING,0,,b31b1d2e-297c-4a69-a2a6-a15dea4d3f7b,,,false,false,Two live cancel producers checked; output membership does not prove export or import.,2026-09-14 15:47:52,insurers/28,,,,,,EVENT_ABSENT,CANCEL_CHANGE_ORDER,,,true,0,CANCEL_HOLD_UNSYNCED_SUCCESSFUL_PAYMENT,FIRST_APPLICABLE_OBSERVED_GROUP_NOT_EXHAUSTIVE,[],0,False,False,Identity+status only; no scheduling/import or accounting allocation assertion. Cancellation does not prove per-DocEntry multiplicity.
CANCEL_SAP_DOCUMENT,DOCUMENT_STATE_ONLY,ITEM_APPROVAL_STATUS_PENDING,2026-09-26 16:06:06,2026-10-01,2026-09-01,Motor,2026-09-26,,2026-09-26 11:33:28,[null],10,OBSERVED_DATA_STATE,,,,,1,,CURRENT_MONTH,CANCELLATION,RCB,,true,false,false,6adb91d4-ac86-4ca0-b2ad-3db450dd8480,LEAD_STATUS_PURCHASED,,,0,,MOTOR_TYPE_COMPULSORY,true,L78891393,L78891393-M1,2,2026-09-26 04:15:48,,SAP_PAYMENT_DATE_FOR_CANCELLED_DOCUMENT,,BANK_INSTALLMENT,CREDIT_CARD_INSTALLMENT,,products/car-insurance,,,CANCEL_CREATE_MISSING_IN_SAP,MISSING_TERMINAL_SAP_EVIDENCE,0,,,0,0,,,RCB,10,ITEM_SUBMISSION_STATUS_PENDING,0,,ee3928a6-c7ed-4154-9ba0-8cf324a53d37,,,false,false,Two live cancel producers checked; output membership does not prove export or import.,2026-09-26 11:30:13,insurers/7,RCB_Motor_process_3_change,,,,,EVENT_ABSENT,CANCEL_NO_SAP_PREDECESSOR,,,false,,CANCEL_MISSING_CREATE_PREDECESSOR,FIRST_APPLICABLE_OBSERVED_GROUP_NOT_EXHAUSTIVE,[],0,False,False,Identity+status only; no scheduling/import or accounting allocation assertion. Cancellation does not prove per-DocEntry multiplicity.
CANCEL_SAP_DOCUMENT,DOCUMENT_STATE_ONLY,ITEM_APPROVAL_STATUS_PENDING,2026-09-26 16:06:06,2026-10-01,2026-09-01,NonMotor,2026-09-08,,2026-09-08 10:40:31,[null],10,OBSERVED_DATA_STATE,,,,,0,,CURRENT_MONTH,CANCELLATION,RCL,,true,true,false,41046593-0fed-4a3e-9045-3d2e2173fd1c,,,,0,,,true,L80779903,L80779903-1,1,2026-09-02 10:41:30,,SAP_PAYMENT_DATE_FOR_CANCELLED_DOCUMENT,,INSTALLMENT,RABBIT_CARE_INSTALLMENT,,products/health-insurance,,,CANCEL_CREATE_MISSING_IN_SAP,MISSING_TERMINAL_SAP_EVIDENCE,0,,,0,0,,,RABBIT_LENDING,10,ITEM_SUBMISSION_STATUS_PENDING,0,,7364d2b8-e121-45b9-9559-4a5ed40860a3,,,false,false,Two live cancel producers checked; output membership does not prove export or import.,2026-09-03 10:57:27,insurers/34,,,,,,EVENT_ABSENT,CANCEL_NO_SAP_PREDECESSOR,,,false,,CANCEL_MISSING_CREATE_PREDECESSOR,FIRST_APPLICABLE_OBSERVED_GROUP_NOT_EXHAUSTIVE,[],0,False,False,Identity+status only; no scheduling/import or accounting allocation assertion. Cancellation does not prove per-DocEntry multiplicity.
CANCEL_SAP_DOCUMENT,DOCUMENT_STATE_ONLY,ITEM_APPROVAL_STATUS_PENDING,2026-09-26 16:06:06,2026-10-01,2026-09-01,NonMotor,2026-09-08,,2026-09-08 14:47:55,[null],3,OBSERVED_DATA_STATE,,,,,0,,CURRENT_MONTH,CANCELLATION,RCB,,true,true,false,526bfeca-3bbe-4fc8-90bf-4e8f128d99f9,,,,0,,,true,L80824896,L80824896-1,1,2026-09-07 00:00:00,,SAP_PAYMENT_DATE_FOR_CANCELLED_DOCUMENT,,BANK_INSTALLMENT,CREDIT_CARD_INSTALLMENT,,products/health-insurance,,,CANCEL_CREATE_MISSING_IN_SAP,MISSING_TERMINAL_SAP_EVIDENCE,0,,,0,0,,,KRUNGTHAI,3,ITEM_SUBMISSION_STATUS_PENDING,0,,73cdbd7b-39ac-464a-841a-fcd98cb49f4a,,,false,false,Two live cancel producers checked; output membership does not prove export or import.,2026-09-08 14:37:10,insurers/7,,,,,,EVENT_ABSENT,CANCEL_NO_SAP_PREDECESSOR,,,false,,CANCEL_MISSING_CREATE_PREDECESSOR,FIRST_APPLICABLE_OBSERVED_GROUP_NOT_EXHAUSTIVE,[],0,False,False,Identity+status only; no scheduling/import or accounting allocation assertion. Cancellation does not prove per-DocEntry multiplicity.
CANCEL_SAP_DOCUMENT,DOCUMENT_STATE_ONLY,ITEM_APPROVAL_STATUS_PENDING,2026-09-26 16:06:06,2026-10-01,2026-09-01,NonMotor,2026-09-08,,2026-09-08 14:47:37,[null],6,OBSERVED_DATA_STATE,,,,,0,,CURRENT_MONTH,CANCELLATION,RCB,,true,true,false,6a074c3e-c4c1-4741-9daa-f72336c7a392,,,,0,,,true,L80824898,L80824898-1,1,2026-09-07 00:00:00,,SAP_PAYMENT_DATE_FOR_CANCELLED_DOCUMENT,,BANK_INSTALLMENT,CREDIT_CARD_INSTALLMENT,,products/health-insurance,,,CANCEL_CREATE_MISSING_IN_SAP,MISSING_TERMINAL_SAP_EVIDENCE,0,,,0,0,,,KRUNGTHAI,6,ITEM_SUBMISSION_STATUS_PENDING,0,,b1d345e5-fb74-4f37-80ec-d85107288370,,,false,false,Two live cancel producers checked; output membership does not prove export or import.,2026-09-08 14:37:25,insurers/7,,,,,,EVENT_ABSENT,CANCEL_NO_SAP_PREDECESSOR,,,false,,CANCEL_MISSING_CREATE_PREDECESSOR,FIRST_APPLICABLE_OBSERVED_GROUP_NOT_EXHAUSTIVE,[],0,False,False,Identity+status only; no scheduling/import or accounting allocation assertion. Cancellation does not prove per-DocEntry multiplicity.
CANCEL_SAP_DOCUMENT,DOCUMENT_STATE_ONLY,ITEM_APPROVAL_STATUS_PENDING,2026-09-26 16:06:06,2026-10-01,2026-09-01,Motor,2026-09-25,,2026-09-25 15:44:37,[null],8,OBSERVED_DATA_STATE,,,,,0,,CURRENT_MONTH,CANCELLATION,RCL,,true,true,false,48ca19a0-a10e-4f72-8e4b-df0c72333647,LEAD_STATUS_PURCHASED,,,0,,MOTOR_TYPE_1,true,L80860685,L80860685-V1,1,2026-09-01 04:38:46,,SAP_PAYMENT_DATE_FOR_CANCELLED_DOCUMENT,,INSTALLMENT,RABBIT_CARE_INSTALLMENT,,products/car-insurance,,,CANCEL_CREATE_MISSING_IN_SAP,MISSING_TERMINAL_SAP_EVIDENCE,0,,,0,0,,,RABBIT_LENDING,8,ITEM_SUBMISSION_STATUS_PENDING,0,,d944a362-a083-4804-9bb1-46108cdae1e4,,,false,false,Two live cancel producers checked; output membership does not prove export or import.,2026-09-25 15:43:25,insurers/35,,,,,,EVENT_ABSENT,CANCEL_NO_SAP_PREDECESSOR,,,false,,CANCEL_MISSING_CREATE_PREDECESSOR,FIRST_APPLICABLE_OBSERVED_GROUP_NOT_EXHAUSTIVE,[],0,False,False,Identity+status only; no scheduling/import or accounting allocation assertion. Cancellation does not prove per-DocEntry multiplicity.
CANCEL_SAP_DOCUMENT,DOCUMENT_STATE_ONLY,ITEM_APPROVAL_STATUS_PENDING,2026-09-26 16:06:06,2026-10-01,2026-09-01,NonMotor,2026-09-14,,2026-09-14 16:44:15,[null],10,OBSERVED_DATA_STATE,,,,,0,,CURRENT_MONTH,CANCELLATION,RCL,,true,true,true,7b2f5eef-6e68-45e2-b09b-840f3339568f,,,,0,,,true,L80878738,L80878738-1,1,2026-09-11 08:53:34,,SAP_PAYMENT_DATE_FOR_CANCELLED_DOCUMENT,,INSTALLMENT,RABBIT_CARE_INSTALLMENT,,products/health-insurance,,,CANCEL_CREATE_MISSING_IN_SAP,MISSING_TERMINAL_SAP_EVIDENCE,0,,,0,0,,,RABBIT_LENDING,10,ITEM_SUBMISSION_STATUS_PENDING,0,,2b971b48-9434-4173-ab3b-8fcfca9a9354,,,false,false,Two live cancel producers checked; output membership does not prove export or import.,2026-09-14 16:38:32,insurers/34,,,,,,EVENT_ABSENT,CANCEL_NO_SAP_PREDECESSOR,,,false,,CANCEL_MISSING_CREATE_PREDECESSOR,FIRST_APPLICABLE_OBSERVED_GROUP_NOT_EXHAUSTIVE,[],0,False,False,Identity+status only; no scheduling/import or accounting allocation assertion. Cancellation does not prove per-DocEntry multiplicity.
CANCEL_SAP_DOCUMENT,DOCUMENT_STATE_ONLY,ITEM_APPROVAL_STATUS_PENDING,2026-09-26 16:06:06,2026-10-01,2026-09-01,Motor,2026-09-23,,2026-09-23 13:46:38,[null],10,OBSERVED_DATA_STATE,,,,,0,,CURRENT_MONTH,CANCELLATION,RCL,,true,true,false,0b4dd30e-cfb8-4278-a45c-25034db67f88,LEAD_STATUS_PURCHASED,,,0,,MOTOR_TYPE_1,true,L80896379,L80896379-V1,1,2026-09-05 04:34:10,,SAP_PAYMENT_DATE_FOR_CANCELLED_DOCUMENT,,INSTALLMENT,RABBIT_CARE_INSTALLMENT,,products/car-insurance,,,CANCEL_CREATE_MISSING_IN_SAP,MISSING_TERMINAL_SAP_EVIDENCE,0,,,0,0,,,RABBIT_LENDING,10,ITEM_SUBMISSION_STATUS_PENDING,0,,d7ab688d-57b1-4198-8594-101c330666dc,,,false,false,Two live cancel producers checked; output membership does not prove export or import.,2026-09-23 11:40:32,insurers/7,,,,,,EVENT_ABSENT,CANCEL_NO_SAP_PREDECESSOR,,,false,,CANCEL_MISSING_CREATE_PREDECESSOR,FIRST_APPLICABLE_OBSERVED_GROUP_NOT_EXHAUSTIVE,[],0,False,False,Identity+status only; no scheduling/import or accounting allocation assertion. Cancellation does not prove per-DocEntry multiplicity.
CANCEL_SAP_DOCUMENT,DOCUMENT_STATE_ONLY,ITEM_APPROVAL_STATUS_PENDING,2026-09-26 16:06:06,2026-10-01,2026-09-01,Motor,2026-09-19,,2026-09-18 18:03:56,[null],6,OBSERVED_DATA_STATE,,,,,0,,CURRENT_MONTH,CANCELLATION,RCL,,true,true,true,9c2c6eb7-989a-4df0-8b3d-d7ed11d72394,LEAD_STATUS_PURCHASED,,,0,,MOTOR_TYPE_2_PLUS,true,L80902882,L80902882-V1,1,2026-09-18 08:20:03,,SAP_PAYMENT_DATE_FOR_CANCELLED_DOCUMENT,,INSTALLMENT,RABBIT_CARE_INSTALLMENT,,products/car-insurance,,,CANCEL_CREATE_MISSING_IN_SAP,MISSING_TERMINAL_SAP_EVIDENCE,0,,,0,0,,,RABBIT_LENDING,6,ITEM_SUBMISSION_STATUS_PENDING,0,,b39f7d04-050a-422e-bdc8-f1fd637b4aba,,,false,false,Two live cancel producers checked; output membership does not prove export or import.,2026-09-18 15:34:10,insurers/7,,,,,,EVENT_ABSENT,CANCEL_NO_SAP_PREDECESSOR,,,false,,CANCEL_MISSING_CREATE_PREDECESSOR,FIRST_APPLICABLE_OBSERVED_GROUP_NOT_EXHAUSTIVE,[],0,False,False,Identity+status only; no scheduling/import or accounting allocation assertion. Cancellation does not prove per-DocEntry multiplicity.
CANCEL_SAP_DOCUMENT,DOCUMENT_STATE_ONLY,ITEM_APPROVAL_STATUS_PENDING,2026-09-26 16:06:06,2026-10-01,2026-09-01,Motor,2026-09-26,,2026-09-26 13:57:37,[null],1,OBSERVED_DATA_STATE,,,,,1,,CURRENT_MONTH,CANCELLATION,RCB,,true,false,true,f9242d56-5890-48bf-ac40-f8dced36e98d,LEAD_STATUS_PURCHASED,,,0,,MOTOR_TYPE_COMPULSORY,true,L80941710,L80941710-M1,2,2026-09-26 06:24:57,,SAP_PAYMENT_DATE_FOR_CANCELLED_DOCUMENT,,ONETIME,FULL_PAYMENT,,products/car-insurance,,,CANCEL_CREATE_MISSING_IN_SAP,MISSING_TERMINAL_SAP_EVIDENCE,0,,,0,0,,,OMISE,1,ITEM_SUBMISSION_STATUS_PENDING,0,,b2a08253-da1c-437a-9367-32301af6ec4a,,,false,false,Two live cancel producers checked; output membership does not prove export or import.,2026-09-26 13:25:00,insurers/7,RCB_Motor_process_3_change|RCB_Motor_process_create,,,,,EVENT_ABSENT,CANCEL_NO_SAP_PREDECESSOR,,,false,,CANCEL_MISSING_CREATE_PREDECESSOR,FIRST_APPLICABLE_OBSERVED_GROUP_NOT_EXHAUSTIVE,[],0,False,False,Identity+status only; no scheduling/import or accounting allocation assertion. Cancellation does not prove per-DocEntry multiplicity.
CANCEL_SAP_DOCUMENT,DOCUMENT_STATE_ONLY,ITEM_APPROVAL_STATUS_PENDING,2026-09-26 16:06:06,2026-10-01,2026-09-01,Motor,2026-09-26,,2026-09-26 13:57:37,[null],1,OBSERVED_DATA_STATE,,,,,1,,CURRENT_MONTH,CANCELLATION,RCB,,true,false,true,4c84635a-0ee8-4ce2-9009-aa29efd8f92f,LEAD_STATUS_PURCHASED,,,0,,MOTOR_TYPE_2_PLUS,true,L80941710,L80941710-V1,2,2026-09-26 06:24:57,,SAP_PAYMENT_DATE_FOR_CANCELLED_DOCUMENT,,ONETIME,FULL_PAYMENT,,products/car-insurance,,,CANCEL_CREATE_MISSING_IN_SAP,MISSING_TERMINAL_SAP_EVIDENCE,0,,,0,0,,,OMISE,1,ITEM_SUBMISSION_STATUS_PENDING,0,,b2a08253-da1c-437a-9367-32301af6ec4a,,,false,false,Two live cancel producers checked; output membership does not prove export or import.,2026-09-26 13:25:00,insurers/7,RCB_Motor_process_3_change|RCB_Motor_process_create,,,,,EVENT_ABSENT,CANCEL_NO_SAP_PREDECESSOR,,,false,,CANCEL_MISSING_CREATE_PREDECESSOR,FIRST_APPLICABLE_OBSERVED_GROUP_NOT_EXHAUSTIVE,[],0,False,False,Identity+status only; no scheduling/import or accounting allocation assertion. Cancellation does not prove per-DocEntry multiplicity.
CANCEL_SAP_DOCUMENT,DOCUMENT_STATE_ONLY,ITEM_APPROVAL_STATUS_POLICY_UPLOADED,2026-09-26 16:06:06,2026-10-01,2026-09-01,Motor,2026-09-08,2181178,2026-09-08 15:37:07,"[""2_chrg_675i3x2k1wrypgeg0mh""]",10,ROUTING_CAUSE_CANDIDATE,,,,,0,,CURRENT_MONTH,CANCELLATION,RCL,1,true,true,false,751f0116-aa7c-4c1c-a9ab-ac5c5e603020,LEAD_STATUS_PURCHASED,2181178,2_chrg_675i3x2k1wrypgeg0mh,1,paid,MOTOR_TYPE_1,true,L79959262,L79959262-V1,1,2026-08-01 01:47:03,2026-03-27,SAP_PAYMENT_DATE_FOR_CANCELLED_DOCUMENT,,INSTALLMENT,RABBIT_CARE_INSTALLMENT,,products/car-insurance,2_chrg_675i3x2k1wrypgeg0mh,,CANCEL_MULTIPLE_ROWS_SAME_PERIOD,MISSING_TERMINAL_SAP_EVIDENCE,11,2895.0,2026-03-27,2,2,paid,2026-03-29 00:00:00,RABBIT_LENDING,10,ITEM_SUBMISSION_STATUS_SUBMITTED,0,,1c8c5772-bd44-4d6f-a16e-3a99809c1109,,,true,false,Two live cancel producers checked; output membership does not prove export or import.,2026-03-28 14:17:19,insurers/27,RCB_Motor_process_2_cancel_new,RCB_Motor_process_2_cancel_new,,,2_chrg_675y5ji6we3tvsuowam,EVENT_ABSENT,CANCEL_MULTI_RECEIPT_PERIOD,,,false,0,CANCEL_COLLAPSES_RECEIPTS_TO_PERIOD,FIRST_APPLICABLE_OBSERVED_GROUP_NOT_EXHAUSTIVE,[],0,False,False,Identity+status only; no scheduling/import or accounting allocation assertion. Cancellation does not prove per-DocEntry multiplicity.
CANCEL_SAP_DOCUMENT,DOCUMENT_STATE_ONLY,ITEM_APPROVAL_STATUS_POLICY_UPLOADED,2026-09-26 16:06:06,2026-10-01,2026-09-01,Motor,2026-09-10,2235865,2026-09-09 17:18:01,"[""2_chrg_678npn3yq0d5k3pad5m""]",10,ROUTING_CAUSE_CANDIDATE,,,,,0,,CURRENT_MONTH,CANCELLATION,RCL,1,true,true,false,404b61ad-82e4-45ac-a4c9-555ce70341ae,LEAD_STATUS_PURCHASED,2235865,2_chrg_678npn3yq0d5k3pad5m,1,paid,MOTOR_TYPE_1,true,L80035402,L80035402-V1,1,2026-07-20 09:53:35,2026-04-04,SAP_PAYMENT_DATE_FOR_CANCELLED_DOCUMENT,,INSTALLMENT,RABBIT_CARE_INSTALLMENT,,products/car-insurance,2_chrg_678npn3yq0d5k3pad5m,,CANCEL_MULTIPLE_ROWS_SAME_PERIOD,MISSING_TERMINAL_SAP_EVIDENCE,11,1690.03,2026-04-04,2,2,paid,2026-04-30 00:00:00,RABBIT_LENDING,10,ITEM_SUBMISSION_STATUS_SUBMITTED,0,,351e849f-66a2-4253-9006-a53f59565b38,,,true,false,Two live cancel producers checked; output membership does not prove export or import.,2026-04-22 13:00:20,insurers/6,RCB_Motor_process_2_cancel_new,RCB_Motor_process_2_cancel_new,,,2_chrg_67fezqt7gdosk2908fy,EVENT_ABSENT,CANCEL_MULTI_RECEIPT_PERIOD,,,false,0,CANCEL_COLLAPSES_RECEIPTS_TO_PERIOD,FIRST_APPLICABLE_OBSERVED_GROUP_NOT_EXHAUSTIVE,[],0,False,False,Identity+status only; no scheduling/import or accounting allocation assertion. Cancellation does not prove per-DocEntry multiplicity.
CANCEL_SAP_DOCUMENT,DOCUMENT_STATE_ONLY,ITEM_APPROVAL_STATUS_POLICY_UPLOADED,2026-09-26 16:06:06,2026-10-01,2026-09-01,Motor,2026-09-25,2310779,2026-09-25 15:42:33,"[""2_chrg_67pxaxs1c1zsyxq9d5w""]",6,ROUTING_CAUSE_CANDIDATE,,,,,0,,CURRENT_MONTH,CANCELLATION,RCL,1,true,true,false,75d3cb48-166b-40b3-afc9-70c270b594d4,LEAD_STATUS_PURCHASED,2310779,2_chrg_67pxaxs1c1zsyxq9d5w,1,paid,MOTOR_TYPE_1,true,L80236849,L80236849-V1,1,2026-08-29 07:00:27,2026-06-01,SAP_PAYMENT_DATE_FOR_CANCELLED_DOCUMENT,,INSTALLMENT,RABBIT_CARE_INSTALLMENT,,products/car-insurance,2_chrg_67pxaxs1c1zsyxq9d5w,,CANCEL_MULTIPLE_ROWS_SAME_PERIOD,MISSING_TERMINAL_SAP_EVIDENCE,8,2083.35,2026-06-01,3,3,paid,2026-06-05 00:00:00,RABBIT_LENDING,6,ITEM_SUBMISSION_STATUS_SUBMITTED,0,,1afd39dd-cfb0-45a0-9995-b05530a7c6e9,,,true,false,Two live cancel producers checked; output membership does not prove export or import.,2026-06-01 16:22:33,insurers/17,RCB_Motor_process_2_cancel_new,RCB_Motor_process_2_cancel_new,,,2_chrg_67vfbws6invplvpnsr2,EVENT_ABSENT,CANCEL_MULTI_RECEIPT_PERIOD,,,false,0,CANCEL_COLLAPSES_RECEIPTS_TO_PERIOD,FIRST_APPLICABLE_OBSERVED_GROUP_NOT_EXHAUSTIVE,[],0,False,False,Identity+status only; no scheduling/import or accounting allocation assertion. Cancellation does not prove per-DocEntry multiplicity.
CANCEL_SAP_DOCUMENT,DOCUMENT_STATE_ONLY,ITEM_APPROVAL_STATUS_POLICY_UPLOADED,2026-09-26 16:06:06,2026-10-01,2026-09-01,Motor,2026-09-25,2310780,2026-09-25 15:42:33,"[""2_chrg_67szipl2whp7yx42tku""]",6,ROUTING_CAUSE_CANDIDATE,,,,,0,,CURRENT_MONTH,CANCELLATION,RCL,1,true,true,false,75d3cb48-166b-40b3-afc9-70c270b594d4,LEAD_STATUS_PURCHASED,2310780,2_chrg_67szipl2whp7yx42tku,1,paid,MOTOR_TYPE_1,true,L80236849,L80236849-V1,1,2026-08-29 07:00:27,2026-06-01,SAP_PAYMENT_DATE_FOR_CANCELLED_DOCUMENT,,INSTALLMENT,RABBIT_CARE_INSTALLMENT,,products/car-insurance,2_chrg_67szipl2whp7yx42tku,,CANCEL_MULTIPLE_ROWS_SAME_PERIOD,MISSING_TERMINAL_SAP_EVIDENCE,8,244.24,2026-06-01,3,3,paid,2026-06-05 00:00:00,RABBIT_LENDING,6,ITEM_SUBMISSION_STATUS_SUBMITTED,0,,1afd39dd-cfb0-45a0-9995-b05530a7c6e9,,,true,false,Two live cancel producers checked; output membership does not prove export or import.,2026-06-01 16:22:33,insurers/17,RCB_Motor_process_2_cancel_new,RCB_Motor_process_2_cancel_new,,,2_chrg_67vfbws6invplvpnsr2,EVENT_ABSENT,CANCEL_MULTI_RECEIPT_PERIOD,,,false,0,CANCEL_COLLAPSES_RECEIPTS_TO_PERIOD,FIRST_APPLICABLE_OBSERVED_GROUP_NOT_EXHAUSTIVE,[],0,False,False,Identity+status only; no scheduling/import or accounting allocation assertion. Cancellation does not prove per-DocEntry multiplicity.
CANCEL_SAP_DOCUMENT,DOCUMENT_STATE_ONLY,ITEM_APPROVAL_STATUS_POLICY_UPLOADED,2026-09-26 16:06:06,2026-10-01,2026-09-01,Motor,2026-09-17,2340286,2026-09-17 15:31:18,"[""2_chrg_681l0r49ib6c3g4fgs6""]",10,ROUTING_CAUSE_CANDIDATE,,,,,0,,CURRENT_MONTH,CANCELLATION,RCL,1,true,true,false,2d4a8986-68fe-480c-b09a-12ea118bbd84,LEAD_STATUS_PURCHASED,2340286,2_chrg_681l0r49ib6c3g4fgs6,1,paid,MOTOR_TYPE_1,true,L80326899,L80326899-V1,1,2026-08-06 06:37:58,2026-06-17,SAP_PAYMENT_DATE_FOR_CANCELLED_DOCUMENT,,INSTALLMENT,RABBIT_CARE_INSTALLMENT,,products/car-insurance,2_chrg_681l0r49ib6c3g4fgs6,,CANCEL_MULTIPLE_ROWS_SAME_PERIOD,MISSING_TERMINAL_SAP_EVIDENCE,11,1260.0,2026-06-17,2,2,paid,2026-06-24 00:00:00,RABBIT_LENDING,10,ITEM_SUBMISSION_STATUS_SUBMITTED,0,,63e13c3b-dab0-4574-a90d-07808f4009ce,,,true,false,Two live cancel producers checked; output membership does not prove export or import.,2026-06-23 13:40:47,insurers/28,RCB_Motor_process_2_cancel_new,RCB_Motor_process_2_cancel_new,,,2_chrg_683mv19dgr9c2myrfx6,EVENT_ABSENT,CANCEL_MULTI_RECEIPT_PERIOD,,,false,0,CANCEL_COLLAPSES_RECEIPTS_TO_PERIOD,FIRST_APPLICABLE_OBSERVED_GROUP_NOT_EXHAUSTIVE,[],0,False,False,Identity+status only; no scheduling/import or accounting allocation assertion. Cancellation does not prove per-DocEntry multiplicity.
CANCEL_SAP_DOCUMENT,DOCUMENT_STATE_ONLY,ITEM_APPROVAL_STATUS_POLICY_UPLOADED,2026-09-26 16:06:06,2026-10-01,2026-09-01,NonMotor,2026-09-21,2372756,2026-09-21 10:49:12,"[""chrg_6894b36ckclkjbj4daa""]",10,ROUTING_CAUSE_CANDIDATE,,,,,0,,CURRENT_MONTH,CANCELLATION,RCL,1,true,true,false,bc033815-e0b7-4542-81b0-188c01865cf7,,2372756,chrg_6894b36ckclkjbj4daa,1,paid,,true,L80421949,L80421949-1,1,2026-08-13 15:10:44,2026-07-06,SAP_PAYMENT_DATE_FOR_CANCELLED_DOCUMENT,,INSTALLMENT,RABBIT_CARE_INSTALLMENT,,products/health-insurance,chrg_6894b36ckclkjbj4daa,,CANCEL_MULTIPLE_ROWS_SAME_PERIOD,MISSING_TERMINAL_SAP_EVIDENCE,11,1845.0,2026-07-06,2,2,paid,2026-07-15 00:00:00,RABBIT_LENDING,10,ITEM_SUBMISSION_STATUS_SUBMITTED,0,,11231318-3d56-4a75-8492-c389f2a927f0,,,true,false,Two live cancel producers checked; output membership does not prove export or import.,2026-07-14 16:01:45,insurers/34,RCB_Motor_process_2_cancel_new,RCB_Motor_process_2_cancel_new,,,chrg_68a8nztdl5rnboysjzi,EVENT_ABSENT,CANCEL_MULTI_RECEIPT_PERIOD,,,false,0,CANCEL_COLLAPSES_RECEIPTS_TO_PERIOD,FIRST_APPLICABLE_OBSERVED_GROUP_NOT_EXHAUSTIVE,[],0,False,False,Identity+status only; no scheduling/import or accounting allocation assertion. Cancellation does not prove per-DocEntry multiplicity.
CANCEL_SAP_DOCUMENT,DOCUMENT_STATE_ONLY,ITEM_APPROVAL_STATUS_POLICY_UPLOADED,2026-09-26 16:06:06,2026-10-01,2026-09-01,Motor,2026-09-01,2392448,2026-09-01 16:52:11,"[""2_chrg_68emk3le37wy9ylnuy8""]",10,ROUTING_CAUSE_CANDIDATE,,,,,0,,CURRENT_MONTH,CANCELLATION,RCL,1,true,true,false,c9300059-f12b-4b8f-a977-56926bd0b797,LEAD_STATUS_PURCHASED,2392448,2_chrg_68emk3le37wy9ylnuy8,1,paid,MOTOR_TYPE_1,true,L80489632,L80489632-V1,1,2026-07-21 10:15:11,2026-07-20,SAP_PAYMENT_DATE_FOR_CANCELLED_DOCUMENT,,INSTALLMENT,RABBIT_CARE_INSTALLMENT,,products/car-insurance,2_chrg_68emk3le37wy9ylnuy8,,CANCEL_MULTIPLE_ROWS_SAME_PERIOD,MISSING_TERMINAL_SAP_EVIDENCE,11,3200.0,2026-07-20,2,2,paid,2026-07-24 00:00:00,RABBIT_LENDING,10,ITEM_SUBMISSION_STATUS_SUBMITTED,0,,892ec461-5766-4ae6-9c11-56f8cf332855,,,true,false,Two live cancel producers checked; output membership does not prove export or import.,2026-07-21 17:30:17,insurers/25,RCB_Motor_process_2_cancel_new,RCB_Motor_process_2_cancel_new,,,2_chrg_68eym28sjsm6q622c43,EVENT_ABSENT,CANCEL_MULTI_RECEIPT_PERIOD,,,false,0,CANCEL_COLLAPSES_RECEIPTS_TO_PERIOD,FIRST_APPLICABLE_OBSERVED_GROUP_NOT_EXHAUSTIVE,[],0,False,False,Identity+status only; no scheduling/import or accounting allocation assertion. Cancellation does not prove per-DocEntry multiplicity.
CANCEL_SAP_DOCUMENT,DOCUMENT_STATE_ONLY,ITEM_APPROVAL_STATUS_POLICY_UPLOADED,2026-09-26 16:06:06,2026-10-01,2026-09-01,NonMotor,2026-09-10,2402576,2026-09-10 16:56:05,"[""chrg_67veoqb7dco6t1d5tj4""]",3,ROUTING_CAUSE_CANDIDATE,,,,,0,,CURRENT_MONTH,CANCELLATION,RCL,1,true,true,false,71ca919e-29fb-4a4a-a85f-9b89a51cdc9a,,2402576,chrg_67veoqb7dco6t1d5tj4,1,paid,,true,L80517642,L80517642-1,1,2026-06-08 10:59:09,2026-07-01,SAP_PAYMENT_DATE_FOR_CANCELLED_DOCUMENT,,INSTALLMENT,RABBIT_CARE_INSTALLMENT,,products/health-insurance,chrg_67veoqb7dco6t1d5tj4,,CANCEL_MULTIPLE_ROWS_SAME_PERIOD,MISSING_TERMINAL_SAP_EVIDENCE,4,1074.28,2026-07-01,2,2,paid,2026-07-31 00:00:00,RABBIT_LENDING,3,ITEM_SUBMISSION_STATUS_SUBMITTED,0,,f91dc989-846a-421a-9888-1cc86f8b004c,,,true,false,Two live cancel producers checked; output membership does not prove export or import.,2026-07-30 14:08:14,insurers/11,RCB_Motor_process_2_cancel_new,RCB_Motor_process_2_cancel_new,,,chrg_67y277kbasuqx9lrh3m,EVENT_ABSENT,CANCEL_MULTI_RECEIPT_PERIOD,,,false,0,CANCEL_COLLAPSES_RECEIPTS_TO_PERIOD,FIRST_APPLICABLE_OBSERVED_GROUP_NOT_EXHAUSTIVE,[],0,False,False,Identity+status only; no scheduling/import or accounting allocation assertion. Cancellation does not prove per-DocEntry multiplicity.
CANCEL_SAP_DOCUMENT,DOCUMENT_STATE_ONLY,ITEM_APPROVAL_STATUS_POLICY_UPLOADED,2026-09-26 16:06:06,2026-10-01,2026-09-01,Motor,2026-09-07,2423123,2026-09-07 11:21:30,"[""chrg_68oe5o7ouio1kgpabh9""]",1,OBSERVED_DATA_STATE,,,,,0,,CURRENT_MONTH,CANCELLATION,RCB,1,true,false,false,a9bc3402-6469-4196-aea0-8a11d55d7196,LEAD_STATUS_PURCHASED,2423123,chrg_68oe5o7ouio1kgpabh9,1,paid,MOTOR_TYPE_3,true,L78708191,L78708191-V1,1,2026-08-14 11:03:13,2026-08-14,SAP_PAYMENT_DATE_FOR_CANCELLED_DOCUMENT,,ONETIME,FULL_PAYMENT,,products/car-insurance,chrg_68oe5o7ouio1kgpabh9,,CANCEL_PARTIALLY_APPLIED,MISSING_TERMINAL_SAP_EVIDENCE,3,2499.52,2026-08-14,2,3,"cancelled,paid",2026-08-15 00:00:00,RCB,1,ITEM_SUBMISSION_STATUS_SUBMITTED,0,,f05feb28-9cf4-4675-8fdc-2b9695129c8f,,,false,false,Two live cancel producers checked; output membership does not prove export or import.,2026-08-14 18:11:42,insurers/17,,,,,,EVENT_ABSENT,CANCEL_PARTIAL_RETRY,,,false,1,CANCEL_ITEM_WIDE_ALREADY_CANCELLED_EXCLUSION,FIRST_APPLICABLE_OBSERVED_GROUP_NOT_EXHAUSTIVE,[],0,False,False,Identity+status only; no scheduling/import or accounting allocation assertion. Cancellation does not prove per-DocEntry multiplicity.
CANCEL_SAP_DOCUMENT,DOCUMENT_STATE_ONLY,ITEM_APPROVAL_STATUS_PENDING,2026-09-26 16:06:06,2026-10-01,2026-09-01,Motor,2026-09-18,2488106,2026-09-17 18:05:27,"[""chrg_690rw41vpu3cc7s22xm""]",1,OBSERVED_DATA_STATE,,,,,1,,CURRENT_MONTH,CANCELLATION,RCB,1,true,false,true,30019a93-5b98-4c73-9015-3e4f2dbe17a7,LEAD_STATUS_PURCHASED,2488106,chrg_690rw41vpu3cc7s22xm,1,paid,MOTOR_TYPE_1,true,L79160014,L79160014-V1,2,2026-09-15 02:26:39,2026-09-15,SAP_PAYMENT_DATE_FOR_CANCELLED_DOCUMENT,,ONETIME,FULL_PAYMENT,,products/car-insurance,chrg_690rw41vpu3cc7s22xm,,CANCEL_PARTIALLY_APPLIED,MISSING_TERMINAL_SAP_EVIDENCE,3,319.06,2026-09-15,2,3,"cancelled (change order / rejected),paid",2026-09-16 00:00:00,RCB,1,ITEM_SUBMISSION_STATUS_SUBMITTED,0,,2f6693b2-c606-4fb3-92e7-1c25524b1939,,,false,false,Two live cancel producers checked; output membership does not prove export or import.,2026-09-15 09:33:02,insurers/31,,,,,,EVENT_ABSENT,CANCEL_PARTIAL_RETRY,,,false,1,CANCEL_ITEM_WIDE_ALREADY_CANCELLED_EXCLUSION,FIRST_APPLICABLE_OBSERVED_GROUP_NOT_EXHAUSTIVE,[],0,False,False,Identity+status only; no scheduling/import or accounting allocation assertion. Cancellation does not prove per-DocEntry multiplicity.
CANCEL_SAP_DOCUMENT,DOCUMENT_STATE_ONLY,ITEM_APPROVAL_STATUS_POLICY_UPLOADED,2026-09-26 16:06:06,2026-10-01,2026-09-01,Motor,2026-09-19,2415434,2026-09-18 17:54:07,"[""chrg_68k355mgfvbo4f35dza""]",1,OBSERVED_DATA_STATE,,,,,0,,CURRENT_MONTH,CANCELLATION,RCB,1,true,true,false,ffcd44e7-16b1-4257-bf58-33b1b24513b9,LEAD_STATUS_PURCHASED,2415434,chrg_68k355mgfvbo4f35dza,1,paid,MOTOR_TYPE_3,true,L80555318,L80555318-V1,1,2026-08-03 12:37:32,2026-08-04,SAP_PAYMENT_DATE_FOR_CANCELLED_DOCUMENT,,ONETIME,FULL_PAYMENT,,products/car-insurance,chrg_68k355mgfvbo4f35dza,,CANCEL_PARTIALLY_APPLIED,MISSING_TERMINAL_SAP_EVIDENCE,3,509.32,2026-08-04,2,3,"cancelled,paid",2026-08-05 00:00:00,RCB,1,ITEM_SUBMISSION_STATUS_SUBMITTED,0,,9986df52-7079-4e89-bc72-6b1ea0c1efdd,,,false,false,Two live cancel producers checked; output membership does not prove export or import.,2026-08-04 09:24:43,insurers/1,,,,,,EVENT_ABSENT,CANCEL_PARTIAL_RETRY,,,false,1,CANCEL_ITEM_WIDE_ALREADY_CANCELLED_EXCLUSION,FIRST_APPLICABLE_OBSERVED_GROUP_NOT_EXHAUSTIVE,[],0,False,False,Identity+status only; no scheduling/import or accounting allocation assertion. Cancellation does not prove per-DocEntry multiplicity.
CANCEL_SAP_DOCUMENT,DOCUMENT_STATE_ONLY,ITEM_APPROVAL_STATUS_PENDING,2026-09-26 16:06:06,2026-10-01,2026-09-01,Motor,2026-09-10,2480910,2026-09-10 15:34:04,"[""chrg_68odo6snkgy8b50faqk""]",1,OBSERVED_DATA_STATE,,,,,1,,CURRENT_MONTH,CANCELLATION,RCB,1,true,true,true,304abcd5-3bb3-4a82-8178-d610d0a3df0d,LEAD_STATUS_PURCHASED,2480910,chrg_68odo6snkgy8b50faqk,1,paid,MOTOR_TYPE_1,true,L80814206,L80814206-V1,2,2026-09-09 09:50:18,2026-09-01,SAP_PAYMENT_DATE_FOR_CANCELLED_DOCUMENT,,ONETIME,FULL_PAYMENT,,products/car-insurance,chrg_68odo6snkgy8b50faqk,,CANCEL_PARTIALLY_APPLIED,MISSING_TERMINAL_SAP_EVIDENCE,3,14520.0,2026-09-01,2,3,"cancelled (change order / rejected),paid",2026-09-11 00:00:00,RCB,1,ITEM_SUBMISSION_STATUS_SUBMITTED,0,,767738b1-3809-4bf4-8ed6-3f2da2f8c743,,,false,false,Two live cancel producers checked; output membership does not prove export or import.,2026-09-10 09:41:47,insurers/25,,,,,,EVENT_ABSENT,CANCEL_PARTIAL_RETRY,,,false,1,CANCEL_ITEM_WIDE_ALREADY_CANCELLED_EXCLUSION,FIRST_APPLICABLE_OBSERVED_GROUP_NOT_EXHAUSTIVE,[],0,False,False,Identity+status only; no scheduling/import or accounting allocation assertion. Cancellation does not prove per-DocEntry multiplicity.
CANCEL_SAP_DOCUMENT,DOCUMENT_STATE_ONLY,ITEM_APPROVAL_STATUS_PENDING,2026-09-26 16:06:06,2026-10-01,2026-09-01,Motor,2026-09-11,2482565,2026-09-11 14:59:37,"[""chrg_68odo6snkgy8b50faqk""]",1,OBSERVED_DATA_STATE,,,,,1,,CURRENT_MONTH,CANCELLATION,RCB,1,true,true,true,5b1794f0-f1df-447a-b436-b227a9f0fda9,LEAD_STATUS_PURCHASED,2482565,chrg_68odo6snkgy8b50faqk,1,paid,MOTOR_TYPE_1,true,L80843969,L80843969-V1,2,2026-09-09 09:50:18,2026-09-01,SAP_PAYMENT_DATE_FOR_CANCELLED_DOCUMENT,,ONETIME,FULL_PAYMENT,,products/car-insurance,chrg_68odo6snkgy8b50faqk,,CANCEL_PARTIALLY_APPLIED,MISSING_TERMINAL_SAP_EVIDENCE,3,14520.0,2026-09-01,2,3,"cancelled (change order / rejected),paid",2026-09-12 00:00:00,RCB,1,ITEM_SUBMISSION_STATUS_PENDING,0,,3f2dd47d-8507-4304-a705-a8fb4f38cbec,,,false,false,Two live cancel producers checked; output membership does not prove export or import.,2026-09-11 11:54:11,insurers/27,,,,,,EVENT_ABSENT,CANCEL_PARTIAL_RETRY,,,false,1,CANCEL_ITEM_WIDE_ALREADY_CANCELLED_EXCLUSION,FIRST_APPLICABLE_OBSERVED_GROUP_NOT_EXHAUSTIVE,[],0,False,False,Identity+status only; no scheduling/import or accounting allocation assertion. Cancellation does not prove per-DocEntry multiplicity.
CANCEL_SAP_DOCUMENT,DOCUMENT_STATE_ONLY,ITEM_APPROVAL_STATUS_PENDING,2026-09-26 16:06:06,2026-10-01,2026-09-01,Motor,2026-09-24,2503594,2026-09-24 15:57:41,"[""2_L80930174-V1""]",1,OBSERVED_DATA_STATE,,,,,1,,CURRENT_MONTH,CANCELLATION,RCB,1,true,true,true,dd16fd42-7d3b-4405-a1b5-fddc16bb31ed,LEAD_STATUS_PURCHASED,2503594,2_L80930174-V1,1,paid,MOTOR_TYPE_2_PLUS,true,L80930174,L80930174-V1,2,2026-09-24 00:00:00,2026-09-24,SAP_PAYMENT_DATE_FOR_CANCELLED_DOCUMENT,,ONETIME,FULL_PAYMENT,,products/car-insurance,2_L80930174-V1,,CANCEL_PARTIALLY_APPLIED,MISSING_TERMINAL_SAP_EVIDENCE,3,69.59,2026-09-24,2,3,"cancelled (change order / rejected),paid",2026-09-25 00:00:00,"KASIKORN,RCB",1,ITEM_SUBMISSION_STATUS_PENDING,0,,e4fc5f47-e474-4a3f-8821-a38a37f24cfa,,,false,false,Two live cancel producers checked; output membership does not prove export or import.,2026-09-24 15:35:04,insurers/25,,,,,,EVENT_ABSENT,CANCEL_PARTIAL_RETRY,,,false,1,CANCEL_ITEM_WIDE_ALREADY_CANCELLED_EXCLUSION,FIRST_APPLICABLE_OBSERVED_GROUP_NOT_EXHAUSTIVE,[],0,False,False,Identity+status only; no scheduling/import or accounting allocation assertion. Cancellation does not prove per-DocEntry multiplicity.
CANCEL_SAP_DOCUMENT,DOCUMENT_STATE_ONLY,ITEM_APPROVAL_STATUS_POLICY_UPLOADED,2026-09-26 16:06:06,2026-10-01,2026-09-01,NonMotor,2026-09-15,2098110,2026-09-15 15:00:48,"[""chrg_66lb6jerf7lztk9lxh9""]",10,OBSERVED_DATA_STATE,,,,,0,,CURRENT_MONTH,CANCELLATION,RCL,1,true,false,false,d55778b2-421d-4588-9d35-24b4c5169d15,,2098110,chrg_66lb6jerf7lztk9lxh9,1,paid,,true,L79587523,L79587523-1,1,2026-08-04 09:09:58,2026-02-03,SAP_PAYMENT_DATE_FOR_CANCELLED_DOCUMENT,,INSTALLMENT,RABBIT_CARE_INSTALLMENT,,products/health-insurance,chrg_66lb6jerf7lztk9lxh9,,CANCEL_STATUS_NOT_APPLIED,MISSING_TERMINAL_SAP_EVIDENCE,10,2201.5,2026-02-03,1,1,paid,2026-02-10 00:00:00,RABBIT_LENDING,10,ITEM_SUBMISSION_STATUS_SUBMITTED,0,,2b8a7c81-32e9-485b-8e35-908a353210ef,,,false,false,Two live cancel producers checked; output membership does not prove export or import.,2026-02-04 10:37:19,insurers/34,,,,,,EVENT_ABSENT,CANCEL_STANDARD,,,true,0,CANCEL_HOLD_UNSYNCED_SUCCESSFUL_PAYMENT,FIRST_APPLICABLE_OBSERVED_GROUP_NOT_EXHAUSTIVE,[],0,False,False,Identity+status only; no scheduling/import or accounting allocation assertion. Cancellation does not prove per-DocEntry multiplicity.
CANCEL_SAP_DOCUMENT,DOCUMENT_STATE_ONLY,ITEM_APPROVAL_STATUS_POLICY_UPLOADED,2026-09-26 16:06:06,2026-10-01,2026-09-01,NonMotor,2026-09-15,2098111,2026-09-15 15:00:48,"[""chrg_66vh1hz5xepkypjudce""]",10,OBSERVED_DATA_STATE,,,,,0,,CURRENT_MONTH,CANCELLATION,RCL,2,true,false,false,d55778b2-421d-4588-9d35-24b4c5169d15,,2098111,chrg_66vh1hz5xepkypjudce,1,paid,,true,L79587523,L79587523-1,1,2026-08-04 09:09:58,2026-03-01,SAP_PAYMENT_DATE_FOR_CANCELLED_DOCUMENT,,INSTALLMENT,RABBIT_CARE_INSTALLMENT,,products/health-insurance,chrg_66vh1hz5xepkypjudce,,CANCEL_STATUS_NOT_APPLIED,MISSING_TERMINAL_SAP_EVIDENCE,10,2201.5,2026-03-01,1,1,paid,2026-03-03 00:00:00,RABBIT_LENDING,10,ITEM_SUBMISSION_STATUS_SUBMITTED,0,,2b8a7c81-32e9-485b-8e35-908a353210ef,,,false,false,Two live cancel producers checked; output membership does not prove export or import.,2026-02-04 10:37:19,insurers/34,,,,,,EVENT_ABSENT,CANCEL_STANDARD,,,true,0,CANCEL_HOLD_UNSYNCED_SUCCESSFUL_PAYMENT,FIRST_APPLICABLE_OBSERVED_GROUP_NOT_EXHAUSTIVE,[],0,False,False,Identity+status only; no scheduling/import or accounting allocation assertion. Cancellation does not prove per-DocEntry multiplicity.
CANCEL_SAP_DOCUMENT,DOCUMENT_STATE_ONLY,ITEM_APPROVAL_STATUS_POLICY_UPLOADED,2026-09-26 16:06:06,2026-10-01,2026-09-01,NonMotor,2026-09-15,2098112,2026-09-15 15:00:48,"[""chrg_677h8qzfjyynahg60jh""]",10,OBSERVED_DATA_STATE,,,,,0,,CURRENT_MONTH,CANCELLATION,RCL,3,true,false,false,d55778b2-421d-4588-9d35-24b4c5169d15,,2098112,chrg_677h8qzfjyynahg60jh,1,paid,,true,L79587523,L79587523-1,1,2026-08-04 09:09:58,2026-04-01,SAP_PAYMENT_DATE_FOR_CANCELLED_DOCUMENT,,INSTALLMENT,RABBIT_CARE_INSTALLMENT,,products/health-insurance,chrg_677h8qzfjyynahg60jh,,CANCEL_STATUS_NOT_APPLIED,MISSING_TERMINAL_SAP_EVIDENCE,10,2201.5,2026-04-01,1,1,paid,2026-04-17 00:00:00,RABBIT_LENDING,10,ITEM_SUBMISSION_STATUS_SUBMITTED,0,,2b8a7c81-32e9-485b-8e35-908a353210ef,,,false,false,Two live cancel producers checked; output membership does not prove export or import.,2026-02-04 10:37:19,insurers/34,,,,,,EVENT_ABSENT,CANCEL_STANDARD,,,true,0,CANCEL_HOLD_UNSYNCED_SUCCESSFUL_PAYMENT,FIRST_APPLICABLE_OBSERVED_GROUP_NOT_EXHAUSTIVE,[],0,False,False,Identity+status only; no scheduling/import or accounting allocation assertion. Cancellation does not prove per-DocEntry multiplicity.
CANCEL_SAP_DOCUMENT,DOCUMENT_STATE_ONLY,ITEM_APPROVAL_STATUS_POLICY_UPLOADED,2026-09-26 16:06:06,2026-10-01,2026-09-01,NonMotor,2026-09-15,2098113,2026-09-15 15:00:48,"[""chrg_67j0j6si6vhtsy84yby""]",10,OBSERVED_DATA_STATE,,,,,0,,CURRENT_MONTH,CANCELLATION,RCL,4,true,false,false,d55778b2-421d-4588-9d35-24b4c5169d15,,2098113,chrg_67j0j6si6vhtsy84yby,1,paid,,true,L79587523,L79587523-1,1,2026-08-04 09:09:58,2026-04-30,SAP_PAYMENT_DATE_FOR_CANCELLED_DOCUMENT,,INSTALLMENT,RABBIT_CARE_INSTALLMENT,,products/health-insurance,chrg_67j0j6si6vhtsy84yby,,CANCEL_STATUS_NOT_APPLIED,MISSING_TERMINAL_SAP_EVIDENCE,10,2201.5,2026-04-30,1,1,paid,2026-05-02 00:00:00,RABBIT_LENDING,10,ITEM_SUBMISSION_STATUS_SUBMITTED,0,,2b8a7c81-32e9-485b-8e35-908a353210ef,,,false,false,Two live cancel producers checked; output membership does not prove export or import.,2026-02-04 10:37:19,insurers/34,,,,,,EVENT_ABSENT,CANCEL_STANDARD,,,true,0,CANCEL_HOLD_UNSYNCED_SUCCESSFUL_PAYMENT,FIRST_APPLICABLE_OBSERVED_GROUP_NOT_EXHAUSTIVE,[],0,False,False,Identity+status only; no scheduling/import or accounting allocation assertion. Cancellation does not prove per-DocEntry multiplicity.
CANCEL_SAP_DOCUMENT,DOCUMENT_STATE_ONLY,ITEM_APPROVAL_STATUS_POLICY_UPLOADED,2026-09-26 16:06:06,2026-10-01,2026-09-01,NonMotor,2026-09-15,2098114,2026-09-15 15:00:48,"[""chrg_67yjcb8b6vapaxjj1h0""]",10,OBSERVED_DATA_STATE,,,,,0,,CURRENT_MONTH,CANCELLATION,RCL,5,true,false,false,d55778b2-421d-4588-9d35-24b4c5169d15,,2098114,chrg_67yjcb8b6vapaxjj1h0,1,paid,,true,L79587523,L79587523-1,1,2026-08-04 09:09:58,2026-06-09,SAP_PAYMENT_DATE_FOR_CANCELLED_DOCUMENT,,INSTALLMENT,RABBIT_CARE_INSTALLMENT,,products/health-insurance,chrg_67yjcb8b6vapaxjj1h0,,CANCEL_STATUS_NOT_APPLIED,MISSING_TERMINAL_SAP_EVIDENCE,10,2201.5,2026-06-09,1,1,paid,2026-06-10 00:00:00,RABBIT_LENDING,10,ITEM_SUBMISSION_STATUS_SUBMITTED,0,,2b8a7c81-32e9-485b-8e35-908a353210ef,,,false,false,Two live cancel producers checked; output membership does not prove export or import.,2026-02-04 10:37:19,insurers/34,,,,,,EVENT_ABSENT,CANCEL_STANDARD,,,true,0,CANCEL_HOLD_UNSYNCED_SUCCESSFUL_PAYMENT,FIRST_APPLICABLE_OBSERVED_GROUP_NOT_EXHAUSTIVE,[],0,False,False,Identity+status only; no scheduling/import or accounting allocation assertion. Cancellation does not prove per-DocEntry multiplicity.
CANCEL_SAP_DOCUMENT,DOCUMENT_STATE_ONLY,ITEM_APPROVAL_STATUS_POLICY_UPLOADED,2026-09-26 16:06:06,2026-10-01,2026-09-01,NonMotor,2026-09-15,2098115,2026-09-15 15:00:48,[null],10,OBSERVED_DATA_STATE,,,,,0,,CURRENT_MONTH,CANCELLATION,RCL,6,true,false,false,d55778b2-421d-4588-9d35-24b4c5169d15,,2098115,,1,pending,,true,L79587523,L79587523-1,1,2026-08-04 09:09:58,,SAP_PAYMENT_DATE_FOR_CANCELLED_DOCUMENT,,INSTALLMENT,RABBIT_CARE_INSTALLMENT,,products/health-insurance,,,CANCEL_STATUS_NOT_APPLIED,MISSING_TERMINAL_SAP_EVIDENCE,10,2201.5,,0,1,pending,2026-06-11 00:00:00,RABBIT_LENDING,10,ITEM_SUBMISSION_STATUS_SUBMITTED,0,,2b8a7c81-32e9-485b-8e35-908a353210ef,,,false,false,Two live cancel producers checked; output membership does not prove export or import.,2026-02-04 10:37:19,insurers/34,,,,,,EVENT_ABSENT,CANCEL_STANDARD,,,true,0,CANCEL_HOLD_UNSYNCED_SUCCESSFUL_PAYMENT,FIRST_APPLICABLE_OBSERVED_GROUP_NOT_EXHAUSTIVE,[],0,False,False,Identity+status only; no scheduling/import or accounting allocation assertion. Cancellation does not prove per-DocEntry multiplicity.
CANCEL_SAP_DOCUMENT,DOCUMENT_STATE_ONLY,ITEM_APPROVAL_STATUS_POLICY_UPLOADED,2026-09-26 16:06:06,2026-10-01,2026-09-01,NonMotor,2026-09-15,2098116,2026-09-15 15:00:48,"[""chrg_68kgj2nt4ihfed0feep""]",10,OBSERVED_DATA_STATE,,,,,0,,CURRENT_MONTH,CANCELLATION,RCL,7,true,false,false,d55778b2-421d-4588-9d35-24b4c5169d15,,2098116,chrg_68kgj2nt4ihfed0feep,1,paid,,true,L79587523,L79587523-1,1,2026-08-04 09:09:58,2026-08-04,SAP_PAYMENT_DATE_FOR_CANCELLED_DOCUMENT,,INSTALLMENT,RABBIT_CARE_INSTALLMENT,,products/health-insurance,chrg_68kgj2nt4ihfed0feep,,CANCEL_STATUS_NOT_APPLIED,MISSING_TERMINAL_SAP_EVIDENCE,10,2201.5,2026-08-04,1,1,paid,2026-08-08 00:00:00,RABBIT_LENDING,10,ITEM_SUBMISSION_STATUS_SUBMITTED,0,,2b8a7c81-32e9-485b-8e35-908a353210ef,,,false,false,Two live cancel producers checked; output membership does not prove export or import.,2026-02-04 10:37:19,insurers/34,,,,,,EVENT_ABSENT,CANCEL_STANDARD,,,true,0,CANCEL_HOLD_UNSYNCED_SUCCESSFUL_PAYMENT,FIRST_APPLICABLE_OBSERVED_GROUP_NOT_EXHAUSTIVE,[],0,False,False,Identity+status only; no scheduling/import or accounting allocation assertion. Cancellation does not prove per-DocEntry multiplicity.
CANCEL_SAP_DOCUMENT,DOCUMENT_STATE_ONLY,ITEM_APPROVAL_STATUS_POLICY_UPLOADED,2026-09-26 16:06:06,2026-10-01,2026-09-01,NonMotor,2026-09-15,2098117,2026-09-15 15:00:48,[null],10,OBSERVED_DATA_STATE,,,,,0,,CURRENT_MONTH,CANCELLATION,RCL,8,true,false,false,d55778b2-421d-4588-9d35-24b4c5169d15,,2098117,,1,pending,,true,L79587523,L79587523-1,1,2026-08-04 09:09:58,,SAP_PAYMENT_DATE_FOR_CANCELLED_DOCUMENT,,INSTALLMENT,RABBIT_CARE_INSTALLMENT,,products/health-insurance,,,CANCEL_STATUS_NOT_APPLIED,MISSING_TERMINAL_SAP_EVIDENCE,10,2201.5,,0,1,pending,2026-08-08 00:00:00,RABBIT_LENDING,10,ITEM_SUBMISSION_STATUS_SUBMITTED,0,,2b8a7c81-32e9-485b-8e35-908a353210ef,,,false,false,Two live cancel producers checked; output membership does not prove export or import.,2026-02-04 10:37:19,insurers/34,,,,,,EVENT_ABSENT,CANCEL_STANDARD,,,true,0,CANCEL_HOLD_UNSYNCED_SUCCESSFUL_PAYMENT,FIRST_APPLICABLE_OBSERVED_GROUP_NOT_EXHAUSTIVE,[],0,False,False,Identity+status only; no scheduling/import or accounting allocation assertion. Cancellation does not prove per-DocEntry multiplicity.
CANCEL_SAP_DOCUMENT,DOCUMENT_STATE_ONLY,ITEM_APPROVAL_STATUS_POLICY_UPLOADED,2026-09-26 16:06:06,2026-10-01,2026-09-01,NonMotor,2026-09-15,2098118,2026-09-15 15:00:48,[null],10,OBSERVED_DATA_STATE,,,,,0,,CURRENT_MONTH,CANCELLATION,RCL,9,true,false,false,d55778b2-421d-4588-9d35-24b4c5169d15,,2098118,,1,pending,,true,L79587523,L79587523-1,1,2026-08-04 09:09:58,,SAP_PAYMENT_DATE_FOR_CANCELLED_DOCUMENT,,INSTALLMENT,RABBIT_CARE_INSTALLMENT,,products/health-insurance,,,CANCEL_STATUS_NOT_APPLIED,MISSING_TERMINAL_SAP_EVIDENCE,10,2201.5,,0,1,pending,2026-08-08 00:00:00,RABBIT_LENDING,10,ITEM_SUBMISSION_STATUS_SUBMITTED,0,,2b8a7c81-32e9-485b-8e35-908a353210ef,,,false,false,Two live cancel producers checked; output membership does not prove export or import.,2026-02-04 10:37:19,insurers/34,,,,,,EVENT_ABSENT,CANCEL_STANDARD,,,true,0,CANCEL_HOLD_UNSYNCED_SUCCESSFUL_PAYMENT,FIRST_APPLICABLE_OBSERVED_GROUP_NOT_EXHAUSTIVE,[],0,False,False,Identity+status only; no scheduling/import or accounting allocation assertion. Cancellation does not prove per-DocEntry multiplicity.
CANCEL_SAP_DOCUMENT,DOCUMENT_STATE_ONLY,ITEM_APPROVAL_STATUS_POLICY_UPLOADED,2026-09-26 16:06:06,2026-10-01,2026-09-01,NonMotor,2026-09-15,2098119,2026-09-15 15:00:48,[null],10,OBSERVED_DATA_STATE,,,,,0,,CURRENT_MONTH,CANCELLATION,RCL,10,true,false,false,d55778b2-421d-4588-9d35-24b4c5169d15,,2098119,,1,pending,,true,L79587523,L79587523-1,1,2026-08-04 09:09:58,,SAP_PAYMENT_DATE_FOR_CANCELLED_DOCUMENT,,INSTALLMENT,RABBIT_CARE_INSTALLMENT,,products/health-insurance,,,CANCEL_STATUS_NOT_APPLIED,MISSING_TERMINAL_SAP_EVIDENCE,10,2201.5,,0,1,pending,2026-08-08 00:00:00,RABBIT_LENDING,10,ITEM_SUBMISSION_STATUS_SUBMITTED,0,,2b8a7c81-32e9-485b-8e35-908a353210ef,,,false,false,Two live cancel producers checked; output membership does not prove export or import.,2026-02-04 10:37:19,insurers/34,,,,,,EVENT_ABSENT,CANCEL_STANDARD,,,true,0,CANCEL_HOLD_UNSYNCED_SUCCESSFUL_PAYMENT,FIRST_APPLICABLE_OBSERVED_GROUP_NOT_EXHAUSTIVE,[],0,False,False,Identity+status only; no scheduling/import or accounting allocation assertion. Cancellation does not prove per-DocEntry multiplicity.
CANCEL_SAP_DOCUMENT,DOCUMENT_STATE_ONLY,ITEM_APPROVAL_STATUS_POLICY_UPLOADED,2026-09-26 16:06:06,2026-10-01,2026-09-01,NonMotor,2026-09-17,2220675,2026-09-17 16:15:36,"[""chrg_679x68j1u3r50i6yb1m""]",10,OBSERVED_DATA_STATE,,,,,0,,CURRENT_MONTH,CANCELLATION,RCL,1,true,false,false,29188f14-ee6d-4b5b-a75f-79a6a0238d90,,2220675,chrg_679x68j1u3r50i6yb1m,1,paid,,true,L79988124,L79988124-1,1,2026-08-04 04:01:45,2026-04-07,SAP_PAYMENT_DATE_FOR_CANCELLED_DOCUMENT,,INSTALLMENT,RABBIT_CARE_INSTALLMENT,,products/health-insurance,chrg_679x68j1u3r50i6yb1m,,CANCEL_STATUS_NOT_APPLIED,MISSING_TERMINAL_SAP_EVIDENCE,10,1896.0,2026-04-07,1,1,paid,2026-04-17 00:00:00,RABBIT_LENDING,10,ITEM_SUBMISSION_STATUS_SUBMITTED,0,,95eddd16-5cd4-45ba-8b17-df0f70a491e5,,,false,false,Two live cancel producers checked; output membership does not prove export or import.,2026-04-09 09:31:18,insurers/34,,,,,,EVENT_ABSENT,CANCEL_STANDARD,,,true,0,CANCEL_HOLD_UNSYNCED_SUCCESSFUL_PAYMENT,FIRST_APPLICABLE_OBSERVED_GROUP_NOT_EXHAUSTIVE,[],0,False,False,Identity+status only; no scheduling/import or accounting allocation assertion. Cancellation does not prove per-DocEntry multiplicity.
CANCEL_SAP_DOCUMENT,DOCUMENT_STATE_ONLY,ITEM_APPROVAL_STATUS_POLICY_UPLOADED,2026-09-26 16:06:06,2026-10-01,2026-09-01,NonMotor,2026-09-17,2220676,2026-09-17 16:15:36,"[""chrg_67ktl2tn2j5u8tvtud2""]",10,OBSERVED_DATA_STATE,,,,,0,,CURRENT_MONTH,CANCELLATION,RCL,2,true,false,false,29188f14-ee6d-4b5b-a75f-79a6a0238d90,,2220676,chrg_67ktl2tn2j5u8tvtud2,1,paid,,true,L79988124,L79988124-1,1,2026-08-04 04:01:45,2026-05-05,SAP_PAYMENT_DATE_FOR_CANCELLED_DOCUMENT,,INSTALLMENT,RABBIT_CARE_INSTALLMENT,,products/health-insurance,chrg_67ktl2tn2j5u8tvtud2,,CANCEL_STATUS_NOT_APPLIED,MISSING_TERMINAL_SAP_EVIDENCE,10,1896.0,2026-05-05,1,1,paid,2026-05-21 00:00:00,RABBIT_LENDING,10,ITEM_SUBMISSION_STATUS_SUBMITTED,0,,95eddd16-5cd4-45ba-8b17-df0f70a491e5,,,false,false,Two live cancel producers checked; output membership does not prove export or import.,2026-04-09 09:31:18,insurers/34,,,,,,EVENT_ABSENT,CANCEL_STANDARD,,,true,0,CANCEL_HOLD_UNSYNCED_SUCCESSFUL_PAYMENT,FIRST_APPLICABLE_OBSERVED_GROUP_NOT_EXHAUSTIVE,[],0,False,False,Identity+status only; no scheduling/import or accounting allocation assertion. Cancellation does not prove per-DocEntry multiplicity.
CANCEL_SAP_DOCUMENT,DOCUMENT_STATE_ONLY,ITEM_APPROVAL_STATUS_POLICY_UPLOADED,2026-09-26 16:06:06,2026-10-01,2026-09-01,NonMotor,2026-09-17,2220677,2026-09-17 16:15:36,"[""chrg_67vivhibccivc6w89ng""]",10,OBSERVED_DATA_STATE,,,,,0,,CURRENT_MONTH,CANCELLATION,RCL,3,true,false,false,29188f14-ee6d-4b5b-a75f-79a6a0238d90,,2220677,chrg_67vivhibccivc6w89ng,1,paid,,true,L79988124,L79988124-1,1,2026-08-04 04:01:45,2026-06-01,SAP_PAYMENT_DATE_FOR_CANCELLED_DOCUMENT,,INSTALLMENT,RABBIT_CARE_INSTALLMENT,,products/health-insurance,chrg_67vivhibccivc6w89ng,,CANCEL_STATUS_NOT_APPLIED,MISSING_TERMINAL_SAP_EVIDENCE,10,1896.0,2026-06-01,1,1,paid,2026-06-03 00:00:00,RABBIT_LENDING,10,ITEM_SUBMISSION_STATUS_SUBMITTED,0,,95eddd16-5cd4-45ba-8b17-df0f70a491e5,,,false,false,Two live cancel producers checked; output membership does not prove export or import.,2026-04-09 09:31:18,insurers/34,,,,,,EVENT_ABSENT,CANCEL_STANDARD,,,true,0,CANCEL_HOLD_UNSYNCED_SUCCESSFUL_PAYMENT,FIRST_APPLICABLE_OBSERVED_GROUP_NOT_EXHAUSTIVE,[],0,False,False,Identity+status only; no scheduling/import or accounting allocation assertion. Cancellation does not prove per-DocEntry multiplicity.
CANCEL_SAP_DOCUMENT,DOCUMENT_STATE_ONLY,ITEM_APPROVAL_STATUS_POLICY_UPLOADED,2026-09-26 16:06:06,2026-10-01,2026-09-01,NonMotor,2026-09-17,2220678,2026-09-17 16:15:36,[null],10,OBSERVED_DATA_STATE,,,,,0,,CURRENT_MONTH,CANCELLATION,RCL,4,true,false,false,29188f14-ee6d-4b5b-a75f-79a6a0238d90,,2220678,,1,pending,,true,L79988124,L79988124-1,1,2026-08-04 04:01:45,,SAP_PAYMENT_DATE_FOR_CANCELLED_DOCUMENT,,INSTALLMENT,RABBIT_CARE_INSTALLMENT,,products/health-insurance,,,CANCEL_STATUS_NOT_APPLIED,MISSING_TERMINAL_SAP_EVIDENCE,10,1896.0,,0,1,pending,2026-06-03 00:00:00,RABBIT_LENDING,10,ITEM_SUBMISSION_STATUS_SUBMITTED,0,,95eddd16-5cd4-45ba-8b17-df0f70a491e5,,,false,false,Two live cancel producers checked; output membership does not prove export or import.,2026-04-09 09:31:18,insurers/34,,,,,,EVENT_ABSENT,CANCEL_STANDARD,,,true,0,CANCEL_HOLD_UNSYNCED_SUCCESSFUL_PAYMENT,FIRST_APPLICABLE_OBSERVED_GROUP_NOT_EXHAUSTIVE,[],0,False,False,Identity+status only; no scheduling/import or accounting allocation assertion. Cancellation does not prove per-DocEntry multiplicity.
CANCEL_SAP_DOCUMENT,DOCUMENT_STATE_ONLY,ITEM_APPROVAL_STATUS_POLICY_UPLOADED,2026-09-26 16:06:06,2026-10-01,2026-09-01,NonMotor,2026-09-17,2220679,2026-09-17 16:15:36,"[""chrg_68kdimmv6jolpgweeg1""]",10,OBSERVED_DATA_STATE,,,,,0,,CURRENT_MONTH,CANCELLATION,RCL,5,true,false,false,29188f14-ee6d-4b5b-a75f-79a6a0238d90,,2220679,chrg_68kdimmv6jolpgweeg1,1,paid,,true,L79988124,L79988124-1,1,2026-08-04 04:01:45,2026-08-04,SAP_PAYMENT_DATE_FOR_CANCELLED_DOCUMENT,,INSTALLMENT,RABBIT_CARE_INSTALLMENT,,products/health-insurance,chrg_68kdimmv6jolpgweeg1,,CANCEL_STATUS_NOT_APPLIED,MISSING_TERMINAL_SAP_EVIDENCE,10,1896.0,2026-08-04,1,1,paid,2026-08-08 00:00:00,RABBIT_LENDING,10,ITEM_SUBMISSION_STATUS_SUBMITTED,0,,95eddd16-5cd4-45ba-8b17-df0f70a491e5,,,false,false,Two live cancel producers checked; output membership does not prove export or import.,2026-04-09 09:31:18,insurers/34,,,,,,EVENT_ABSENT,CANCEL_STANDARD,,,true,0,CANCEL_HOLD_UNSYNCED_SUCCESSFUL_PAYMENT,FIRST_APPLICABLE_OBSERVED_GROUP_NOT_EXHAUSTIVE,[],0,False,False,Identity+status only; no scheduling/import or accounting allocation assertion. Cancellation does not prove per-DocEntry multiplicity.
CANCEL_SAP_DOCUMENT,DOCUMENT_STATE_ONLY,ITEM_APPROVAL_STATUS_POLICY_UPLOADED,2026-09-26 16:06:06,2026-10-01,2026-09-01,NonMotor,2026-09-17,2220680,2026-09-17 16:15:36,[null],10,OBSERVED_DATA_STATE,,,,,0,,CURRENT_MONTH,CANCELLATION,RCL,6,true,false,false,29188f14-ee6d-4b5b-a75f-79a6a0238d90,,2220680,,1,pending,,true,L79988124,L79988124-1,1,2026-08-04 04:01:45,,SAP_PAYMENT_DATE_FOR_CANCELLED_DOCUMENT,,INSTALLMENT,RABBIT_CARE_INSTALLMENT,,products/health-insurance,,,CANCEL_STATUS_NOT_APPLIED,MISSING_TERMINAL_SAP_EVIDENCE,10,1896.0,,0,1,pending,2026-08-08 00:00:00,RABBIT_LENDING,10,ITEM_SUBMISSION_STATUS_SUBMITTED,0,,95eddd16-5cd4-45ba-8b17-df0f70a491e5,,,false,false,Two live cancel producers checked; output membership does not prove export or import.,2026-04-09 09:31:18,insurers/34,,,,,,EVENT_ABSENT,CANCEL_STANDARD,,,true,0,CANCEL_HOLD_UNSYNCED_SUCCESSFUL_PAYMENT,FIRST_APPLICABLE_OBSERVED_GROUP_NOT_EXHAUSTIVE,[],0,False,False,Identity+status only; no scheduling/import or accounting allocation assertion. Cancellation does not prove per-DocEntry multiplicity.
CANCEL_SAP_DOCUMENT,DOCUMENT_STATE_ONLY,ITEM_APPROVAL_STATUS_POLICY_UPLOADED,2026-09-26 16:06:06,2026-10-01,2026-09-01,NonMotor,2026-09-17,2220681,2026-09-17 16:15:36,[null],10,OBSERVED_DATA_STATE,,,,,0,,CURRENT_MONTH,CANCELLATION,RCL,7,true,false,false,29188f14-ee6d-4b5b-a75f-79a6a0238d90,,2220681,,1,pending,,true,L79988124,L79988124-1,1,2026-08-04 04:01:45,,SAP_PAYMENT_DATE_FOR_CANCELLED_DOCUMENT,,INSTALLMENT,RABBIT_CARE_INSTALLMENT,,products/health-insurance,,,CANCEL_STATUS_NOT_APPLIED,MISSING_TERMINAL_SAP_EVIDENCE,10,1896.0,,0,1,pending,2026-08-08 00:00:00,RABBIT_LENDING,10,ITEM_SUBMISSION_STATUS_SUBMITTED,0,,95eddd16-5cd4-45ba-8b17-df0f70a491e5,,,false,false,Two live cancel producers checked; output membership does not prove export or import.,2026-04-09 09:31:18,insurers/34,,,,,,EVENT_ABSENT,CANCEL_STANDARD,,,true,0,CANCEL_HOLD_UNSYNCED_SUCCESSFUL_PAYMENT,FIRST_APPLICABLE_OBSERVED_GROUP_NOT_EXHAUSTIVE,[],0,False,False,Identity+status only; no scheduling/import or accounting allocation assertion. Cancellation does not prove per-DocEntry multiplicity.
CANCEL_SAP_DOCUMENT,DOCUMENT_STATE_ONLY,ITEM_APPROVAL_STATUS_POLICY_UPLOADED,2026-09-26 16:06:06,2026-10-01,2026-09-01,NonMotor,2026-09-17,2220682,2026-09-17 16:15:36,[null],10,OBSERVED_DATA_STATE,,,,,0,,CURRENT_MONTH,CANCELLATION,RCL,8,true,false,false,29188f14-ee6d-4b5b-a75f-79a6a0238d90,,2220682,,1,pending,,true,L79988124,L79988124-1,1,2026-08-04 04:01:45,,SAP_PAYMENT_DATE_FOR_CANCELLED_DOCUMENT,,INSTALLMENT,RABBIT_CARE_INSTALLMENT,,products/health-insurance,,,CANCEL_STATUS_NOT_APPLIED,MISSING_TERMINAL_SAP_EVIDENCE,10,1896.0,,0,1,pending,2026-08-08 00:00:00,RABBIT_LENDING,10,ITEM_SUBMISSION_STATUS_SUBMITTED,0,,95eddd16-5cd4-45ba-8b17-df0f70a491e5,,,false,false,Two live cancel producers checked; output membership does not prove export or import.,2026-04-09 09:31:18,insurers/34,,,,,,EVENT_ABSENT,CANCEL_STANDARD,,,true,0,CANCEL_HOLD_UNSYNCED_SUCCESSFUL_PAYMENT,FIRST_APPLICABLE_OBSERVED_GROUP_NOT_EXHAUSTIVE,[],0,False,False,Identity+status only; no scheduling/import or accounting allocation assertion. Cancellation does not prove per-DocEntry multiplicity.
CANCEL_SAP_DOCUMENT,DOCUMENT_STATE_ONLY,ITEM_APPROVAL_STATUS_POLICY_UPLOADED,2026-09-26 16:06:06,2026-10-01,2026-09-01,NonMotor,2026-09-17,2220683,2026-09-17 16:15:36,[null],10,OBSERVED_DATA_STATE,,,,,0,,CURRENT_MONTH,CANCELLATION,RCL,9,true,false,false,29188f14-ee6d-4b5b-a75f-79a6a0238d90,,2220683,,1,pending,,true,L79988124,L79988124-1,1,2026-08-04 04:01:45,,SAP_PAYMENT_DATE_FOR_CANCELLED_DOCUMENT,,INSTALLMENT,RABBIT_CARE_INSTALLMENT,,products/health-insurance,,,CANCEL_STATUS_NOT_APPLIED,MISSING_TERMINAL_SAP_EVIDENCE,10,1896.0,,0,1,pending,2026-08-08 00:00:00,RABBIT_LENDING,10,ITEM_SUBMISSION_STATUS_SUBMITTED,0,,95eddd16-5cd4-45ba-8b17-df0f70a491e5,,,false,false,Two live cancel producers checked; output membership does not prove export or import.,2026-04-09 09:31:18,insurers/34,,,,,,EVENT_ABSENT,CANCEL_STANDARD,,,true,0,CANCEL_HOLD_UNSYNCED_SUCCESSFUL_PAYMENT,FIRST_APPLICABLE_OBSERVED_GROUP_NOT_EXHAUSTIVE,[],0,False,False,Identity+status only; no scheduling/import or accounting allocation assertion. Cancellation does not prove per-DocEntry multiplicity.
CANCEL_SAP_DOCUMENT,DOCUMENT_STATE_ONLY,ITEM_APPROVAL_STATUS_POLICY_UPLOADED,2026-09-26 16:06:06,2026-10-01,2026-09-01,NonMotor,2026-09-17,2220684,2026-09-17 16:15:36,[null],10,OBSERVED_DATA_STATE,,,,,0,,CURRENT_MONTH,CANCELLATION,RCL,10,true,false,false,29188f14-ee6d-4b5b-a75f-79a6a0238d90,,2220684,,1,pending,,true,L79988124,L79988124-1,1,2026-08-04 04:01:45,,SAP_PAYMENT_DATE_FOR_CANCELLED_DOCUMENT,,INSTALLMENT,RABBIT_CARE_INSTALLMENT,,products/health-insurance,,,CANCEL_STATUS_NOT_APPLIED,MISSING_TERMINAL_SAP_EVIDENCE,10,1896.0,,0,1,pending,2026-08-08 00:00:00,RABBIT_LENDING,10,ITEM_SUBMISSION_STATUS_SUBMITTED,0,,95eddd16-5cd4-45ba-8b17-df0f70a491e5,,,false,false,Two live cancel producers checked; output membership does not prove export or import.,2026-04-09 09:31:18,insurers/34,,,,,,EVENT_ABSENT,CANCEL_STANDARD,,,true,0,CANCEL_HOLD_UNSYNCED_SUCCESSFUL_PAYMENT,FIRST_APPLICABLE_OBSERVED_GROUP_NOT_EXHAUSTIVE,[],0,False,False,Identity+status only; no scheduling/import or accounting allocation assertion. Cancellation does not prove per-DocEntry multiplicity.
