allocation_scope,amount_check_scope,approval_status,audit_as_of,audit_month_end_exclusive,audit_month_start,business_type,cancellation_date,cancellation_docentry,cancelled_at,candidate_invoice_nos,careos_total_installments,cause_confidence,charge_amount_thb,charge_id,charge_updated_at,comparable_item_amount_thb,compulsory_item_count,counterpart_cancelled_docentries,date_scope,event_type,flow,installment_period,is_cancelled,is_change_order_new,is_change_order_old,item_pk,lead_status,matched_docentries,matched_invoices,matched_sap_rows,matched_statuses,motor_item_type,needs_review,order_id,order_item,order_item_count,paid_at,paid_date,paid_date_source,payment_method,payment_mode,payment_option,period_charge_rank,product,raw_invoice_no,raw_payment_at,reason_code,reconciliation_status,sap_item_rows,sap_matched_actual,sap_paid_date,sap_period_paid_rows,sap_period_rows,sap_period_statuses,sap_update_at,service_provider,snapshot_periods,submission_status,terminal_matches,transaction_charge_rank,transaction_id,upstream_invoice_present,rcl_newpayment_invoice_present,item_in_cancel_output,receipt_in_cancel_output,route_check_note,order_created_at,source_insurer,sap_view_item_routes,sap_view_period_routes,sap_view_identity_routes,sap_view_matching_event_routes,sap_view_output_invoices,sap_view_coverage,scenario,latest_period_already_paid,event_period_already_paid,cancel_stale_pending_paid,cancel_already_cancelled_flag,root_cause_group,blocker_attribution,matching_output_risks,matching_route_count,multiple_route_owners,identity_present_with_flagged_payload,membership_limit
RECEIPT_LINK,MULTI_ITEM_ALLOCATION_NOT_RECONCILED,ITEM_APPROVAL_STATUS_PENDING,2026-09-26 16:06:06,2026-10-01,2026-09-01,Motor,2026-09-26,,2026-09-26 11:33:28,"[""chrg_6953w7dvrgrqkbb1cty""]",10,OBSERVED_DATA_STATE,12690.0,edc5eb80-30cd-47ff-a0cc-a59dbbbc0f4b,2026-09-26 04:15:49,,1,,CURRENT_MONTH,PAID,RCB,1,true,false,false,6adb91d4-ac86-4ca0-b2ad-3db450dd8480,LEAD_STATUS_PURCHASED,,,0,,MOTOR_TYPE_COMPULSORY,true,L78891393,L78891393-M1,2,2026-09-26 04:15:48,2026-09-26,PAYMENT_DATE,ONLINECARD,BANK_INSTALLMENT,CREDIT_CARD_INSTALLMENT,1,products/car-insurance,chrg_6953w7dvrgrqkbb1cty,2026-09-26 04:15:48,CANCELLED_ITEM_RECEIPT_NOT_FOUND,MISSING_TERMINAL_SAP_EVIDENCE,0,,,0,0,,,RCB,10,ITEM_SUBMISSION_STATUS_PENDING,0,1,ee3928a6-c7ed-4154-9ba0-8cf324a53d37,false,false,,,RCL newpayment membership applies only to Motor RCL; false for other flows is not a blocker.,2026-09-26 11:30:13,insurers/7,RCB_Motor_process_3_change,RCB_Motor_process_3_change,RCB_Motor_process_3_change,RCB_Motor_process_3_change,chrg_6953w7dvrgrqkbb1cty,EVENT_IDENTITY_PRESENT,NEW_ITEM_RECEIPT,,,false,,OUTPUT_IDENTITY_PRESENT_DELIVERY_NOT_PROVEN,FIRST_APPLICABLE_OBSERVED_GROUP_NOT_EXHAUSTIVE,"[{""view"":""RCB_Motor_process_3_change"",""invoice_no"":""chrg_6953w7dvrgrqkbb1cty"",""flags"":[""SOURCE_NON_EDC_FORCED_TO_EDC_KBANK""],""actual_received"":""645.21"",""channel"":""RCB-EDC-KBANK""}]",1,False,True,Identity+status only; no scheduling/import or accounting allocation assertion. Cancellation does not prove per-DocEntry multiplicity.
RECEIPT_LINK,MULTI_ITEM_ALLOCATION_NOT_RECONCILED,ITEM_APPROVAL_STATUS_PENDING,2026-09-26 16:06:06,2026-10-01,2026-09-01,Motor,2026-09-26,,2026-09-26 13:57:37,"[""chrg_695575b4oidd2192k78""]",1,OBSERVED_DATA_STATE,7945.21,7808e1d0-ee4c-4234-8d68-5a61d50b604c,2026-09-26 06:24:57,,1,,CURRENT_MONTH,PAID,RCB,1,true,false,true,f9242d56-5890-48bf-ac40-f8dced36e98d,LEAD_STATUS_PURCHASED,,,0,,MOTOR_TYPE_COMPULSORY,true,L80941710,L80941710-M1,2,2026-09-26 06:24:57,2026-09-26,PAYMENT_DATE,ONLINECARD,ONETIME,FULL_PAYMENT,1,products/car-insurance,chrg_695575b4oidd2192k78,2026-09-26 06:24:57,CANCELLED_ITEM_RECEIPT_NOT_FOUND,MISSING_TERMINAL_SAP_EVIDENCE,0,,,0,0,,,OMISE,1,ITEM_SUBMISSION_STATUS_PENDING,0,1,b2a08253-da1c-437a-9367-32301af6ec4a,true,false,,,RCL newpayment membership applies only to Motor RCL; false for other flows is not a blocker.,2026-09-26 13:25:00,insurers/7,RCB_Motor_process_3_change|RCB_Motor_process_create,RCB_Motor_process_3_change|RCB_Motor_process_create,RCB_Motor_process_3_change|RCB_Motor_process_create,RCB_Motor_process_3_change|RCB_Motor_process_create,chrg_695575b4oidd2192k78,EVENT_IDENTITY_PRESENT,NEW_ITEM_RECEIPT,,,false,,OUTPUT_IDENTITY_PRESENT_DELIVERY_NOT_PROVEN,FIRST_APPLICABLE_OBSERVED_GROUP_NOT_EXHAUSTIVE,"[{""view"":""RCB_Motor_process_3_change"",""invoice_no"":""chrg_695575b4oidd2192k78"",""flags"":[""SOURCE_NON_EDC_FORCED_TO_EDC_KBANK""],""actual_received"":""645.21"",""channel"":""RCB-EDC-KBANK""}]",2,True,True,Identity+status only; no scheduling/import or accounting allocation assertion. Cancellation does not prove per-DocEntry multiplicity.
RECEIPT_LINK,MULTI_ITEM_ALLOCATION_NOT_RECONCILED,ITEM_APPROVAL_STATUS_PENDING,2026-09-26 16:06:06,2026-10-01,2026-09-01,Motor,2026-09-26,,2026-09-26 13:57:37,"[""chrg_695575b4oidd2192k78""]",1,OBSERVED_DATA_STATE,7945.21,7808e1d0-ee4c-4234-8d68-5a61d50b604c,2026-09-26 06:24:57,,1,,CURRENT_MONTH,PAID,RCB,1,true,false,true,4c84635a-0ee8-4ce2-9009-aa29efd8f92f,LEAD_STATUS_PURCHASED,,,0,,MOTOR_TYPE_2_PLUS,true,L80941710,L80941710-V1,2,2026-09-26 06:24:57,2026-09-26,PAYMENT_DATE,ONLINECARD,ONETIME,FULL_PAYMENT,1,products/car-insurance,chrg_695575b4oidd2192k78,2026-09-26 06:24:57,CANCELLED_ITEM_RECEIPT_NOT_FOUND,MISSING_TERMINAL_SAP_EVIDENCE,0,,,0,0,,,OMISE,1,ITEM_SUBMISSION_STATUS_PENDING,0,1,b2a08253-da1c-437a-9367-32301af6ec4a,true,false,,,RCL newpayment membership applies only to Motor RCL; false for other flows is not a blocker.,2026-09-26 13:25:00,insurers/7,RCB_Motor_process_3_change|RCB_Motor_process_create,RCB_Motor_process_3_change|RCB_Motor_process_create,RCB_Motor_process_3_change|RCB_Motor_process_create,RCB_Motor_process_3_change|RCB_Motor_process_create,chrg_695575b4oidd2192k78,EVENT_IDENTITY_PRESENT,NEW_ITEM_RECEIPT,,,false,,OUTPUT_IDENTITY_PRESENT_DELIVERY_NOT_PROVEN,FIRST_APPLICABLE_OBSERVED_GROUP_NOT_EXHAUSTIVE,"[{""view"":""RCB_Motor_process_3_change"",""invoice_no"":""chrg_695575b4oidd2192k78"",""flags"":[""SOURCE_NON_EDC_FORCED_TO_EDC_KBANK""],""actual_received"":""7300.0"",""channel"":""RCB-EDC-KBANK""}]",2,True,True,Identity+status only; no scheduling/import or accounting allocation assertion. Cancellation does not prove per-DocEntry multiplicity.
RECEIPT_LINK,SINGLE_ITEM_RAW_CHARGE_COMPARISON,ITEM_APPROVAL_STATUS_POLICY_UPLOADED,2026-09-26 16:06:06,2026-10-01,2026-09-01,NonMotor,,,,"[""chrg_68vssvsw7nl8fp4xcke""]",3,ROUTING_CAUSE_CANDIDATE,759.34,07f3025b-bc27-4527-9dc4-66638194e531,2026-09-02 09:03:21,759.34,0,,CURRENT_MONTH,PAID,RCL,1,false,true,false,b6f6f744-2356-4e29-a68f-28a66f98e672,,,,0,,,true,L80779150,L80779150-1,1,2026-09-02 09:03:21,2026-09-02,PAYMENT_DATE,QR_CODE,INSTALLMENT,RABBIT_CARE_INSTALLMENT,2,products/health-insurance,chrg_68vssvsw7nl8fp4xcke,2026-09-02 09:03:21,CHANGE_ORDER_NEW_FLOW_REVIEW,MISSING_TERMINAL_SAP_EVIDENCE,0,,,0,0,,,RABBIT_LENDING,3,ITEM_SUBMISSION_STATUS_SUBMITTED,0,2,d2048011-1f5a-412a-bf79-10507c93f759,false,false,,,RCL newpayment membership applies only to Motor RCL; false for other flows is not a blocker.,2026-09-09 12:13:42,insurers/34,RCB_Motor_process_4_creditshell|RCL_Motor_process_4_creditshell,RCB_Motor_process_4_creditshell|RCL_Motor_process_4_creditshell,RCB_Motor_process_4_creditshell|RCL_Motor_process_4_creditshell,RCB_Motor_process_4_creditshell|RCL_Motor_process_4_creditshell,chrg_68opmsbvzzm58t5nw5l|chrg_68vssvsw7nl8fp4xcke,EVENT_IDENTITY_PRESENT,CHANGE_ORDER_RECEIPT,false,false,,,OUTPUT_IDENTITY_PRESENT_DELIVERY_NOT_PROVEN,FIRST_APPLICABLE_OBSERVED_GROUP_NOT_EXHAUSTIVE,[],2,True,False,Identity+status only; no scheduling/import or accounting allocation assertion. Cancellation does not prove per-DocEntry multiplicity.
RECEIPT_LINK,SINGLE_ITEM_RAW_CHARGE_COMPARISON,ITEM_APPROVAL_STATUS_POLICY_UPLOADED,2026-09-26 16:06:06,2026-10-01,2026-09-01,NonMotor,,,,"[""chrg_68xbzzey4106h23nky7""]",10,ROUTING_CAUSE_CANDIDATE,1896.0,f8e3ac42-3819-499e-af29-42e7b5443b61,2026-09-06 07:07:37,1896.0,0,,CURRENT_MONTH,PAID,RCL,3,false,true,false,63f7f8d8-6674-4711-9c53-8a27e4e85efe,,,,0,,,true,L80843199,L80843199-1,1,2026-09-06 07:07:36,2026-09-06,PAYMENT_DATE,QR_CODE,INSTALLMENT,RABBIT_CARE_INSTALLMENT,1,products/health-insurance,chrg_68xbzzey4106h23nky7,2026-09-06 07:07:36,CHANGE_ORDER_NEW_FLOW_REVIEW,MISSING_TERMINAL_SAP_EVIDENCE,0,,,0,0,,,RABBIT_LENDING,10,ITEM_SUBMISSION_STATUS_SUBMITTED,0,3,511d982e-2738-4c8d-8bc5-994a74c684cb,false,false,,,RCL newpayment membership applies only to Motor RCL; false for other flows is not a blocker.,2026-09-10 13:40:30,insurers/34,RCB_Motor_process_4_creditshell|RCL_Motor_process_4_creditshell,RCB_Motor_process_4_creditshell|RCL_Motor_process_4_creditshell,RCB_Motor_process_4_creditshell|RCL_Motor_process_4_creditshell,RCB_Motor_process_4_creditshell|RCL_Motor_process_4_creditshell,chrg_68xbzzey4106h23nky7,EVENT_IDENTITY_PRESENT,CHANGE_ORDER_RECEIPT,false,false,,,OUTPUT_IDENTITY_PRESENT_DELIVERY_NOT_PROVEN,FIRST_APPLICABLE_OBSERVED_GROUP_NOT_EXHAUSTIVE,[],2,True,False,Identity+status only; no scheduling/import or accounting allocation assertion. Cancellation does not prove per-DocEntry multiplicity.
RECEIPT_LINK,SINGLE_ITEM_RAW_CHARGE_COMPARISON,ITEM_APPROVAL_STATUS_PENDING,2026-09-26 16:06:06,2026-10-01,2026-09-01,NonMotor,,,,"[""chrg_691z42z85l8sby2jqjc""]",10,ROUTING_CAUSE_CANDIDATE,567.0,255f07c0-a38a-4205-a8f5-32cb9d9ce438,2026-09-18 03:59:35,567.0,0,,CURRENT_MONTH,PAID,RCL,1,false,true,false,3a429916-02a0-450a-8cba-4cb13e67bdb5,,,,0,,,true,L80901299,L80901299-1,1,2026-09-18 03:59:35,2026-09-18,PAYMENT_DATE,QR_CODE,INSTALLMENT,RABBIT_CARE_INSTALLMENT,2,products/health-insurance,chrg_691z42z85l8sby2jqjc,2026-09-18 03:59:35,CHANGE_ORDER_NEW_FLOW_REVIEW,MISSING_TERMINAL_SAP_EVIDENCE,0,,,0,0,,,RABBIT_LENDING,10,ITEM_SUBMISSION_STATUS_SUBMITTED,0,2,f6a69709-4f4b-4564-b13e-912eef40bd01,false,false,,,RCL newpayment membership applies only to Motor RCL; false for other flows is not a blocker.,2026-09-18 11:28:12,insurers/34,RCB_Motor_process_4_creditshell|RCL_Motor_process_4_creditshell,RCB_Motor_process_4_creditshell|RCL_Motor_process_4_creditshell,RCB_Motor_process_4_creditshell|RCL_Motor_process_4_creditshell,RCB_Motor_process_4_creditshell|RCL_Motor_process_4_creditshell,chrg_691lfuhn6lr9lnbg85w|chrg_691z42z85l8sby2jqjc,EVENT_IDENTITY_PRESENT,CHANGE_ORDER_RECEIPT,false,false,,,OUTPUT_IDENTITY_PRESENT_DELIVERY_NOT_PROVEN,FIRST_APPLICABLE_OBSERVED_GROUP_NOT_EXHAUSTIVE,[],2,True,False,Identity+status only; no scheduling/import or accounting allocation assertion. Cancellation does not prove per-DocEntry multiplicity.
RECEIPT_LINK,SINGLE_ITEM_RAW_CHARGE_COMPARISON,ITEM_APPROVAL_STATUS_PENDING,2026-09-26 16:06:06,2026-10-01,2026-09-01,NonMotor,,,,"[""chrg_691lfuhn6lr9lnbg85w""]",10,ROUTING_CAUSE_CANDIDATE,1329.0,fa690589-a467-4b06-bbc3-3c1e962f2363,2026-09-17 04:40:21,1329.0,0,,CURRENT_MONTH,PAID,RCL,1,false,true,false,3a429916-02a0-450a-8cba-4cb13e67bdb5,,,,0,,,true,L80901299,L80901299-1,1,2026-09-17 04:40:20,2026-09-17,PAYMENT_DATE,QR_CODE,INSTALLMENT,RABBIT_CARE_INSTALLMENT,1,products/health-insurance,chrg_691lfuhn6lr9lnbg85w,2026-09-17 04:40:20,CHANGE_ORDER_NEW_FLOW_REVIEW,MISSING_TERMINAL_SAP_EVIDENCE,0,,,0,0,,,RABBIT_LENDING,10,ITEM_SUBMISSION_STATUS_SUBMITTED,0,1,f6a69709-4f4b-4564-b13e-912eef40bd01,false,false,,,RCL newpayment membership applies only to Motor RCL; false for other flows is not a blocker.,2026-09-18 11:28:12,insurers/34,RCB_Motor_process_4_creditshell|RCL_Motor_process_4_creditshell,RCB_Motor_process_4_creditshell|RCL_Motor_process_4_creditshell,RCB_Motor_process_4_creditshell|RCL_Motor_process_4_creditshell,RCB_Motor_process_4_creditshell|RCL_Motor_process_4_creditshell,chrg_691lfuhn6lr9lnbg85w|chrg_691z42z85l8sby2jqjc,EVENT_IDENTITY_PRESENT,CHANGE_ORDER_RECEIPT,false,false,,,OUTPUT_IDENTITY_PRESENT_DELIVERY_NOT_PROVEN,FIRST_APPLICABLE_OBSERVED_GROUP_NOT_EXHAUSTIVE,[],2,True,False,Identity+status only; no scheduling/import or accounting allocation assertion. Cancellation does not prove per-DocEntry multiplicity.
RECEIPT_LINK,SINGLE_ITEM_RAW_CHARGE_COMPARISON,ITEM_APPROVAL_STATUS_PENDING,2026-09-26 16:06:06,2026-10-01,2026-09-01,NonMotor,,,,"[""chrg_68xqlnyoqk72hqvj7ip""]",10,ROUTING_CAUSE_CANDIDATE,1896.0,36b320bd-7e3c-48f5-8c7e-dc0fd2a00d6a,2026-09-07 08:20:59,1896.0,0,,CURRENT_MONTH,PAID,RCL,1,false,true,false,ee39a8fe-bbbb-4362-a78e-e614bd628eac,,,,0,,,true,L80911334,L80911334-1,1,2026-09-07 08:20:58,2026-09-07,PAYMENT_DATE,QR_CODE,INSTALLMENT,RABBIT_CARE_INSTALLMENT,1,products/health-insurance,chrg_68xqlnyoqk72hqvj7ip,2026-09-07 08:20:58,CHANGE_ORDER_NEW_FLOW_REVIEW,MISSING_TERMINAL_SAP_EVIDENCE,0,,,0,0,,,RABBIT_LENDING,10,ITEM_SUBMISSION_STATUS_SUBMITTED,0,1,2bd48742-cf80-48b2-a3d7-93cae1724c8f,false,false,,,RCL newpayment membership applies only to Motor RCL; false for other flows is not a blocker.,2026-09-21 15:14:36,insurers/34,RCB_Motor_process_4_creditshell|RCL_Motor_process_4_creditshell,RCB_Motor_process_4_creditshell|RCL_Motor_process_4_creditshell,RCB_Motor_process_4_creditshell|RCL_Motor_process_4_creditshell,RCB_Motor_process_4_creditshell|RCL_Motor_process_4_creditshell,chrg_68xqlnyoqk72hqvj7ip|chrg_6937bzz6l3h82iewcvk,EVENT_IDENTITY_PRESENT,CHANGE_ORDER_RECEIPT,false,false,,,OUTPUT_IDENTITY_PRESENT_DELIVERY_NOT_PROVEN,FIRST_APPLICABLE_OBSERVED_GROUP_NOT_EXHAUSTIVE,[],2,True,False,Identity+status only; no scheduling/import or accounting allocation assertion. Cancellation does not prove per-DocEntry multiplicity.
RECEIPT_LINK,SINGLE_ITEM_RAW_CHARGE_COMPARISON,ITEM_APPROVAL_STATUS_PENDING,2026-09-26 16:06:06,2026-10-01,2026-09-01,NonMotor,,,,"[""chrg_6937bzz6l3h82iewcvk""]",10,ROUTING_CAUSE_CANDIDATE,947.0,ad1632bb-8bcb-4312-9fbb-7933ca02bb96,2026-09-21 07:21:38,947.0,0,,CURRENT_MONTH,PAID,RCL,1,false,true,false,ee39a8fe-bbbb-4362-a78e-e614bd628eac,,,,0,,,true,L80911334,L80911334-1,1,2026-09-21 07:21:38,2026-09-21,PAYMENT_DATE,QR_CODE,INSTALLMENT,RABBIT_CARE_INSTALLMENT,2,products/health-insurance,chrg_6937bzz6l3h82iewcvk,2026-09-21 07:21:38,CHANGE_ORDER_NEW_FLOW_REVIEW,MISSING_TERMINAL_SAP_EVIDENCE,0,,,0,0,,,RABBIT_LENDING,10,ITEM_SUBMISSION_STATUS_SUBMITTED,0,2,2bd48742-cf80-48b2-a3d7-93cae1724c8f,false,false,,,RCL newpayment membership applies only to Motor RCL; false for other flows is not a blocker.,2026-09-21 15:14:36,insurers/34,RCB_Motor_process_4_creditshell|RCL_Motor_process_4_creditshell,RCB_Motor_process_4_creditshell|RCL_Motor_process_4_creditshell,RCB_Motor_process_4_creditshell|RCL_Motor_process_4_creditshell,RCB_Motor_process_4_creditshell|RCL_Motor_process_4_creditshell,chrg_68xqlnyoqk72hqvj7ip|chrg_6937bzz6l3h82iewcvk,EVENT_IDENTITY_PRESENT,CHANGE_ORDER_RECEIPT,false,false,,,OUTPUT_IDENTITY_PRESENT_DELIVERY_NOT_PROVEN,FIRST_APPLICABLE_OBSERVED_GROUP_NOT_EXHAUSTIVE,[],2,True,False,Identity+status only; no scheduling/import or accounting allocation assertion. Cancellation does not prove per-DocEntry multiplicity.
RECEIPT_LINK,MULTI_ITEM_ALLOCATION_NOT_RECONCILED,ITEM_APPROVAL_STATUS_PENDING,2026-09-26 16:06:06,2026-10-01,2026-09-01,Motor,,,,"[""chrg_693lkoqiqlr69hk5xfu""]",1,ROUTING_CAUSE_CANDIDATE,13146.02,8479e1a1-bc46-4863-96da-5c5d51343108,2026-09-22 07:38:04,,1,,CURRENT_MONTH,PAID,RCB,1,false,true,false,93ae428d-f1fa-472f-aa43-ff743c5107be,LEAD_STATUS_PURCHASED,,,0,,MOTOR_TYPE_COMPULSORY,true,L80935037,L80935037-M1,2,2026-09-22 07:38:03,2026-09-22,PAYMENT_DATE,ONLINECARD,ONETIME,FULL_PAYMENT,1,products/car-insurance,chrg_693lkoqiqlr69hk5xfu,2026-09-22 07:38:03,CHANGE_ORDER_NEW_FLOW_REVIEW,MISSING_TERMINAL_SAP_EVIDENCE,0,,,0,0,,,RCB,1,ITEM_SUBMISSION_STATUS_SUBMITTED,0,1,642c11e6-053d-4cbe-a32a-f270579f8d64,false,false,,,RCL newpayment membership applies only to Motor RCL; false for other flows is not a blocker.,2026-09-26 10:02:12,insurers/25,RCB_Motor_process_3_change|RCB_Motor_process_4_creditshell|RCL_Motor_process_4_creditshell,RCB_Motor_process_3_change|RCB_Motor_process_4_creditshell|RCL_Motor_process_4_creditshell,RCB_Motor_process_3_change|RCB_Motor_process_4_creditshell|RCL_Motor_process_4_creditshell,RCB_Motor_process_3_change|RCB_Motor_process_4_creditshell|RCL_Motor_process_4_creditshell,chrg_693lkoqiqlr69hk5xfu|chrg_694sbvhsnrc8fytvl80,EVENT_IDENTITY_PRESENT,CHANGE_ORDER_RECEIPT,,,,,OUTPUT_IDENTITY_PRESENT_DELIVERY_NOT_PROVEN,FIRST_APPLICABLE_OBSERVED_GROUP_NOT_EXHAUSTIVE,"[{""view"":""RCB_Motor_process_3_change"",""invoice_no"":""chrg_693lkoqiqlr69hk5xfu"",""flags"":[""SOURCE_NON_EDC_FORCED_TO_EDC_KBANK""],""actual_received"":""645.21"",""channel"":""RCB-EDC-KBANK""}]",3,True,True,Identity+status only; no scheduling/import or accounting allocation assertion. Cancellation does not prove per-DocEntry multiplicity.
RECEIPT_LINK,MULTI_ITEM_ALLOCATION_NOT_RECONCILED,ITEM_APPROVAL_STATUS_PENDING,2026-09-26 16:06:06,2026-10-01,2026-09-01,Motor,,,,"[""chrg_694sbvhsnrc8fytvl80""]",1,ROUTING_CAUSE_CANDIDATE,1499.19,6d41d319-f1bc-45d9-ad4b-cde6c4dcb7fa,2026-09-25 11:43:51,,1,,CURRENT_MONTH,PAID,RCB,1,false,true,false,9e59cad7-6856-4a45-ab22-8c2751240326,LEAD_STATUS_PURCHASED,,,0,,MOTOR_TYPE_1,true,L80935037,L80935037-V1,2,2026-09-25 11:43:49,2026-09-25,PAYMENT_DATE,QR_CODE,ONETIME,FULL_PAYMENT,2,products/car-insurance,chrg_694sbvhsnrc8fytvl80,2026-09-25 11:43:49,CHANGE_ORDER_NEW_FLOW_REVIEW,MISSING_TERMINAL_SAP_EVIDENCE,0,,,0,0,,,RCB,1,ITEM_SUBMISSION_STATUS_SUBMITTED,0,2,642c11e6-053d-4cbe-a32a-f270579f8d64,false,false,,,RCL newpayment membership applies only to Motor RCL; false for other flows is not a blocker.,2026-09-26 10:02:12,insurers/25,RCB_Motor_process_3_change|RCB_Motor_process_4_creditshell|RCL_Motor_process_4_creditshell,RCB_Motor_process_3_change|RCB_Motor_process_4_creditshell|RCL_Motor_process_4_creditshell,RCB_Motor_process_3_change|RCB_Motor_process_4_creditshell|RCL_Motor_process_4_creditshell,RCB_Motor_process_3_change|RCB_Motor_process_4_creditshell|RCL_Motor_process_4_creditshell,chrg_693lkoqiqlr69hk5xfu|chrg_694sbvhsnrc8fytvl80,EVENT_IDENTITY_PRESENT,CHANGE_ORDER_RECEIPT,,,,,OUTPUT_IDENTITY_PRESENT_DELIVERY_NOT_PROVEN,FIRST_APPLICABLE_OBSERVED_GROUP_NOT_EXHAUSTIVE,"[{""view"":""RCB_Motor_process_3_change"",""invoice_no"":""chrg_694sbvhsnrc8fytvl80"",""flags"":[""SOURCE_NON_EDC_FORCED_TO_EDC_KBANK""],""actual_received"":""1499.19"",""channel"":""RCB-EDC-KBANK""},{""view"":""RCB_Motor_process_4_creditshell"",""invoice_no"":""chrg_694sbvhsnrc8fytvl80"",""flags"":[""PAID_ACTUAL_NULL""],""actual_received"":null,""channel"":""RCB""},{""view"":""RCL_Motor_process_4_creditshell"",""invoice_no"":""chrg_694sbvhsnrc8fytvl80"",""flags"":[""PAID_ACTUAL_NULL""],""actual_received"":null,""channel"":""RCB""}]",3,True,True,Identity+status only; no scheduling/import or accounting allocation assertion. Cancellation does not prove per-DocEntry multiplicity.
RECEIPT_LINK,MULTI_ITEM_ALLOCATION_NOT_RECONCILED,ITEM_APPROVAL_STATUS_PENDING,2026-09-26 16:06:06,2026-10-01,2026-09-01,Motor,,,,"[""chrg_693lkoqiqlr69hk5xfu""]",1,ROUTING_CAUSE_CANDIDATE,13146.02,8479e1a1-bc46-4863-96da-5c5d51343108,2026-09-22 07:38:04,,1,,CURRENT_MONTH,PAID,RCB,1,false,true,false,9e59cad7-6856-4a45-ab22-8c2751240326,LEAD_STATUS_PURCHASED,,,0,,MOTOR_TYPE_1,true,L80935037,L80935037-V1,2,2026-09-22 07:38:03,2026-09-22,PAYMENT_DATE,ONLINECARD,ONETIME,FULL_PAYMENT,1,products/car-insurance,chrg_693lkoqiqlr69hk5xfu,2026-09-22 07:38:03,CHANGE_ORDER_NEW_FLOW_REVIEW,MISSING_TERMINAL_SAP_EVIDENCE,0,,,0,0,,,RCB,1,ITEM_SUBMISSION_STATUS_SUBMITTED,0,1,642c11e6-053d-4cbe-a32a-f270579f8d64,false,false,,,RCL newpayment membership applies only to Motor RCL; false for other flows is not a blocker.,2026-09-26 10:02:12,insurers/25,RCB_Motor_process_3_change|RCB_Motor_process_4_creditshell|RCL_Motor_process_4_creditshell,RCB_Motor_process_3_change|RCB_Motor_process_4_creditshell|RCL_Motor_process_4_creditshell,RCB_Motor_process_3_change|RCB_Motor_process_4_creditshell|RCL_Motor_process_4_creditshell,RCB_Motor_process_3_change|RCB_Motor_process_4_creditshell|RCL_Motor_process_4_creditshell,chrg_693lkoqiqlr69hk5xfu|chrg_694sbvhsnrc8fytvl80,EVENT_IDENTITY_PRESENT,CHANGE_ORDER_RECEIPT,,,,,OUTPUT_IDENTITY_PRESENT_DELIVERY_NOT_PROVEN,FIRST_APPLICABLE_OBSERVED_GROUP_NOT_EXHAUSTIVE,"[{""view"":""RCB_Motor_process_3_change"",""invoice_no"":""chrg_693lkoqiqlr69hk5xfu"",""flags"":[""SOURCE_NON_EDC_FORCED_TO_EDC_KBANK""],""actual_received"":""12500.81"",""channel"":""RCB-EDC-KBANK""},{""view"":""RCB_Motor_process_4_creditshell"",""invoice_no"":""chrg_693lkoqiqlr69hk5xfu"",""flags"":[""PAID_ACTUAL_NULL"",""EXPECTED_NULL""],""actual_received"":null,""channel"":""RCB-CreditShell""},{""view"":""RCL_Motor_process_4_creditshell"",""invoice_no"":""chrg_693lkoqiqlr69hk5xfu"",""flags"":[""PAID_ACTUAL_NULL"",""EXPECTED_NULL""],""actual_received"":null,""channel"":""RCB-CreditShell""}]",3,True,True,Identity+status only; no scheduling/import or accounting allocation assertion. Cancellation does not prove per-DocEntry multiplicity.
RECEIPT_LINK,MULTI_ITEM_ALLOCATION_NOT_RECONCILED,ITEM_APPROVAL_STATUS_PENDING,2026-09-26 16:06:06,2026-10-01,2026-09-01,Motor,,,,"[""chrg_695575b4oidd2192k78""]",1,ROUTING_CAUSE_CANDIDATE,7945.21,536ac0a8-6077-412e-b27b-55b7508e5f95,2026-09-26 06:24:57,,1,,CURRENT_MONTH,PAID,RCB,1,false,true,false,1b969a3c-258c-40fd-a8e5-08b8a964e2d8,LEAD_STATUS_PURCHASED,,,0,,MOTOR_TYPE_COMPULSORY,true,L80941876,L80941876-M1,2,2026-09-26 06:24:57,2026-09-26,PAYMENT_DATE,ONLINECARD,ONETIME,FULL_PAYMENT,1,products/car-insurance,chrg_695575b4oidd2192k78,2026-09-26 06:24:57,CHANGE_ORDER_NEW_FLOW_REVIEW,MISSING_TERMINAL_SAP_EVIDENCE,0,,,0,0,,,OMISE,1,ITEM_SUBMISSION_STATUS_PENDING,0,1,704eef6b-2f83-44bf-9089-3db4bf478a65,false,false,,,RCL newpayment membership applies only to Motor RCL; false for other flows is not a blocker.,2026-09-26 14:52:16,insurers/7,RCB_Motor_process_3_change|RCB_Motor_process_4_creditshell|RCL_Motor_process_4_creditshell,RCB_Motor_process_3_change|RCB_Motor_process_4_creditshell|RCL_Motor_process_4_creditshell,RCB_Motor_process_3_change|RCB_Motor_process_4_creditshell|RCL_Motor_process_4_creditshell,RCB_Motor_process_3_change|RCB_Motor_process_4_creditshell|RCL_Motor_process_4_creditshell,chrg_695575b4oidd2192k78,EVENT_IDENTITY_PRESENT,CHANGE_ORDER_RECEIPT,,,,,OUTPUT_IDENTITY_PRESENT_DELIVERY_NOT_PROVEN,FIRST_APPLICABLE_OBSERVED_GROUP_NOT_EXHAUSTIVE,"[{""view"":""RCB_Motor_process_3_change"",""invoice_no"":""chrg_695575b4oidd2192k78"",""flags"":[""SOURCE_NON_EDC_FORCED_TO_EDC_KBANK""],""actual_received"":""645.21"",""channel"":""RCB-EDC-KBANK""}]",3,True,True,Identity+status only; no scheduling/import or accounting allocation assertion. Cancellation does not prove per-DocEntry multiplicity.
RECEIPT_LINK,MULTI_ITEM_ALLOCATION_NOT_RECONCILED,ITEM_APPROVAL_STATUS_PENDING,2026-09-26 16:06:06,2026-10-01,2026-09-01,Motor,,,,"[""chrg_695575b4oidd2192k78""]",1,ROUTING_CAUSE_CANDIDATE,7945.21,536ac0a8-6077-412e-b27b-55b7508e5f95,2026-09-26 06:24:57,,1,,CURRENT_MONTH,PAID,RCB,1,false,true,false,3de44e68-7e1e-4c1c-aa9f-37329dd233d5,LEAD_STATUS_PURCHASED,,,0,,MOTOR_TYPE_2_PLUS,true,L80941876,L80941876-V1,2,2026-09-26 06:24:57,2026-09-26,PAYMENT_DATE,ONLINECARD,ONETIME,FULL_PAYMENT,1,products/car-insurance,chrg_695575b4oidd2192k78,2026-09-26 06:24:57,CHANGE_ORDER_NEW_FLOW_REVIEW,MISSING_TERMINAL_SAP_EVIDENCE,0,,,0,0,,,OMISE,1,ITEM_SUBMISSION_STATUS_PENDING,0,1,704eef6b-2f83-44bf-9089-3db4bf478a65,false,false,,,RCL newpayment membership applies only to Motor RCL; false for other flows is not a blocker.,2026-09-26 14:52:16,insurers/7,RCB_Motor_process_3_change|RCB_Motor_process_4_creditshell|RCL_Motor_process_4_creditshell,RCB_Motor_process_3_change|RCB_Motor_process_4_creditshell|RCL_Motor_process_4_creditshell,RCB_Motor_process_3_change|RCB_Motor_process_4_creditshell|RCL_Motor_process_4_creditshell,RCB_Motor_process_3_change|RCB_Motor_process_4_creditshell|RCL_Motor_process_4_creditshell,chrg_695575b4oidd2192k78,EVENT_IDENTITY_PRESENT,CHANGE_ORDER_RECEIPT,,,,,OUTPUT_IDENTITY_PRESENT_DELIVERY_NOT_PROVEN,FIRST_APPLICABLE_OBSERVED_GROUP_NOT_EXHAUSTIVE,"[{""view"":""RCB_Motor_process_3_change"",""invoice_no"":""chrg_695575b4oidd2192k78"",""flags"":[""SOURCE_NON_EDC_FORCED_TO_EDC_KBANK""],""actual_received"":""7300.0"",""channel"":""RCB-EDC-KBANK""},{""view"":""RCB_Motor_process_4_creditshell"",""invoice_no"":""chrg_695575b4oidd2192k78"",""flags"":[""PAID_ACTUAL_NULL"",""EXPECTED_NULL""],""actual_received"":null,""channel"":""RCB-CreditShell""},{""view"":""RCL_Motor_process_4_creditshell"",""invoice_no"":""chrg_695575b4oidd2192k78"",""flags"":[""PAID_ACTUAL_NULL"",""EXPECTED_NULL""],""actual_received"":null,""channel"":""RCB-CreditShell""}]",3,True,True,Identity+status only; no scheduling/import or accounting allocation assertion. Cancellation does not prove per-DocEntry multiplicity.
RECEIPT_LINK,SINGLE_ITEM_RAW_CHARGE_COMPARISON,ITEM_APPROVAL_STATUS_PENDING,2026-09-26 16:06:06,2026-10-01,2026-09-01,Motor,,,,"[""chrg_6954se8ozf5q6wia9zw""]",1,OBSERVED_DATA_STATE,7480.0,7d06f456-ba99-4dd6-8e31-07274c91f739,2026-09-26 05:44:11,7480.0,0,,CURRENT_MONTH,PAID,RCB,1,false,false,false,60102c31-5025-4e8b-aae6-565dcaee014c,LEAD_STATUS_PURCHASED,,,0,,MOTOR_TYPE_1,true,L77620127,L77620127-V1,1,2026-09-26 05:44:11,2026-09-26,PAYMENT_DATE,QR_CODE,ONETIME,FULL_PAYMENT,1,products/car-insurance,chrg_6954se8ozf5q6wia9zw,2026-09-26 05:44:11,SAP_ITEM_NOT_FOUND,MISSING_TERMINAL_SAP_EVIDENCE,0,,,0,0,,,RCB,1,ITEM_SUBMISSION_STATUS_SUBMITTED,0,1,7d4332ab-177b-4c99-ac0c-778190f6a308,true,false,,,RCL newpayment membership applies only to Motor RCL; false for other flows is not a blocker.,2026-09-26 13:03:08,insurers/28,RCB_Motor_process_3_change|RCB_Motor_process_create,RCB_Motor_process_3_change|RCB_Motor_process_create,RCB_Motor_process_3_change|RCB_Motor_process_create,RCB_Motor_process_3_change|RCB_Motor_process_create,chrg_6954se8ozf5q6wia9zw,EVENT_IDENTITY_PRESENT,NEW_ITEM_RECEIPT,,,,,OUTPUT_IDENTITY_PRESENT_DELIVERY_NOT_PROVEN,FIRST_APPLICABLE_OBSERVED_GROUP_NOT_EXHAUSTIVE,"[{""view"":""RCB_Motor_process_3_change"",""invoice_no"":""chrg_6954se8ozf5q6wia9zw"",""flags"":[""SOURCE_NON_EDC_FORCED_TO_EDC_KBANK""],""actual_received"":""7480.0"",""channel"":""RCB-EDC-KBANK""}]",2,True,True,Identity+status only; no scheduling/import or accounting allocation assertion. Cancellation does not prove per-DocEntry multiplicity.
RECEIPT_LINK,SINGLE_ITEM_RAW_CHARGE_COMPARISON,ITEM_APPROVAL_STATUS_PENDING,2026-09-26 16:06:06,2026-10-01,2026-09-01,Motor,,,,"[""chrg_6955xg05vk2kt5y71n8""]",1,OBSERVED_DATA_STATE,7300.0,644ba8db-6d07-42c3-ab86-fc9f7292d0e7,2026-09-26 07:42:05,7300.0,0,,CURRENT_MONTH,PAID,RCB,1,false,false,false,6044a9d7-46ba-4396-bfa6-e1b1afc8eed3,LEAD_STATUS_PURCHASED,,,0,,MOTOR_TYPE_2_PLUS,true,L78714012,L78714012-V1,1,2026-09-26 07:42:04,2026-09-26,PAYMENT_DATE,QR_CODE,ONETIME,FULL_PAYMENT,1,products/car-insurance,chrg_6955xg05vk2kt5y71n8,2026-09-26 07:42:04,SAP_ITEM_NOT_FOUND,MISSING_TERMINAL_SAP_EVIDENCE,0,,,0,0,,,RCB,1,ITEM_SUBMISSION_STATUS_SUBMITTED,0,1,4cb473fe-f57b-45e8-9ccc-719f2afd1302,true,false,,,RCL newpayment membership applies only to Motor RCL; false for other flows is not a blocker.,2026-09-26 14:59:18,insurers/7,RCB_Motor_process_3_change|RCB_Motor_process_create,RCB_Motor_process_3_change|RCB_Motor_process_create,RCB_Motor_process_3_change|RCB_Motor_process_create,RCB_Motor_process_3_change|RCB_Motor_process_create,chrg_6955xg05vk2kt5y71n8,EVENT_IDENTITY_PRESENT,NEW_ITEM_RECEIPT,,,,,OUTPUT_IDENTITY_PRESENT_DELIVERY_NOT_PROVEN,FIRST_APPLICABLE_OBSERVED_GROUP_NOT_EXHAUSTIVE,"[{""view"":""RCB_Motor_process_3_change"",""invoice_no"":""chrg_6955xg05vk2kt5y71n8"",""flags"":[""SOURCE_NON_EDC_FORCED_TO_EDC_KBANK""],""actual_received"":""7300.0"",""channel"":""RCB-EDC-KBANK""}]",2,True,True,Identity+status only; no scheduling/import or accounting allocation assertion. Cancellation does not prove per-DocEntry multiplicity.
RECEIPT_LINK,SINGLE_ITEM_RAW_CHARGE_COMPARISON,ITEM_APPROVAL_STATUS_PENDING,2026-09-26 16:06:06,2026-10-01,2026-09-01,Motor,,,,"[""chrg_6957kadbm0sbz3yt78p"",""2_chrg_6957kadbm0sbz3yt78p""]",6,OBSERVED_DATA_STATE,1333.35,29671d65-d630-492f-857e-d4718b9c97ab,2026-09-26 10:36:12,1333.35,0,,CURRENT_MONTH,PAID,RCL,1,false,false,false,c93bac01-2f63-455f-9e7b-e1773e086b80,LEAD_STATUS_PURCHASED,,,0,,MOTOR_TYPE_1,true,L78812060,L78812060-V1,1,2026-09-26 10:36:12,2026-09-26,PAYMENT_DATE,QR_CODE,INSTALLMENT,RABBIT_CARE_INSTALLMENT,1,products/car-insurance,chrg_6957kadbm0sbz3yt78p,2026-09-26 10:36:12,SAP_ITEM_NOT_FOUND,MISSING_TERMINAL_SAP_EVIDENCE,0,,,0,0,,,RABBIT_LENDING,6,ITEM_SUBMISSION_STATUS_PENDING,0,1,1cca0f45-f7b9-420c-bb66-d70e9c5edd24,true,true,,,RCL newpayment membership applies only to Motor RCL; false for other flows is not a blocker.,2026-09-26 17:50:20,insurers/34,RCL_Motor_process_1_create|RCL_Motor_process_2_newpayment,RCL_Motor_process_1_create|RCL_Motor_process_2_newpayment,RCL_Motor_process_1_create|RCL_Motor_process_2_newpayment,RCL_Motor_process_1_create|RCL_Motor_process_2_newpayment,2_chrg_6957kadbm0sbz3yt78p,EVENT_IDENTITY_PRESENT,NEW_ITEM_RECEIPT,false,false,,,OUTPUT_IDENTITY_PRESENT_DELIVERY_NOT_PROVEN,FIRST_APPLICABLE_OBSERVED_GROUP_NOT_EXHAUSTIVE,[],2,True,False,Identity+status only; no scheduling/import or accounting allocation assertion. Cancellation does not prove per-DocEntry multiplicity.
RECEIPT_LINK,SINGLE_ITEM_RAW_CHARGE_COMPARISON,ITEM_APPROVAL_STATUS_PENDING,2026-09-26 16:06:06,2026-10-01,2026-09-01,Motor,,,,"[""chrg_694dm6cs9ztdjc7aik5"",""2_chrg_694dm6cs9ztdjc7aik5""]",6,OBSERVED_DATA_STATE,1372.14,249e1d30-704f-4c76-a46a-69cb4b0e3926,2026-09-25 04:58:00,1372.14,0,,CURRENT_MONTH,PAID,RCL,1,false,false,false,e572a862-9cd5-4069-9ca4-2521bce7d308,LEAD_STATUS_PURCHASED,,,0,,MOTOR_TYPE_2_PLUS,true,L78836595,L78836595-V1,1,2026-09-25 04:58:00,2026-09-25,PAYMENT_DATE,QR_CODE,INSTALLMENT,RABBIT_CARE_INSTALLMENT,1,products/car-insurance,chrg_694dm6cs9ztdjc7aik5,2026-09-25 04:58:00,SAP_ITEM_NOT_FOUND,MISSING_TERMINAL_SAP_EVIDENCE,0,,,0,0,,,RABBIT_LENDING,6,ITEM_SUBMISSION_STATUS_SUBMITTED,0,1,f4ec8151-0e8d-4984-b818-2426f03572bb,true,true,,,RCL newpayment membership applies only to Motor RCL; false for other flows is not a blocker.,2026-09-26 13:38:18,insurers/7,RCL_Motor_process_1_create|RCL_Motor_process_2_newpayment,RCL_Motor_process_1_create|RCL_Motor_process_2_newpayment,RCL_Motor_process_1_create|RCL_Motor_process_2_newpayment,RCL_Motor_process_1_create|RCL_Motor_process_2_newpayment,2_chrg_694dm6cs9ztdjc7aik5,EVENT_IDENTITY_PRESENT,NEW_ITEM_RECEIPT,false,false,,,OUTPUT_IDENTITY_PRESENT_DELIVERY_NOT_PROVEN,FIRST_APPLICABLE_OBSERVED_GROUP_NOT_EXHAUSTIVE,[],2,True,False,Identity+status only; no scheduling/import or accounting allocation assertion. Cancellation does not prove per-DocEntry multiplicity.
RECEIPT_LINK,MULTI_ITEM_ALLOCATION_NOT_RECONCILED,ITEM_APPROVAL_STATUS_POLICY_UPLOADED,2026-09-26 16:06:06,2026-10-01,2026-09-01,Motor,,,,"[""chrg_6955re63gwtavnjwhsb""]",1,OBSERVED_DATA_STATE,29031.77,450b6b11-1cef-435a-a767-a3204534aaf5,2026-09-26 07:22:19,,1,,CURRENT_MONTH,PAID,RCB,1,false,false,false,74fe2ab5-f6d2-4b10-b93e-c043a6da4c9d,LEAD_STATUS_PURCHASED,,,0,,MOTOR_TYPE_COMPULSORY,true,L78847960,L78847960-M1,2,2026-09-26 07:22:19,2026-09-26,PAYMENT_DATE,ONLINECARD,ONETIME,FULL_PAYMENT,1,products/car-insurance,chrg_6955re63gwtavnjwhsb,2026-09-26 07:22:19,SAP_ITEM_NOT_FOUND,MISSING_TERMINAL_SAP_EVIDENCE,0,,,0,0,,,RCB,1,ITEM_SUBMISSION_STATUS_SUBMITTED,0,1,1d3fce6e-5bcc-4529-8350-98d5b27421f8,true,false,,,RCL newpayment membership applies only to Motor RCL; false for other flows is not a blocker.,2026-09-26 14:28:48,insurers/17,RCB_Motor_process_3_change|RCB_Motor_process_create,RCB_Motor_process_3_change|RCB_Motor_process_create,RCB_Motor_process_3_change|RCB_Motor_process_create,RCB_Motor_process_3_change|RCB_Motor_process_create,chrg_6955re63gwtavnjwhsb,EVENT_IDENTITY_PRESENT,NEW_ITEM_RECEIPT,,,,,OUTPUT_IDENTITY_PRESENT_DELIVERY_NOT_PROVEN,FIRST_APPLICABLE_OBSERVED_GROUP_NOT_EXHAUSTIVE,"[{""view"":""RCB_Motor_process_3_change"",""invoice_no"":""chrg_6955re63gwtavnjwhsb"",""flags"":[""SOURCE_NON_EDC_FORCED_TO_EDC_KBANK""],""actual_received"":""645.21"",""channel"":""RCB-EDC-KBANK""}]",2,True,True,Identity+status only; no scheduling/import or accounting allocation assertion. Cancellation does not prove per-DocEntry multiplicity.
RECEIPT_LINK,MULTI_ITEM_ALLOCATION_NOT_RECONCILED,ITEM_APPROVAL_STATUS_PENDING,2026-09-26 16:06:06,2026-10-01,2026-09-01,Motor,,,,"[""chrg_6955re63gwtavnjwhsb""]",1,OBSERVED_DATA_STATE,29031.77,450b6b11-1cef-435a-a767-a3204534aaf5,2026-09-26 07:22:19,,1,,CURRENT_MONTH,PAID,RCB,1,false,false,false,7e81d298-9008-4182-a08a-3fe698d59eeb,LEAD_STATUS_PURCHASED,,,0,,MOTOR_TYPE_1,true,L78847960,L78847960-V1,2,2026-09-26 07:22:19,2026-09-26,PAYMENT_DATE,ONLINECARD,ONETIME,FULL_PAYMENT,1,products/car-insurance,chrg_6955re63gwtavnjwhsb,2026-09-26 07:22:19,SAP_ITEM_NOT_FOUND,MISSING_TERMINAL_SAP_EVIDENCE,0,,,0,0,,,RCB,1,ITEM_SUBMISSION_STATUS_SUBMITTED,0,1,1d3fce6e-5bcc-4529-8350-98d5b27421f8,true,false,,,RCL newpayment membership applies only to Motor RCL; false for other flows is not a blocker.,2026-09-26 14:28:48,insurers/17,RCB_Motor_process_3_change|RCB_Motor_process_create,RCB_Motor_process_3_change|RCB_Motor_process_create,RCB_Motor_process_3_change|RCB_Motor_process_create,RCB_Motor_process_3_change|RCB_Motor_process_create,chrg_6955re63gwtavnjwhsb,EVENT_IDENTITY_PRESENT,NEW_ITEM_RECEIPT,,,,,OUTPUT_IDENTITY_PRESENT_DELIVERY_NOT_PROVEN,FIRST_APPLICABLE_OBSERVED_GROUP_NOT_EXHAUSTIVE,"[{""view"":""RCB_Motor_process_3_change"",""invoice_no"":""chrg_6955re63gwtavnjwhsb"",""flags"":[""SOURCE_NON_EDC_FORCED_TO_EDC_KBANK""],""actual_received"":""28386.56"",""channel"":""RCB-EDC-KBANK""}]",2,True,True,Identity+status only; no scheduling/import or accounting allocation assertion. Cancellation does not prove per-DocEntry multiplicity.
RECEIPT_LINK,SINGLE_ITEM_RAW_CHARGE_COMPARISON,ITEM_APPROVAL_STATUS_PENDING,2026-09-26 16:06:06,2026-10-01,2026-09-01,Motor,,,,"[""chrg_694vgkxg0wle90rjg0k""]",6,OBSERVED_DATA_STATE,7500.0,fc349728-13b5-4e72-84b6-878a9671764d,2026-09-25 13:49:48,7500.0,0,,CURRENT_MONTH,PAID,RCB,1,false,false,false,684e9427-b4a8-4f84-b3cf-0e0f935defa2,LEAD_STATUS_PURCHASED,,,0,,MOTOR_TYPE_2_PLUS,true,L78854542,L78854542-V1,1,2026-09-25 13:49:47,2026-09-25,PAYMENT_DATE,ONLINECARD,BANK_INSTALLMENT,CREDIT_CARD_INSTALLMENT,1,products/car-insurance,chrg_694vgkxg0wle90rjg0k,2026-09-25 13:49:47,SAP_ITEM_NOT_FOUND,MISSING_TERMINAL_SAP_EVIDENCE,0,,,0,0,,,RCB,6,ITEM_SUBMISSION_STATUS_PENDING,0,1,0b024a6e-b325-4d23-aa22-8a8ea2a5ae6a,false,false,,,RCL newpayment membership applies only to Motor RCL; false for other flows is not a blocker.,2026-09-26 08:50:03,insurers/7,RCB_Motor_process_3_change,RCB_Motor_process_3_change,RCB_Motor_process_3_change,RCB_Motor_process_3_change,chrg_694vgkxg0wle90rjg0k,EVENT_IDENTITY_PRESENT,NEW_ITEM_RECEIPT,,,,,OUTPUT_IDENTITY_PRESENT_DELIVERY_NOT_PROVEN,FIRST_APPLICABLE_OBSERVED_GROUP_NOT_EXHAUSTIVE,"[{""view"":""RCB_Motor_process_3_change"",""invoice_no"":""chrg_694vgkxg0wle90rjg0k"",""flags"":[""SOURCE_NON_EDC_FORCED_TO_EDC_KBANK""],""actual_received"":""7500.0"",""channel"":""RCB-EDC-KBANK""}]",1,False,True,Identity+status only; no scheduling/import or accounting allocation assertion. Cancellation does not prove per-DocEntry multiplicity.
RECEIPT_LINK,SINGLE_ITEM_RAW_CHARGE_COMPARISON,ITEM_APPROVAL_STATUS_PENDING,2026-09-26 16:06:06,2026-10-01,2026-09-01,Motor,,,,"[""chrg_694rxugxgk21jw0zkrz"",""2_chrg_694rxugxgk21jw0zkrz""]",10,OBSERVED_DATA_STATE,3222.84,578daf0b-f905-4a87-b11e-ae033698d286,2026-09-25 07:59:11,3222.84,0,,CURRENT_MONTH,PAID,RCL,1,false,false,false,dfd9e837-f635-4e81-a275-fbfe0aefff69,LEAD_STATUS_PURCHASED,,,0,,MOTOR_TYPE_1,true,L78858897,L78858897-V1,1,2026-09-25 07:59:10,2026-09-25,PAYMENT_DATE,QR_CODE,INSTALLMENT,RABBIT_CARE_INSTALLMENT,1,products/car-insurance,chrg_694rxugxgk21jw0zkrz,2026-09-25 07:59:10,SAP_ITEM_NOT_FOUND,MISSING_TERMINAL_SAP_EVIDENCE,0,,,0,0,,,RABBIT_LENDING,10,ITEM_SUBMISSION_STATUS_SUBMITTED,0,1,eceb013f-dab1-4856-88d7-e3435b1d099e,true,true,,,RCL newpayment membership applies only to Motor RCL; false for other flows is not a blocker.,2026-09-26 10:43:25,insurers/35,RCL_Motor_process_1_create|RCL_Motor_process_2_newpayment,RCL_Motor_process_1_create|RCL_Motor_process_2_newpayment,RCL_Motor_process_1_create|RCL_Motor_process_2_newpayment,RCL_Motor_process_1_create|RCL_Motor_process_2_newpayment,2_chrg_694rxugxgk21jw0zkrz,EVENT_IDENTITY_PRESENT,NEW_ITEM_RECEIPT,false,false,,,OUTPUT_IDENTITY_PRESENT_DELIVERY_NOT_PROVEN,FIRST_APPLICABLE_OBSERVED_GROUP_NOT_EXHAUSTIVE,[],2,True,False,Identity+status only; no scheduling/import or accounting allocation assertion. Cancellation does not prove per-DocEntry multiplicity.
RECEIPT_LINK,SINGLE_ITEM_RAW_CHARGE_COMPARISON,ITEM_APPROVAL_STATUS_PENDING,2026-09-26 16:06:06,2026-10-01,2026-09-01,Motor,,,,"[""chrg_6955xowuz0y9c11w48x""]",1,OBSERVED_DATA_STATE,10560.0,20c43a1b-2c21-4b14-a304-5d7a6f7c509f,2026-09-26 07:41:00,10560.0,0,,CURRENT_MONTH,PAID,RCB,1,false,false,false,c078001e-1c94-42ce-ac1f-cb31bdbe5f54,LEAD_STATUS_PURCHASED,,,0,,MOTOR_TYPE_1,true,L78865448,L78865448-V1,1,2026-09-26 07:40:58,2026-09-26,PAYMENT_DATE,ONLINECARD,ONETIME,FULL_PAYMENT,1,products/car-insurance,chrg_6955xowuz0y9c11w48x,2026-09-26 07:40:58,SAP_ITEM_NOT_FOUND,MISSING_TERMINAL_SAP_EVIDENCE,0,,,0,0,,,RCB,1,ITEM_SUBMISSION_STATUS_SUBMITTED,0,1,f8b5e56b-b28f-48e8-a35c-cdedc53fe6a8,true,false,,,RCL newpayment membership applies only to Motor RCL; false for other flows is not a blocker.,2026-09-26 14:52:15,insurers/25,RCB_Motor_process_3_change|RCB_Motor_process_create,RCB_Motor_process_3_change|RCB_Motor_process_create,RCB_Motor_process_3_change|RCB_Motor_process_create,RCB_Motor_process_3_change|RCB_Motor_process_create,chrg_6955xowuz0y9c11w48x,EVENT_IDENTITY_PRESENT,NEW_ITEM_RECEIPT,,,,,OUTPUT_IDENTITY_PRESENT_DELIVERY_NOT_PROVEN,FIRST_APPLICABLE_OBSERVED_GROUP_NOT_EXHAUSTIVE,"[{""view"":""RCB_Motor_process_3_change"",""invoice_no"":""chrg_6955xowuz0y9c11w48x"",""flags"":[""SOURCE_NON_EDC_FORCED_TO_EDC_KBANK""],""actual_received"":""10560.0"",""channel"":""RCB-EDC-KBANK""}]",2,True,True,Identity+status only; no scheduling/import or accounting allocation assertion. Cancellation does not prove per-DocEntry multiplicity.
RECEIPT_LINK,MULTI_ITEM_ALLOCATION_NOT_RECONCILED,ITEM_APPROVAL_STATUS_PENDING,2026-09-26 16:06:06,2026-10-01,2026-09-01,Motor,,,,"[""chrg_6955lgvxd77fgwarwgh"",""2_chrg_6955lgvxd77fgwarwgh""]",6,OBSERVED_DATA_STATE,2337.78,efecc418-34ec-4b1c-9a2c-f7369b0e4f50,2026-09-26 10:02:40,,1,,CURRENT_MONTH,PAID,RCL,1,false,false,false,64dc6617-5665-40be-898b-c9ed1b334682,LEAD_STATUS_PURCHASED,,,0,,MOTOR_TYPE_1,true,L78865537,L78865537-V1,2,2026-09-26 10:02:39,2026-09-26,PAYMENT_DATE,QR_CODE,INSTALLMENT,RABBIT_CARE_INSTALLMENT,1,products/car-insurance,chrg_6955lgvxd77fgwarwgh,2026-09-26 10:02:39,SAP_ITEM_NOT_FOUND,MISSING_TERMINAL_SAP_EVIDENCE,0,,,0,0,,,RABBIT_LENDING,6,ITEM_SUBMISSION_STATUS_PENDING,0,1,7b0ea6d2-6383-4139-9f87-9d0d56ab23c3,true,true,,,RCL newpayment membership applies only to Motor RCL; false for other flows is not a blocker.,2026-09-26 17:36:13,insurers/10,RCL_Motor_process_1_create|RCL_Motor_process_2_newpayment,RCL_Motor_process_1_create|RCL_Motor_process_2_newpayment,RCL_Motor_process_1_create|RCL_Motor_process_2_newpayment,RCL_Motor_process_1_create|RCL_Motor_process_2_newpayment,2_chrg_6955lgvxd77fgwarwgh,EVENT_IDENTITY_PRESENT,NEW_ITEM_RECEIPT,false,false,,,OUTPUT_IDENTITY_PRESENT_DELIVERY_NOT_PROVEN,FIRST_APPLICABLE_OBSERVED_GROUP_NOT_EXHAUSTIVE,[],2,True,False,Identity+status only; no scheduling/import or accounting allocation assertion. Cancellation does not prove per-DocEntry multiplicity.
RECEIPT_LINK,SINGLE_ITEM_RAW_CHARGE_COMPARISON,ITEM_APPROVAL_STATUS_PENDING,2026-09-26 16:06:06,2026-10-01,2026-09-01,Motor,,,,"[""chrg_6953ozwo0pdeiavr499""]",1,OBSERVED_DATA_STATE,5901.05,d0a0056e-0cbb-4b74-a252-4d7f1834af51,2026-09-26 03:57:38,5901.05,0,,CURRENT_MONTH,PAID,RCB,1,false,false,false,4109c596-664d-4c24-a037-5a4564a946d0,LEAD_STATUS_PURCHASED,,,0,,MOTOR_TYPE_2_PLUS,true,L78866442,L78866442-V1,1,2026-09-26 03:57:38,2026-09-26,PAYMENT_DATE,QR_CODE,ONETIME,FULL_PAYMENT,1,products/car-insurance,chrg_6953ozwo0pdeiavr499,2026-09-26 03:57:38,SAP_ITEM_NOT_FOUND,MISSING_TERMINAL_SAP_EVIDENCE,0,,,0,0,,,RCB,1,ITEM_SUBMISSION_STATUS_SUBMITTED,0,1,a8d002a3-f4e3-47b5-9a3b-5c620e22fb2f,true,false,,,RCL newpayment membership applies only to Motor RCL; false for other flows is not a blocker.,2026-09-26 11:22:35,insurers/2,RCB_Motor_process_3_change|RCB_Motor_process_create,RCB_Motor_process_3_change|RCB_Motor_process_create,RCB_Motor_process_3_change|RCB_Motor_process_create,RCB_Motor_process_3_change|RCB_Motor_process_create,chrg_6953ozwo0pdeiavr499,EVENT_IDENTITY_PRESENT,NEW_ITEM_RECEIPT,,,,,OUTPUT_IDENTITY_PRESENT_DELIVERY_NOT_PROVEN,FIRST_APPLICABLE_OBSERVED_GROUP_NOT_EXHAUSTIVE,"[{""view"":""RCB_Motor_process_3_change"",""invoice_no"":""chrg_6953ozwo0pdeiavr499"",""flags"":[""SOURCE_NON_EDC_FORCED_TO_EDC_KBANK""],""actual_received"":""5901.05"",""channel"":""RCB-EDC-KBANK""}]",2,True,True,Identity+status only; no scheduling/import or accounting allocation assertion. Cancellation does not prove per-DocEntry multiplicity.
RECEIPT_LINK,SINGLE_ITEM_RAW_CHARGE_COMPARISON,ITEM_APPROVAL_STATUS_PENDING,2026-09-26 16:06:06,2026-10-01,2026-09-01,Motor,,,,"[""chrg_6952wwr7xh8y96c2hrl"",""2_chrg_6952wwr7xh8y96c2hrl""]",10,OBSERVED_DATA_STATE,1510.0,134eb306-f638-4854-b74a-306ad90e5148,2026-09-26 02:50:06,1510.0,0,,CURRENT_MONTH,PAID,RCL,1,false,false,false,690acba5-524a-4d41-811a-5778fbb2cf61,LEAD_STATUS_PURCHASED,,,0,,MOTOR_TYPE_1,true,L78869764,L78869764-V1,1,2026-09-26 02:50:05,2026-09-26,PAYMENT_DATE,QR_CODE,INSTALLMENT,RABBIT_CARE_INSTALLMENT,1,products/car-insurance,chrg_6952wwr7xh8y96c2hrl,2026-09-26 02:50:05,SAP_ITEM_NOT_FOUND,MISSING_TERMINAL_SAP_EVIDENCE,0,,,0,0,,,RABBIT_LENDING,10,ITEM_SUBMISSION_STATUS_SUBMITTED,0,1,47441779-ed0e-4f55-b244-ec6844aa9c1a,true,true,,,RCL newpayment membership applies only to Motor RCL; false for other flows is not a blocker.,2026-09-26 10:12:35,insurers/28,RCL_Motor_process_1_create|RCL_Motor_process_2_newpayment,RCL_Motor_process_1_create|RCL_Motor_process_2_newpayment,RCL_Motor_process_1_create|RCL_Motor_process_2_newpayment,RCL_Motor_process_1_create|RCL_Motor_process_2_newpayment,2_chrg_6952wwr7xh8y96c2hrl,EVENT_IDENTITY_PRESENT,NEW_ITEM_RECEIPT,false,false,,,OUTPUT_IDENTITY_PRESENT_DELIVERY_NOT_PROVEN,FIRST_APPLICABLE_OBSERVED_GROUP_NOT_EXHAUSTIVE,[],2,True,False,Identity+status only; no scheduling/import or accounting allocation assertion. Cancellation does not prove per-DocEntry multiplicity.
RECEIPT_LINK,MULTI_ITEM_ALLOCATION_NOT_RECONCILED,ITEM_APPROVAL_STATUS_PENDING,2026-09-26 16:06:06,2026-10-01,2026-09-01,Motor,,,,"[""chrg_6952dvjomamcpeuvboz"",""2_chrg_6952dvjomamcpeuvboz""]",8,OBSERVED_DATA_STATE,2457.79,7b5ae62a-0aba-47ea-9828-96dd729c24ea,2026-09-26 01:54:23,,1,,CURRENT_MONTH,PAID,RCL,1,false,false,false,d3d0deec-2f60-4375-9a14-6e1f67babb5b,LEAD_STATUS_PURCHASED,,,0,,MOTOR_TYPE_1,true,L78880218,L78880218-V1,2,2026-09-26 01:54:22,2026-09-26,PAYMENT_DATE,QR_CODE,INSTALLMENT,RABBIT_CARE_INSTALLMENT,1,products/car-insurance,chrg_6952dvjomamcpeuvboz,2026-09-26 01:54:22,SAP_ITEM_NOT_FOUND,MISSING_TERMINAL_SAP_EVIDENCE,0,,,0,0,,,RABBIT_LENDING,8,ITEM_SUBMISSION_STATUS_SUBMITTED,0,1,ece45dc5-484e-4ae3-8759-9f1b314a0158,true,true,,,RCL newpayment membership applies only to Motor RCL; false for other flows is not a blocker.,2026-09-26 09:11:24,insurers/28,RCL_Motor_process_1_create|RCL_Motor_process_2_newpayment,RCL_Motor_process_1_create|RCL_Motor_process_2_newpayment,RCL_Motor_process_1_create|RCL_Motor_process_2_newpayment,RCL_Motor_process_1_create|RCL_Motor_process_2_newpayment,2_chrg_6952dvjomamcpeuvboz,EVENT_IDENTITY_PRESENT,NEW_ITEM_RECEIPT,false,false,,,OUTPUT_IDENTITY_PRESENT_DELIVERY_NOT_PROVEN,FIRST_APPLICABLE_OBSERVED_GROUP_NOT_EXHAUSTIVE,[],2,True,False,Identity+status only; no scheduling/import or accounting allocation assertion. Cancellation does not prove per-DocEntry multiplicity.
RECEIPT_LINK,MULTI_ITEM_ALLOCATION_NOT_RECONCILED,ITEM_APPROVAL_STATUS_PENDING,2026-09-26 16:06:06,2026-10-01,2026-09-01,Motor,,,,"[""chrg_6953rpw2vcobr039bkg"",""2_chrg_6953rpw2vcobr039bkg""]",6,OBSERVED_DATA_STATE,2867.48,6fef24ea-23aa-431e-a92a-1d049be60434,2026-09-26 04:10:06,,1,,CURRENT_MONTH,PAID,RCL,1,false,false,false,800f93c0-6ad5-47b4-894a-302d79b424de,LEAD_STATUS_PURCHASED,,,0,,MOTOR_TYPE_1,true,L78881572,L78881572-V1,2,2026-09-26 04:10:06,2026-09-26,PAYMENT_DATE,QR_CODE,INSTALLMENT,RABBIT_CARE_INSTALLMENT,1,products/car-insurance,chrg_6953rpw2vcobr039bkg,2026-09-26 04:10:06,SAP_ITEM_NOT_FOUND,MISSING_TERMINAL_SAP_EVIDENCE,0,,,0,0,,,RABBIT_LENDING,6,ITEM_SUBMISSION_STATUS_SUBMITTED,0,1,747fc000-a2ee-4a6d-9cf7-18cf6dba8595,true,true,,,RCL newpayment membership applies only to Motor RCL; false for other flows is not a blocker.,2026-09-26 11:30:31,insurers/7,RCL_Motor_process_1_create|RCL_Motor_process_2_newpayment,RCL_Motor_process_1_create|RCL_Motor_process_2_newpayment,RCL_Motor_process_1_create|RCL_Motor_process_2_newpayment,RCL_Motor_process_1_create|RCL_Motor_process_2_newpayment,2_chrg_6953rpw2vcobr039bkg,EVENT_IDENTITY_PRESENT,NEW_ITEM_RECEIPT,false,false,,,OUTPUT_IDENTITY_PRESENT_DELIVERY_NOT_PROVEN,FIRST_APPLICABLE_OBSERVED_GROUP_NOT_EXHAUSTIVE,[],2,True,False,Identity+status only; no scheduling/import or accounting allocation assertion. Cancellation does not prove per-DocEntry multiplicity.
RECEIPT_LINK,SINGLE_ITEM_RAW_CHARGE_COMPARISON,ITEM_APPROVAL_STATUS_PENDING,2026-09-26 16:06:06,2026-10-01,2026-09-01,Motor,,,,"[""chrg_694pwiw786ssc96qaxo""]",1,OBSERVED_DATA_STATE,6500.25,76e98406-82d4-47ed-a2b2-440d4a0c4976,2026-09-25 10:47:26,6500.25,0,,CURRENT_MONTH,PAID,RCB,1,false,false,false,92326abe-5ed7-4590-ae39-e3a8be24b731,LEAD_STATUS_PURCHASED,,,0,,MOTOR_TYPE_2_PLUS,true,L78883096,L78883096-V1,1,2026-09-25 10:47:24,2026-09-25,PAYMENT_DATE,QR_CODE,ONETIME,FULL_PAYMENT,1,products/car-insurance,chrg_694pwiw786ssc96qaxo,2026-09-25 10:47:24,SAP_ITEM_NOT_FOUND,MISSING_TERMINAL_SAP_EVIDENCE,0,,,0,0,,,RCB,1,ITEM_SUBMISSION_STATUS_SUBMITTED,0,1,8c2aa11f-ed0a-484f-b49e-b06d273d62b7,true,false,,,RCL newpayment membership applies only to Motor RCL; false for other flows is not a blocker.,2026-09-26 09:25:15,insurers/35,RCB_Motor_process_3_change|RCB_Motor_process_create,RCB_Motor_process_3_change|RCB_Motor_process_create,RCB_Motor_process_3_change|RCB_Motor_process_create,RCB_Motor_process_3_change|RCB_Motor_process_create,chrg_694pwiw786ssc96qaxo,EVENT_IDENTITY_PRESENT,NEW_ITEM_RECEIPT,,,,,OUTPUT_IDENTITY_PRESENT_DELIVERY_NOT_PROVEN,FIRST_APPLICABLE_OBSERVED_GROUP_NOT_EXHAUSTIVE,"[{""view"":""RCB_Motor_process_3_change"",""invoice_no"":""chrg_694pwiw786ssc96qaxo"",""flags"":[""SOURCE_NON_EDC_FORCED_TO_EDC_KBANK""],""actual_received"":""6500.25"",""channel"":""RCB-EDC-KBANK""}]",2,True,True,Identity+status only; no scheduling/import or accounting allocation assertion. Cancellation does not prove per-DocEntry multiplicity.
RECEIPT_LINK,SINGLE_ITEM_RAW_CHARGE_COMPARISON,ITEM_APPROVAL_STATUS_PENDING,2026-09-26 16:06:06,2026-10-01,2026-09-01,Motor,,,,"[""chrg_694qh3biv13cer71ho4"",""2_chrg_694qh3biv13cer71ho4""]",3,OBSERVED_DATA_STATE,1907.66,386d95bf-45e7-4772-982e-f19ca6903bd9,2026-09-25 05:21:38,1907.66,0,,CURRENT_MONTH,PAID,RCL,1,false,false,false,b30a6a4f-6e64-43fa-a698-e89aaf7fbd9d,LEAD_STATUS_PURCHASED,,,0,,MOTOR_TYPE_2_PLUS,true,L78884863,L78884863-V1,1,2026-09-25 05:21:37,2026-09-25,PAYMENT_DATE,QR_CODE,INSTALLMENT,RABBIT_CARE_INSTALLMENT,1,products/car-insurance,chrg_694qh3biv13cer71ho4,2026-09-25 05:21:37,SAP_ITEM_NOT_FOUND,MISSING_TERMINAL_SAP_EVIDENCE,0,,,0,0,,,RABBIT_LENDING,3,ITEM_SUBMISSION_STATUS_SUBMITTED,0,1,28e4d39a-b21e-4316-b1cc-04ba56dc7bf9,true,true,,,RCL newpayment membership applies only to Motor RCL; false for other flows is not a blocker.,2026-09-26 10:40:30,insurers/25,RCL_Motor_process_1_create|RCL_Motor_process_2_newpayment,RCL_Motor_process_1_create|RCL_Motor_process_2_newpayment,RCL_Motor_process_1_create|RCL_Motor_process_2_newpayment,RCL_Motor_process_1_create|RCL_Motor_process_2_newpayment,2_chrg_694qh3biv13cer71ho4,EVENT_IDENTITY_PRESENT,NEW_ITEM_RECEIPT,false,false,,,OUTPUT_IDENTITY_PRESENT_DELIVERY_NOT_PROVEN,FIRST_APPLICABLE_OBSERVED_GROUP_NOT_EXHAUSTIVE,[],2,True,False,Identity+status only; no scheduling/import or accounting allocation assertion. Cancellation does not prove per-DocEntry multiplicity.
RECEIPT_LINK,SINGLE_ITEM_RAW_CHARGE_COMPARISON,ITEM_APPROVAL_STATUS_PENDING,2026-09-26 16:06:06,2026-10-01,2026-09-01,Motor,,,,"[""chrg_694twtb8rb4wz6s3rrd"",""2_chrg_694twtb8rb4wz6s3rrd""]",10,OBSERVED_DATA_STATE,3466.96,415f020d-9d06-4830-a50c-548e8650b7f6,2026-09-26 07:03:23,3466.96,0,,CURRENT_MONTH,PAID,RCL,1,false,false,false,9d6f3d22-ce9d-48b8-a519-06af9e547ecf,LEAD_STATUS_PURCHASED,,,0,,MOTOR_TYPE_1,true,L78885686,L78885686-V1,1,2026-09-26 07:03:22,2026-09-26,PAYMENT_DATE,QR_CODE,INSTALLMENT,RABBIT_CARE_INSTALLMENT,1,products/car-insurance,chrg_694twtb8rb4wz6s3rrd,2026-09-26 07:03:22,SAP_ITEM_NOT_FOUND,MISSING_TERMINAL_SAP_EVIDENCE,0,,,0,0,,,RABBIT_LENDING,10,ITEM_SUBMISSION_STATUS_SUBMITTED,0,1,2810d3e7-42e1-49aa-99fc-037d8b3cf3a0,true,true,,,RCL newpayment membership applies only to Motor RCL; false for other flows is not a blocker.,2026-09-26 14:20:33,insurers/27,RCL_Motor_process_1_create|RCL_Motor_process_2_newpayment,RCL_Motor_process_1_create|RCL_Motor_process_2_newpayment,RCL_Motor_process_1_create|RCL_Motor_process_2_newpayment,RCL_Motor_process_1_create|RCL_Motor_process_2_newpayment,2_chrg_694twtb8rb4wz6s3rrd,EVENT_IDENTITY_PRESENT,NEW_ITEM_RECEIPT,false,false,,,OUTPUT_IDENTITY_PRESENT_DELIVERY_NOT_PROVEN,FIRST_APPLICABLE_OBSERVED_GROUP_NOT_EXHAUSTIVE,[],2,True,False,Identity+status only; no scheduling/import or accounting allocation assertion. Cancellation does not prove per-DocEntry multiplicity.
RECEIPT_LINK,SINGLE_ITEM_RAW_CHARGE_COMPARISON,ITEM_APPROVAL_STATUS_PENDING,2026-09-26 16:06:06,2026-10-01,2026-09-01,Motor,,,,"[""chrg_69543blck03nc31anf0""]",1,OBSERVED_DATA_STATE,4999.0,bcf18e2c-ea76-4d5e-86c4-308442c67e83,2026-09-26 06:11:35,4999.0,0,,CURRENT_MONTH,PAID,RCB,1,false,false,false,87c3ef54-4a07-417f-9ef4-75dcc055e1d1,LEAD_STATUS_PURCHASED,,,0,,MOTOR_TYPE_2_PLUS,true,L78888162,L78888162-V1,1,2026-09-26 06:11:34,2026-09-26,PAYMENT_DATE,QR_CODE,ONETIME,FULL_PAYMENT,1,products/car-insurance,chrg_69543blck03nc31anf0,2026-09-26 06:11:34,SAP_ITEM_NOT_FOUND,MISSING_TERMINAL_SAP_EVIDENCE,0,,,0,0,,,RCB,1,ITEM_SUBMISSION_STATUS_SUBMITTED,0,1,7ea5ab73-4862-49b2-bcb2-5ddcf289ff9f,true,false,,,RCL newpayment membership applies only to Motor RCL; false for other flows is not a blocker.,2026-09-26 14:36:59,insurers/25,RCB_Motor_process_3_change|RCB_Motor_process_create,RCB_Motor_process_3_change|RCB_Motor_process_create,RCB_Motor_process_3_change|RCB_Motor_process_create,RCB_Motor_process_3_change|RCB_Motor_process_create,chrg_69543blck03nc31anf0,EVENT_IDENTITY_PRESENT,NEW_ITEM_RECEIPT,,,,,OUTPUT_IDENTITY_PRESENT_DELIVERY_NOT_PROVEN,FIRST_APPLICABLE_OBSERVED_GROUP_NOT_EXHAUSTIVE,"[{""view"":""RCB_Motor_process_3_change"",""invoice_no"":""chrg_69543blck03nc31anf0"",""flags"":[""SOURCE_NON_EDC_FORCED_TO_EDC_KBANK""],""actual_received"":""4999.0"",""channel"":""RCB-EDC-KBANK""}]",2,True,True,Identity+status only; no scheduling/import or accounting allocation assertion. Cancellation does not prove per-DocEntry multiplicity.
RECEIPT_LINK,MULTI_ITEM_ALLOCATION_NOT_RECONCILED,ITEM_APPROVAL_STATUS_POLICY_UPLOADED,2026-09-26 16:06:06,2026-10-01,2026-09-01,Motor,,,,"[""chrg_6953w7dvrgrqkbb1cty""]",10,OBSERVED_DATA_STATE,12690.0,edc5eb80-30cd-47ff-a0cc-a59dbbbc0f4b,2026-09-26 04:15:49,,1,,CURRENT_MONTH,PAID,RCB,1,false,false,false,c2428112-48f1-403f-8b8e-a7cc7830095e,LEAD_STATUS_PURCHASED,,,0,,MOTOR_TYPE_1,true,L78891393,L78891393-V1,2,2026-09-26 04:15:48,2026-09-26,PAYMENT_DATE,ONLINECARD,BANK_INSTALLMENT,CREDIT_CARD_INSTALLMENT,1,products/car-insurance,chrg_6953w7dvrgrqkbb1cty,2026-09-26 04:15:48,SAP_ITEM_NOT_FOUND,MISSING_TERMINAL_SAP_EVIDENCE,0,,,0,0,,,RCB,10,ITEM_SUBMISSION_STATUS_SUBMITTED,0,1,ee3928a6-c7ed-4154-9ba0-8cf324a53d37,false,false,,,RCL newpayment membership applies only to Motor RCL; false for other flows is not a blocker.,2026-09-26 11:30:13,insurers/7,RCB_Motor_process_3_change,RCB_Motor_process_3_change,RCB_Motor_process_3_change,RCB_Motor_process_3_change,chrg_6953w7dvrgrqkbb1cty,EVENT_IDENTITY_PRESENT,NEW_ITEM_RECEIPT,,,,,OUTPUT_IDENTITY_PRESENT_DELIVERY_NOT_PROVEN,FIRST_APPLICABLE_OBSERVED_GROUP_NOT_EXHAUSTIVE,"[{""view"":""RCB_Motor_process_3_change"",""invoice_no"":""chrg_6953w7dvrgrqkbb1cty"",""flags"":[""SOURCE_NON_EDC_FORCED_TO_EDC_KBANK""],""actual_received"":""12044.79"",""channel"":""RCB-EDC-KBANK""}]",1,False,True,Identity+status only; no scheduling/import or accounting allocation assertion. Cancellation does not prove per-DocEntry multiplicity.
RECEIPT_LINK,MULTI_ITEM_ALLOCATION_NOT_RECONCILED,ITEM_APPROVAL_STATUS_PENDING,2026-09-26 16:06:06,2026-10-01,2026-09-01,Motor,,,,"[""chrg_69530o6u51oix7yr6gu""]",1,OBSERVED_DATA_STATE,10968.94,f0524051-e81f-4fef-afac-7ee25ed19084,2026-09-26 02:43:16,,1,,CURRENT_MONTH,PAID,RCB,1,false,false,false,dcca2abb-20fc-425c-8f8f-c5378074ca64,LEAD_STATUS_PURCHASED,,,0,,MOTOR_TYPE_COMPULSORY,true,L78895842,L78895842-M1,2,2026-09-26 02:43:15,2026-09-26,PAYMENT_DATE,QR_CODE,ONETIME,FULL_PAYMENT,1,products/car-insurance,chrg_69530o6u51oix7yr6gu,2026-09-26 02:43:15,SAP_ITEM_NOT_FOUND,MISSING_TERMINAL_SAP_EVIDENCE,0,,,0,0,,,RCB,1,ITEM_SUBMISSION_STATUS_SUBMITTED,0,1,74e2f9bc-344a-41d0-9871-188d8b1a65f8,true,false,,,RCL newpayment membership applies only to Motor RCL; false for other flows is not a blocker.,2026-09-26 09:44:07,insurers/28,RCB_Motor_process_3_change|RCB_Motor_process_create,RCB_Motor_process_3_change|RCB_Motor_process_create,RCB_Motor_process_3_change|RCB_Motor_process_create,RCB_Motor_process_3_change|RCB_Motor_process_create,chrg_69530o6u51oix7yr6gu,EVENT_IDENTITY_PRESENT,NEW_ITEM_RECEIPT,,,,,OUTPUT_IDENTITY_PRESENT_DELIVERY_NOT_PROVEN,FIRST_APPLICABLE_OBSERVED_GROUP_NOT_EXHAUSTIVE,"[{""view"":""RCB_Motor_process_3_change"",""invoice_no"":""chrg_69530o6u51oix7yr6gu"",""flags"":[""SOURCE_NON_EDC_FORCED_TO_EDC_KBANK""],""actual_received"":""645.21"",""channel"":""RCB-EDC-KBANK""}]",2,True,True,Identity+status only; no scheduling/import or accounting allocation assertion. Cancellation does not prove per-DocEntry multiplicity.
RECEIPT_LINK,MULTI_ITEM_ALLOCATION_NOT_RECONCILED,ITEM_APPROVAL_STATUS_PENDING,2026-09-26 16:06:06,2026-10-01,2026-09-01,Motor,,,,"[""chrg_69530o6u51oix7yr6gu""]",1,OBSERVED_DATA_STATE,10968.94,f0524051-e81f-4fef-afac-7ee25ed19084,2026-09-26 02:43:16,,1,,CURRENT_MONTH,PAID,RCB,1,false,false,false,df29341a-8162-403b-a8be-5308a697c956,LEAD_STATUS_PURCHASED,,,0,,MOTOR_TYPE_1,true,L78895842,L78895842-V1,2,2026-09-26 02:43:15,2026-09-26,PAYMENT_DATE,QR_CODE,ONETIME,FULL_PAYMENT,1,products/car-insurance,chrg_69530o6u51oix7yr6gu,2026-09-26 02:43:15,SAP_ITEM_NOT_FOUND,MISSING_TERMINAL_SAP_EVIDENCE,0,,,0,0,,,RCB,1,ITEM_SUBMISSION_STATUS_SUBMITTED,0,1,74e2f9bc-344a-41d0-9871-188d8b1a65f8,true,false,,,RCL newpayment membership applies only to Motor RCL; false for other flows is not a blocker.,2026-09-26 09:44:07,insurers/28,RCB_Motor_process_3_change|RCB_Motor_process_create,RCB_Motor_process_3_change|RCB_Motor_process_create,RCB_Motor_process_3_change|RCB_Motor_process_create,RCB_Motor_process_3_change|RCB_Motor_process_create,chrg_69530o6u51oix7yr6gu,EVENT_IDENTITY_PRESENT,NEW_ITEM_RECEIPT,,,,,OUTPUT_IDENTITY_PRESENT_DELIVERY_NOT_PROVEN,FIRST_APPLICABLE_OBSERVED_GROUP_NOT_EXHAUSTIVE,"[{""view"":""RCB_Motor_process_3_change"",""invoice_no"":""chrg_69530o6u51oix7yr6gu"",""flags"":[""SOURCE_NON_EDC_FORCED_TO_EDC_KBANK""],""actual_received"":""10323.73"",""channel"":""RCB-EDC-KBANK""}]",2,True,True,Identity+status only; no scheduling/import or accounting allocation assertion. Cancellation does not prove per-DocEntry multiplicity.
RECEIPT_LINK,SINGLE_ITEM_RAW_CHARGE_COMPARISON,ITEM_APPROVAL_STATUS_PENDING,2026-09-26 16:06:06,2026-10-01,2026-09-01,Motor,,,,"[""chrg_6952wmncb2x0jwlfvyp"",""2_chrg_6952wmncb2x0jwlfvyp""]",8,OBSERVED_DATA_STATE,1750.77,359fae59-b0c0-41ee-9446-60c3459ea4fe,2026-09-26 02:41:27,1750.77,0,,CURRENT_MONTH,PAID,RCL,1,false,false,false,acaf9d8a-d842-4a96-9079-ee038a2b564a,LEAD_STATUS_PURCHASED,,,0,,MOTOR_TYPE_1,true,L78896302,L78896302-V1,1,2026-09-26 02:41:26,2026-09-26,PAYMENT_DATE,QR_CODE,INSTALLMENT,RABBIT_CARE_INSTALLMENT,1,products/car-insurance,chrg_6952wmncb2x0jwlfvyp,2026-09-26 02:41:26,SAP_ITEM_NOT_FOUND,MISSING_TERMINAL_SAP_EVIDENCE,0,,,0,0,,,RABBIT_LENDING,8,ITEM_SUBMISSION_STATUS_SUBMITTED,0,1,01d96b12-e99a-43e0-9f76-96f1fa54f2ec,true,true,,,RCL newpayment membership applies only to Motor RCL; false for other flows is not a blocker.,2026-09-26 09:50:21,insurers/28,RCL_Motor_process_1_create|RCL_Motor_process_2_newpayment,RCL_Motor_process_1_create|RCL_Motor_process_2_newpayment,RCL_Motor_process_1_create|RCL_Motor_process_2_newpayment,RCL_Motor_process_1_create|RCL_Motor_process_2_newpayment,2_chrg_6952wmncb2x0jwlfvyp,EVENT_IDENTITY_PRESENT,NEW_ITEM_RECEIPT,false,false,,,OUTPUT_IDENTITY_PRESENT_DELIVERY_NOT_PROVEN,FIRST_APPLICABLE_OBSERVED_GROUP_NOT_EXHAUSTIVE,[],2,True,False,Identity+status only; no scheduling/import or accounting allocation assertion. Cancellation does not prove per-DocEntry multiplicity.
RECEIPT_LINK,SINGLE_ITEM_RAW_CHARGE_COMPARISON,ITEM_APPROVAL_STATUS_PENDING,2026-09-26 16:06:06,2026-10-01,2026-09-01,Motor,,,,"[""chrg_694u4wgu01cir7oyh1m""]",1,OBSERVED_DATA_STATE,9853.82,8bfa8474-2a4b-4575-b08d-ca4cb94b9aab,2026-09-25 11:33:40,9853.82,0,,CURRENT_MONTH,PAID,RCB,1,false,false,false,e2bc5ffa-25b2-4e7c-ad81-a2fae610f05c,LEAD_STATUS_PURCHASED,,,0,,MOTOR_TYPE_1,true,L78897215,L78897215-V1,1,2026-09-25 11:33:39,2026-09-25,PAYMENT_DATE,ONLINECARD,ONETIME,FULL_PAYMENT,1,products/car-insurance,chrg_694u4wgu01cir7oyh1m,2026-09-25 11:33:39,SAP_ITEM_NOT_FOUND,MISSING_TERMINAL_SAP_EVIDENCE,0,,,0,0,,,RCB,1,ITEM_SUBMISSION_STATUS_SUBMITTED,0,1,20117423-ff2b-4a09-90ee-ccdd12b70101,true,false,,,RCL newpayment membership applies only to Motor RCL; false for other flows is not a blocker.,2026-09-26 09:32:44,insurers/11,RCB_Motor_process_3_change|RCB_Motor_process_create,RCB_Motor_process_3_change|RCB_Motor_process_create,RCB_Motor_process_3_change|RCB_Motor_process_create,RCB_Motor_process_3_change|RCB_Motor_process_create,chrg_694u4wgu01cir7oyh1m,EVENT_IDENTITY_PRESENT,NEW_ITEM_RECEIPT,,,,,OUTPUT_IDENTITY_PRESENT_DELIVERY_NOT_PROVEN,FIRST_APPLICABLE_OBSERVED_GROUP_NOT_EXHAUSTIVE,"[{""view"":""RCB_Motor_process_3_change"",""invoice_no"":""chrg_694u4wgu01cir7oyh1m"",""flags"":[""SOURCE_NON_EDC_FORCED_TO_EDC_KBANK""],""actual_received"":""9853.82"",""channel"":""RCB-EDC-KBANK""}]",2,True,True,Identity+status only; no scheduling/import or accounting allocation assertion. Cancellation does not prove per-DocEntry multiplicity.
RECEIPT_LINK,SINGLE_ITEM_RAW_CHARGE_COMPARISON,ITEM_APPROVAL_STATUS_PENDING,2026-09-26 16:06:06,2026-10-01,2026-09-01,Motor,,,,"[""chrg_69552s5ru8q56qhkafn""]",1,OBSERVED_DATA_STATE,14187.06,29378f22-2ab1-4fb3-9ebe-2389d20f1949,2026-09-26 06:22:40,14187.06,0,,CURRENT_MONTH,PAID,RCB,1,false,false,false,cffbd8a6-b1a6-49bf-9a3d-7d838f25c042,LEAD_STATUS_PURCHASED,,,0,,MOTOR_TYPE_1,true,L78898185,L78898185-V1,1,2026-09-26 06:22:39,2026-09-26,PAYMENT_DATE,QR_CODE,ONETIME,FULL_PAYMENT,1,products/car-insurance,chrg_69552s5ru8q56qhkafn,2026-09-26 06:22:39,SAP_ITEM_NOT_FOUND,MISSING_TERMINAL_SAP_EVIDENCE,0,,,0,0,,,RCB,1,ITEM_SUBMISSION_STATUS_SUBMITTED,0,1,9400b898-0432-41e3-96f1-6f538345bab5,true,false,,,RCL newpayment membership applies only to Motor RCL; false for other flows is not a blocker.,2026-09-26 13:37:38,insurers/40,RCB_Motor_process_3_change|RCB_Motor_process_create,RCB_Motor_process_3_change|RCB_Motor_process_create,RCB_Motor_process_3_change|RCB_Motor_process_create,RCB_Motor_process_3_change|RCB_Motor_process_create,chrg_69552s5ru8q56qhkafn,EVENT_IDENTITY_PRESENT,NEW_ITEM_RECEIPT,,,,,OUTPUT_IDENTITY_PRESENT_DELIVERY_NOT_PROVEN,FIRST_APPLICABLE_OBSERVED_GROUP_NOT_EXHAUSTIVE,"[{""view"":""RCB_Motor_process_3_change"",""invoice_no"":""chrg_69552s5ru8q56qhkafn"",""flags"":[""SOURCE_NON_EDC_FORCED_TO_EDC_KBANK""],""actual_received"":""14187.06"",""channel"":""RCB-EDC-KBANK""}]",2,True,True,Identity+status only; no scheduling/import or accounting allocation assertion. Cancellation does not prove per-DocEntry multiplicity.
RECEIPT_LINK,MULTI_ITEM_ALLOCATION_NOT_RECONCILED,ITEM_APPROVAL_STATUS_POLICY_UPLOADED,2026-09-26 16:06:06,2026-10-01,2026-09-01,Motor,,,,"[""chrg_694v76loreukuq46xz5""]",1,OBSERVED_DATA_STATE,17426.21,0bf1c6b8-ce7e-4e10-9e41-c4ecaacfb1e4,2026-09-25 13:24:51,,1,,CURRENT_MONTH,PAID,RCB,1,false,false,false,efbb2242-dfd2-4baf-9219-4f9e4a06660f,LEAD_STATUS_PURCHASED,,,0,,MOTOR_TYPE_COMPULSORY,true,L78898275,L78898275-M1,2,2026-09-25 13:24:50,2026-09-25,PAYMENT_DATE,QR_CODE,ONETIME,FULL_PAYMENT,1,products/car-insurance,chrg_694v76loreukuq46xz5,2026-09-25 13:24:50,SAP_ITEM_NOT_FOUND,MISSING_TERMINAL_SAP_EVIDENCE,0,,,0,0,,,RCB,1,ITEM_SUBMISSION_STATUS_SUBMITTED,0,1,d01a218a-e495-402d-a181-056757efb619,true,false,,,RCL newpayment membership applies only to Motor RCL; false for other flows is not a blocker.,2026-09-26 10:28:42,insurers/27,RCB_Motor_process_3_change|RCB_Motor_process_create,RCB_Motor_process_3_change|RCB_Motor_process_create,RCB_Motor_process_3_change|RCB_Motor_process_create,RCB_Motor_process_3_change|RCB_Motor_process_create,chrg_694v76loreukuq46xz5,EVENT_IDENTITY_PRESENT,NEW_ITEM_RECEIPT,,,,,OUTPUT_IDENTITY_PRESENT_DELIVERY_NOT_PROVEN,FIRST_APPLICABLE_OBSERVED_GROUP_NOT_EXHAUSTIVE,"[{""view"":""RCB_Motor_process_3_change"",""invoice_no"":""chrg_694v76loreukuq46xz5"",""flags"":[""SOURCE_NON_EDC_FORCED_TO_EDC_KBANK""],""actual_received"":""645.21"",""channel"":""RCB-EDC-KBANK""}]",2,True,True,Identity+status only; no scheduling/import or accounting allocation assertion. Cancellation does not prove per-DocEntry multiplicity.
RECEIPT_LINK,MULTI_ITEM_ALLOCATION_NOT_RECONCILED,ITEM_APPROVAL_STATUS_PENDING,2026-09-26 16:06:06,2026-10-01,2026-09-01,Motor,,,,"[""chrg_694v76loreukuq46xz5""]",1,OBSERVED_DATA_STATE,17426.21,0bf1c6b8-ce7e-4e10-9e41-c4ecaacfb1e4,2026-09-25 13:24:51,,1,,CURRENT_MONTH,PAID,RCB,1,false,false,false,0116a0a0-ee25-4764-ba09-3f8c2fe95ab0,LEAD_STATUS_PURCHASED,,,0,,MOTOR_TYPE_1,true,L78898275,L78898275-V1,2,2026-09-25 13:24:50,2026-09-25,PAYMENT_DATE,QR_CODE,ONETIME,FULL_PAYMENT,1,products/car-insurance,chrg_694v76loreukuq46xz5,2026-09-25 13:24:50,SAP_ITEM_NOT_FOUND,MISSING_TERMINAL_SAP_EVIDENCE,0,,,0,0,,,RCB,1,ITEM_SUBMISSION_STATUS_SUBMITTED,0,1,d01a218a-e495-402d-a181-056757efb619,true,false,,,RCL newpayment membership applies only to Motor RCL; false for other flows is not a blocker.,2026-09-26 10:28:42,insurers/27,RCB_Motor_process_3_change|RCB_Motor_process_create,RCB_Motor_process_3_change|RCB_Motor_process_create,RCB_Motor_process_3_change|RCB_Motor_process_create,RCB_Motor_process_3_change|RCB_Motor_process_create,chrg_694v76loreukuq46xz5,EVENT_IDENTITY_PRESENT,NEW_ITEM_RECEIPT,,,,,OUTPUT_IDENTITY_PRESENT_DELIVERY_NOT_PROVEN,FIRST_APPLICABLE_OBSERVED_GROUP_NOT_EXHAUSTIVE,"[{""view"":""RCB_Motor_process_3_change"",""invoice_no"":""chrg_694v76loreukuq46xz5"",""flags"":[""SOURCE_NON_EDC_FORCED_TO_EDC_KBANK""],""actual_received"":""16781.0"",""channel"":""RCB-EDC-KBANK""}]",2,True,True,Identity+status only; no scheduling/import or accounting allocation assertion. Cancellation does not prove per-DocEntry multiplicity.
RECEIPT_LINK,MULTI_ITEM_ALLOCATION_NOT_RECONCILED,ITEM_APPROVAL_STATUS_PENDING,2026-09-26 16:06:06,2026-10-01,2026-09-01,Motor,,,,"[""chrg_694uly63um11599cc05""]",1,OBSERVED_DATA_STATE,14409.72,b67a2c73-9bd0-45e3-ba8a-068570e91e73,2026-09-25 12:22:05,,1,,CURRENT_MONTH,PAID,RCB,1,false,false,false,469731ce-faec-4d5d-8599-b4c42ffb7c12,LEAD_STATUS_PURCHASED,,,0,,MOTOR_TYPE_COMPULSORY,true,L78900473,L78900473-M1,2,2026-09-25 12:22:04,2026-09-25,PAYMENT_DATE,ONLINECARD,ONETIME,FULL_PAYMENT,1,products/car-insurance,chrg_694uly63um11599cc05,2026-09-25 12:22:04,SAP_ITEM_NOT_FOUND,MISSING_TERMINAL_SAP_EVIDENCE,0,,,0,0,,,RCB,1,ITEM_SUBMISSION_STATUS_SUBMITTED,0,1,f65970ba-6acf-4a9c-aff0-2fd746f99dbd,true,false,,,RCL newpayment membership applies only to Motor RCL; false for other flows is not a blocker.,2026-09-26 14:54:41,insurers/7,RCB_Motor_process_3_change|RCB_Motor_process_create,RCB_Motor_process_3_change|RCB_Motor_process_create,RCB_Motor_process_3_change|RCB_Motor_process_create,RCB_Motor_process_3_change|RCB_Motor_process_create,chrg_694uly63um11599cc05,EVENT_IDENTITY_PRESENT,NEW_ITEM_RECEIPT,,,,,OUTPUT_IDENTITY_PRESENT_DELIVERY_NOT_PROVEN,FIRST_APPLICABLE_OBSERVED_GROUP_NOT_EXHAUSTIVE,"[{""view"":""RCB_Motor_process_3_change"",""invoice_no"":""chrg_694uly63um11599cc05"",""flags"":[""SOURCE_NON_EDC_FORCED_TO_EDC_KBANK""],""actual_received"":""645.21"",""channel"":""RCB-EDC-KBANK""}]",2,True,True,Identity+status only; no scheduling/import or accounting allocation assertion. Cancellation does not prove per-DocEntry multiplicity.
RECEIPT_LINK,MULTI_ITEM_ALLOCATION_NOT_RECONCILED,ITEM_APPROVAL_STATUS_PENDING,2026-09-26 16:06:06,2026-10-01,2026-09-01,Motor,,,,"[""chrg_694uly63um11599cc05""]",1,OBSERVED_DATA_STATE,14409.72,b67a2c73-9bd0-45e3-ba8a-068570e91e73,2026-09-25 12:22:05,,1,,CURRENT_MONTH,PAID,RCB,1,false,false,false,8f9c5b01-aaca-4356-a237-7e721d616067,LEAD_STATUS_PURCHASED,,,0,,MOTOR_TYPE_1,true,L78900473,L78900473-V1,2,2026-09-25 12:22:04,2026-09-25,PAYMENT_DATE,ONLINECARD,ONETIME,FULL_PAYMENT,1,products/car-insurance,chrg_694uly63um11599cc05,2026-09-25 12:22:04,SAP_ITEM_NOT_FOUND,MISSING_TERMINAL_SAP_EVIDENCE,0,,,0,0,,,RCB,1,ITEM_SUBMISSION_STATUS_SUBMITTED,0,1,f65970ba-6acf-4a9c-aff0-2fd746f99dbd,true,false,,,RCL newpayment membership applies only to Motor RCL; false for other flows is not a blocker.,2026-09-26 14:54:41,insurers/7,RCB_Motor_process_3_change|RCB_Motor_process_create,RCB_Motor_process_3_change|RCB_Motor_process_create,RCB_Motor_process_3_change|RCB_Motor_process_create,RCB_Motor_process_3_change|RCB_Motor_process_create,chrg_694uly63um11599cc05,EVENT_IDENTITY_PRESENT,NEW_ITEM_RECEIPT,,,,,OUTPUT_IDENTITY_PRESENT_DELIVERY_NOT_PROVEN,FIRST_APPLICABLE_OBSERVED_GROUP_NOT_EXHAUSTIVE,"[{""view"":""RCB_Motor_process_3_change"",""invoice_no"":""chrg_694uly63um11599cc05"",""flags"":[""SOURCE_NON_EDC_FORCED_TO_EDC_KBANK""],""actual_received"":""13764.51"",""channel"":""RCB-EDC-KBANK""}]",2,True,True,Identity+status only; no scheduling/import or accounting allocation assertion. Cancellation does not prove per-DocEntry multiplicity.
RECEIPT_LINK,SINGLE_ITEM_RAW_CHARGE_COMPARISON,ITEM_APPROVAL_STATUS_PENDING,2026-09-26 16:06:06,2026-10-01,2026-09-01,Motor,,,,"[""chrg_694os6ionwfa98ppvus"",""2_chrg_694os6ionwfa98ppvus""]",6,OBSERVED_DATA_STATE,1833.25,d53a9c68-8cfc-4f67-91ea-ae6eabd5eec4,2026-09-25 15:15:42,1833.25,0,,CURRENT_MONTH,PAID,RCL,1,false,false,false,aa34e758-c4a5-4000-bdc5-d7de81b2327b,LEAD_STATUS_PURCHASED,,,0,,MOTOR_TYPE_1,true,L78902241,L78902241-V1,1,2026-09-25 15:15:41,2026-09-25,PAYMENT_DATE,QR_CODE,INSTALLMENT,RABBIT_CARE_INSTALLMENT,1,products/car-insurance,chrg_694os6ionwfa98ppvus,2026-09-25 15:15:41,SAP_ITEM_NOT_FOUND,MISSING_TERMINAL_SAP_EVIDENCE,0,,,0,0,,,RABBIT_LENDING,6,ITEM_SUBMISSION_STATUS_SUBMITTED,0,1,aeb38737-a93d-4d52-a99e-3b8962b8b199,true,true,,,RCL newpayment membership applies only to Motor RCL; false for other flows is not a blocker.,2026-09-26 10:35:51,insurers/28,RCL_Motor_process_1_create|RCL_Motor_process_2_newpayment,RCL_Motor_process_1_create|RCL_Motor_process_2_newpayment,RCL_Motor_process_1_create|RCL_Motor_process_2_newpayment,RCL_Motor_process_1_create|RCL_Motor_process_2_newpayment,2_chrg_694os6ionwfa98ppvus,EVENT_IDENTITY_PRESENT,NEW_ITEM_RECEIPT,false,false,,,OUTPUT_IDENTITY_PRESENT_DELIVERY_NOT_PROVEN,FIRST_APPLICABLE_OBSERVED_GROUP_NOT_EXHAUSTIVE,[],2,True,False,Identity+status only; no scheduling/import or accounting allocation assertion. Cancellation does not prove per-DocEntry multiplicity.
RECEIPT_LINK,SINGLE_ITEM_RAW_CHARGE_COMPARISON,ITEM_APPROVAL_STATUS_PENDING,2026-09-26 16:06:06,2026-10-01,2026-09-01,Motor,,,,"[""chrg_6952zf7z4tpbva5o6wn""]",1,OBSERVED_DATA_STATE,17282.07,3539e4ea-f0da-4bda-90d2-46e04d8a996f,2026-09-26 02:39:27,17282.07,0,,CURRENT_MONTH,PAID,RCB,1,false,false,false,cc0dc7be-a21c-412a-bd8a-025c5cb98e11,LEAD_STATUS_PURCHASED,,,0,,MOTOR_TYPE_1,true,L78904759,L78904759-V1,1,2026-09-26 02:39:27,2026-09-26,PAYMENT_DATE,QR_CODE,ONETIME,FULL_PAYMENT,1,products/car-insurance,chrg_6952zf7z4tpbva5o6wn,2026-09-26 02:39:27,SAP_ITEM_NOT_FOUND,MISSING_TERMINAL_SAP_EVIDENCE,0,,,0,0,,,RCB,1,ITEM_SUBMISSION_STATUS_SUBMITTED,0,1,04457d29-97c3-48ef-a2f6-f12f019308ff,true,false,,,RCL newpayment membership applies only to Motor RCL; false for other flows is not a blocker.,2026-09-26 10:54:49,insurers/6,RCB_Motor_process_3_change|RCB_Motor_process_create,RCB_Motor_process_3_change|RCB_Motor_process_create,RCB_Motor_process_3_change|RCB_Motor_process_create,RCB_Motor_process_3_change|RCB_Motor_process_create,chrg_6952zf7z4tpbva5o6wn,EVENT_IDENTITY_PRESENT,NEW_ITEM_RECEIPT,,,,,OUTPUT_IDENTITY_PRESENT_DELIVERY_NOT_PROVEN,FIRST_APPLICABLE_OBSERVED_GROUP_NOT_EXHAUSTIVE,"[{""view"":""RCB_Motor_process_3_change"",""invoice_no"":""chrg_6952zf7z4tpbva5o6wn"",""flags"":[""SOURCE_NON_EDC_FORCED_TO_EDC_KBANK""],""actual_received"":""17282.07"",""channel"":""RCB-EDC-KBANK""}]",2,True,True,Identity+status only; no scheduling/import or accounting allocation assertion. Cancellation does not prove per-DocEntry multiplicity.
RECEIPT_LINK,MULTI_ITEM_ALLOCATION_NOT_RECONCILED,ITEM_APPROVAL_STATUS_PENDING,2026-09-26 16:06:06,2026-10-01,2026-09-01,Motor,,,,"[""chrg_6953q6jre0gpm539a1t"",""2_chrg_6953q6jre0gpm539a1t""]",6,OBSERVED_DATA_STATE,3195.21,4519e81e-1b87-4a65-9c89-be8730345edc,2026-09-26 03:58:08,,1,,CURRENT_MONTH,PAID,RCL,1,false,false,false,84812fdc-bb6f-4522-8202-13297d75beb9,LEAD_STATUS_PURCHASED,,,0,,MOTOR_TYPE_1,true,L78905979,L78905979-V1,2,2026-09-26 03:58:07,2026-09-26,PAYMENT_DATE,QR_CODE,INSTALLMENT,RABBIT_CARE_INSTALLMENT,1,products/car-insurance,chrg_6953q6jre0gpm539a1t,2026-09-26 03:58:07,SAP_ITEM_NOT_FOUND,MISSING_TERMINAL_SAP_EVIDENCE,0,,,0,0,,,RABBIT_LENDING,6,ITEM_SUBMISSION_STATUS_SUBMITTED,0,1,0c1c3777-8043-40f8-b5af-4d9e79f0c8d0,true,true,,,RCL newpayment membership applies only to Motor RCL; false for other flows is not a blocker.,2026-09-26 11:38:58,insurers/27,RCL_Motor_process_1_create|RCL_Motor_process_2_newpayment,RCL_Motor_process_1_create|RCL_Motor_process_2_newpayment,RCL_Motor_process_1_create|RCL_Motor_process_2_newpayment,RCL_Motor_process_1_create|RCL_Motor_process_2_newpayment,2_chrg_6953q6jre0gpm539a1t,EVENT_IDENTITY_PRESENT,NEW_ITEM_RECEIPT,false,false,,,OUTPUT_IDENTITY_PRESENT_DELIVERY_NOT_PROVEN,FIRST_APPLICABLE_OBSERVED_GROUP_NOT_EXHAUSTIVE,[],2,True,False,Identity+status only; no scheduling/import or accounting allocation assertion. Cancellation does not prove per-DocEntry multiplicity.
RECEIPT_LINK,SINGLE_ITEM_RAW_CHARGE_COMPARISON,ITEM_APPROVAL_STATUS_PENDING,2026-09-26 16:06:06,2026-10-01,2026-09-01,Motor,,,,"[""chrg_694tazoahtw88i210oe""]",1,OBSERVED_DATA_STATE,1899.25,7866f865-f49a-4319-9504-6e7d88807734,2026-09-25 11:49:55,1899.25,0,,CURRENT_MONTH,PAID,RCB,1,false,false,false,c1c2278b-8cb9-4708-91dd-082e1dac2369,LEAD_STATUS_PURCHASED,,,0,,MOTOR_TYPE_3,true,L78909831,L78909831-V1,1,2026-09-25 11:49:55,2026-09-25,PAYMENT_DATE,QR_CODE,ONETIME,FULL_PAYMENT,1,products/car-insurance,chrg_694tazoahtw88i210oe,2026-09-25 11:49:55,SAP_ITEM_NOT_FOUND,MISSING_TERMINAL_SAP_EVIDENCE,0,,,0,0,,,RCB,1,ITEM_SUBMISSION_STATUS_SUBMITTED,0,1,258e9fb2-15a8-4ee8-828d-5e8f1682117c,true,false,,,RCL newpayment membership applies only to Motor RCL; false for other flows is not a blocker.,2026-09-26 09:24:42,insurers/17,RCB_Motor_process_3_change|RCB_Motor_process_create,RCB_Motor_process_3_change|RCB_Motor_process_create,RCB_Motor_process_3_change|RCB_Motor_process_create,RCB_Motor_process_3_change|RCB_Motor_process_create,chrg_694tazoahtw88i210oe,EVENT_IDENTITY_PRESENT,NEW_ITEM_RECEIPT,,,,,OUTPUT_IDENTITY_PRESENT_DELIVERY_NOT_PROVEN,FIRST_APPLICABLE_OBSERVED_GROUP_NOT_EXHAUSTIVE,"[{""view"":""RCB_Motor_process_3_change"",""invoice_no"":""chrg_694tazoahtw88i210oe"",""flags"":[""SOURCE_NON_EDC_FORCED_TO_EDC_KBANK""],""actual_received"":""1899.25"",""channel"":""RCB-EDC-KBANK""}]",2,True,True,Identity+status only; no scheduling/import or accounting allocation assertion. Cancellation does not prove per-DocEntry multiplicity.
RECEIPT_LINK,MULTI_ITEM_ALLOCATION_NOT_RECONCILED,ITEM_APPROVAL_STATUS_PENDING,2026-09-26 16:06:06,2026-10-01,2026-09-01,Motor,,,,"[""chrg_694qc0hh3nnm5erp8we""]",1,OBSERVED_DATA_STATE,8145.91,00a6f5dd-28cf-4a51-9f3c-41f804ea2fcd,2026-09-25 05:04:51,,1,,CURRENT_MONTH,PAID,RCB,1,false,false,false,d26c6b3a-824b-447c-8a56-d422623dbe10,LEAD_STATUS_PURCHASED,,,0,,MOTOR_TYPE_COMPULSORY,true,L78912467,L78912467-M1,2,2026-09-25 05:04:50,2026-09-25,PAYMENT_DATE,QR_CODE,ONETIME,FULL_PAYMENT,1,products/car-insurance,chrg_694qc0hh3nnm5erp8we,2026-09-25 05:04:50,SAP_ITEM_NOT_FOUND,MISSING_TERMINAL_SAP_EVIDENCE,0,,,0,0,,,RCB,1,ITEM_SUBMISSION_STATUS_SUBMITTED,0,1,ac6ce73e-6736-4850-b858-38c1737f45fe,true,false,,,RCL newpayment membership applies only to Motor RCL; false for other flows is not a blocker.,2026-09-26 08:56:40,insurers/25,RCB_Motor_process_3_change|RCB_Motor_process_create,RCB_Motor_process_3_change|RCB_Motor_process_create,RCB_Motor_process_3_change|RCB_Motor_process_create,RCB_Motor_process_3_change|RCB_Motor_process_create,chrg_694qc0hh3nnm5erp8we,EVENT_IDENTITY_PRESENT,NEW_ITEM_RECEIPT,,,,,OUTPUT_IDENTITY_PRESENT_DELIVERY_NOT_PROVEN,FIRST_APPLICABLE_OBSERVED_GROUP_NOT_EXHAUSTIVE,"[{""view"":""RCB_Motor_process_3_change"",""invoice_no"":""chrg_694qc0hh3nnm5erp8we"",""flags"":[""SOURCE_NON_EDC_FORCED_TO_EDC_KBANK""],""actual_received"":""645.21"",""channel"":""RCB-EDC-KBANK""}]",2,True,True,Identity+status only; no scheduling/import or accounting allocation assertion. Cancellation does not prove per-DocEntry multiplicity.
RECEIPT_LINK,MULTI_ITEM_ALLOCATION_NOT_RECONCILED,ITEM_APPROVAL_STATUS_PENDING,2026-09-26 16:06:06,2026-10-01,2026-09-01,Motor,,,,"[""chrg_694qc0hh3nnm5erp8we""]",1,OBSERVED_DATA_STATE,8145.91,00a6f5dd-28cf-4a51-9f3c-41f804ea2fcd,2026-09-25 05:04:51,,1,,CURRENT_MONTH,PAID,RCB,1,false,false,false,58f806d5-df94-4f87-a81d-accaa7e05209,LEAD_STATUS_PURCHASED,,,0,,MOTOR_TYPE_1,true,L78912467,L78912467-V1,2,2026-09-25 05:04:50,2026-09-25,PAYMENT_DATE,QR_CODE,ONETIME,FULL_PAYMENT,1,products/car-insurance,chrg_694qc0hh3nnm5erp8we,2026-09-25 05:04:50,SAP_ITEM_NOT_FOUND,MISSING_TERMINAL_SAP_EVIDENCE,0,,,0,0,,,RCB,1,ITEM_SUBMISSION_STATUS_SUBMITTED,0,1,ac6ce73e-6736-4850-b858-38c1737f45fe,true,false,,,RCL newpayment membership applies only to Motor RCL; false for other flows is not a blocker.,2026-09-26 08:56:40,insurers/25,RCB_Motor_process_3_change|RCB_Motor_process_create,RCB_Motor_process_3_change|RCB_Motor_process_create,RCB_Motor_process_3_change|RCB_Motor_process_create,RCB_Motor_process_3_change|RCB_Motor_process_create,chrg_694qc0hh3nnm5erp8we,EVENT_IDENTITY_PRESENT,NEW_ITEM_RECEIPT,,,,,OUTPUT_IDENTITY_PRESENT_DELIVERY_NOT_PROVEN,FIRST_APPLICABLE_OBSERVED_GROUP_NOT_EXHAUSTIVE,"[{""view"":""RCB_Motor_process_3_change"",""invoice_no"":""chrg_694qc0hh3nnm5erp8we"",""flags"":[""SOURCE_NON_EDC_FORCED_TO_EDC_KBANK""],""actual_received"":""7500.7"",""channel"":""RCB-EDC-KBANK""}]",2,True,True,Identity+status only; no scheduling/import or accounting allocation assertion. Cancellation does not prove per-DocEntry multiplicity.
RECEIPT_LINK,SINGLE_ITEM_RAW_CHARGE_COMPARISON,ITEM_APPROVAL_STATUS_PENDING,2026-09-26 16:06:06,2026-10-01,2026-09-01,Motor,,,,"[""chrg_694r6okwct5kcrp248v""]",1,OBSERVED_DATA_STATE,11790.54,4e04bc33-b243-4a11-ab11-74b1d6f60703,2026-09-25 06:34:56,11790.54,0,,CURRENT_MONTH,PAID,RCB,1,false,false,false,e709013f-9a55-4752-b348-2ac359c0d564,LEAD_STATUS_PURCHASED,,,0,,MOTOR_TYPE_1,true,L78912649,L78912649-V1,1,2026-09-25 06:34:55,2026-09-25,PAYMENT_DATE,QR_CODE,ONETIME,FULL_PAYMENT,1,products/car-insurance,chrg_694r6okwct5kcrp248v,2026-09-25 06:34:55,SAP_ITEM_NOT_FOUND,MISSING_TERMINAL_SAP_EVIDENCE,0,,,0,0,,,RCB,1,ITEM_SUBMISSION_STATUS_SUBMITTED,0,1,b898d563-2bc9-4691-950e-030077d811f3,true,false,,,RCL newpayment membership applies only to Motor RCL; false for other flows is not a blocker.,2026-09-26 08:14:16,insurers/31,RCB_Motor_process_3_change|RCB_Motor_process_create,RCB_Motor_process_3_change|RCB_Motor_process_create,RCB_Motor_process_3_change|RCB_Motor_process_create,RCB_Motor_process_3_change|RCB_Motor_process_create,chrg_694r6okwct5kcrp248v,EVENT_IDENTITY_PRESENT,NEW_ITEM_RECEIPT,,,,,OUTPUT_IDENTITY_PRESENT_DELIVERY_NOT_PROVEN,FIRST_APPLICABLE_OBSERVED_GROUP_NOT_EXHAUSTIVE,"[{""view"":""RCB_Motor_process_3_change"",""invoice_no"":""chrg_694r6okwct5kcrp248v"",""flags"":[""SOURCE_NON_EDC_FORCED_TO_EDC_KBANK""],""actual_received"":""11790.54"",""channel"":""RCB-EDC-KBANK""}]",2,True,True,Identity+status only; no scheduling/import or accounting allocation assertion. Cancellation does not prove per-DocEntry multiplicity.
RECEIPT_LINK,MULTI_ITEM_ALLOCATION_NOT_RECONCILED,ITEM_APPROVAL_STATUS_PENDING,2026-09-26 16:06:06,2026-10-01,2026-09-01,Motor,,,,"[""chrg_694q0jer8b0vsm4zftr"",""2_chrg_694q0jer8b0vsm4zftr""]",8,OBSERVED_DATA_STATE,2265.44,5c13fce4-e19e-4394-9a57-c191bd1355c7,2026-09-25 04:33:42,,1,,CURRENT_MONTH,PAID,RCL,1,false,false,false,a5552b22-88dc-419f-a098-baaf1b85694e,LEAD_STATUS_PURCHASED,,,0,,MOTOR_TYPE_1,true,L78922233,L78922233-V1,2,2026-09-25 04:33:41,2026-09-25,PAYMENT_DATE,QR_CODE,INSTALLMENT,RABBIT_CARE_INSTALLMENT,1,products/car-insurance,chrg_694q0jer8b0vsm4zftr,2026-09-25 04:33:41,SAP_ITEM_NOT_FOUND,MISSING_TERMINAL_SAP_EVIDENCE,0,,,0,0,,,RABBIT_LENDING,8,ITEM_SUBMISSION_STATUS_SUBMITTED,0,1,bb827de9-af25-4915-9b49-6c0fdbfb0802,true,true,,,RCL newpayment membership applies only to Motor RCL; false for other flows is not a blocker.,2026-09-26 10:46:54,insurers/28,RCL_Motor_process_1_create|RCL_Motor_process_2_newpayment,RCL_Motor_process_1_create|RCL_Motor_process_2_newpayment,RCL_Motor_process_1_create|RCL_Motor_process_2_newpayment,RCL_Motor_process_1_create|RCL_Motor_process_2_newpayment,2_chrg_694q0jer8b0vsm4zftr,EVENT_IDENTITY_PRESENT,NEW_ITEM_RECEIPT,false,false,,,OUTPUT_IDENTITY_PRESENT_DELIVERY_NOT_PROVEN,FIRST_APPLICABLE_OBSERVED_GROUP_NOT_EXHAUSTIVE,[],2,True,False,Identity+status only; no scheduling/import or accounting allocation assertion. Cancellation does not prove per-DocEntry multiplicity.
RECEIPT_LINK,MULTI_ITEM_ALLOCATION_NOT_RECONCILED,ITEM_APPROVAL_STATUS_POLICY_UPLOADED,2026-09-26 16:06:06,2026-10-01,2026-09-01,Motor,,,,"[""chrg_69535ssknq58hdhsbdc""]",1,OBSERVED_DATA_STATE,11387.8,d163e0cc-a07b-4284-87e1-304792524555,2026-09-26 03:25:06,,1,,CURRENT_MONTH,PAID,RCB,1,false,false,false,b8579b41-ea5b-467b-83c7-ab1b4fc2632a,LEAD_STATUS_PURCHASED,,,0,,MOTOR_TYPE_COMPULSORY,true,L78922651,L78922651-M1,2,2026-09-26 03:25:05,2026-09-26,PAYMENT_DATE,QR_CODE,ONETIME,FULL_PAYMENT,1,products/car-insurance,chrg_69535ssknq58hdhsbdc,2026-09-26 03:25:05,SAP_ITEM_NOT_FOUND,MISSING_TERMINAL_SAP_EVIDENCE,0,,,0,0,,,RCB,1,ITEM_SUBMISSION_STATUS_SUBMITTED,0,1,63901711-bcbb-4aae-8e29-b5bb4edba787,true,false,,,RCL newpayment membership applies only to Motor RCL; false for other flows is not a blocker.,2026-09-26 10:29:31,insurers/28,RCB_Motor_process_3_change|RCB_Motor_process_create,RCB_Motor_process_3_change|RCB_Motor_process_create,RCB_Motor_process_3_change|RCB_Motor_process_create,RCB_Motor_process_3_change|RCB_Motor_process_create,chrg_69535ssknq58hdhsbdc,EVENT_IDENTITY_PRESENT,NEW_ITEM_RECEIPT,,,,,OUTPUT_IDENTITY_PRESENT_DELIVERY_NOT_PROVEN,FIRST_APPLICABLE_OBSERVED_GROUP_NOT_EXHAUSTIVE,"[{""view"":""RCB_Motor_process_3_change"",""invoice_no"":""chrg_69535ssknq58hdhsbdc"",""flags"":[""SOURCE_NON_EDC_FORCED_TO_EDC_KBANK""],""actual_received"":""967.28"",""channel"":""RCB-EDC-KBANK""}]",2,True,True,Identity+status only; no scheduling/import or accounting allocation assertion. Cancellation does not prove per-DocEntry multiplicity.
RECEIPT_LINK,MULTI_ITEM_ALLOCATION_NOT_RECONCILED,ITEM_APPROVAL_STATUS_PENDING,2026-09-26 16:06:06,2026-10-01,2026-09-01,Motor,,,,"[""chrg_69535ssknq58hdhsbdc""]",1,OBSERVED_DATA_STATE,11387.8,d163e0cc-a07b-4284-87e1-304792524555,2026-09-26 03:25:06,,1,,CURRENT_MONTH,PAID,RCB,1,false,false,false,b7fb9536-2df4-4739-952e-e912720e4131,LEAD_STATUS_PURCHASED,,,0,,MOTOR_TYPE_1,true,L78922651,L78922651-V1,2,2026-09-26 03:25:05,2026-09-26,PAYMENT_DATE,QR_CODE,ONETIME,FULL_PAYMENT,1,products/car-insurance,chrg_69535ssknq58hdhsbdc,2026-09-26 03:25:05,SAP_ITEM_NOT_FOUND,MISSING_TERMINAL_SAP_EVIDENCE,0,,,0,0,,,RCB,1,ITEM_SUBMISSION_STATUS_SUBMITTED,0,1,63901711-bcbb-4aae-8e29-b5bb4edba787,true,false,,,RCL newpayment membership applies only to Motor RCL; false for other flows is not a blocker.,2026-09-26 10:29:31,insurers/28,RCB_Motor_process_3_change|RCB_Motor_process_create,RCB_Motor_process_3_change|RCB_Motor_process_create,RCB_Motor_process_3_change|RCB_Motor_process_create,RCB_Motor_process_3_change|RCB_Motor_process_create,chrg_69535ssknq58hdhsbdc,EVENT_IDENTITY_PRESENT,NEW_ITEM_RECEIPT,,,,,OUTPUT_IDENTITY_PRESENT_DELIVERY_NOT_PROVEN,FIRST_APPLICABLE_OBSERVED_GROUP_NOT_EXHAUSTIVE,"[{""view"":""RCB_Motor_process_3_change"",""invoice_no"":""chrg_69535ssknq58hdhsbdc"",""flags"":[""SOURCE_NON_EDC_FORCED_TO_EDC_KBANK""],""actual_received"":""10420.52"",""channel"":""RCB-EDC-KBANK""}]",2,True,True,Identity+status only; no scheduling/import or accounting allocation assertion. Cancellation does not prove per-DocEntry multiplicity.
RECEIPT_LINK,SINGLE_ITEM_RAW_CHARGE_COMPARISON,ITEM_APPROVAL_STATUS_PENDING,2026-09-26 16:06:06,2026-10-01,2026-09-01,Motor,,,,"[""chrg_694ecxuzux15z6ok745""]",1,OBSERVED_DATA_STATE,6900.0,4a2d885c-f81f-410c-a3cc-c99f44418210,2026-09-24 13:11:35,6900.0,0,,CURRENT_MONTH,PAID,RCB,1,false,false,false,66bbdecf-1488-4a3c-b61d-7145a69bccbf,LEAD_STATUS_PURCHASED,,,0,,MOTOR_TYPE_2_PLUS,true,L78923114,L78923114-V1,1,2026-09-24 13:11:34,2026-09-24,PAYMENT_DATE,QR_CODE,ONETIME,FULL_PAYMENT,1,products/car-insurance,chrg_694ecxuzux15z6ok745,2026-09-24 13:11:34,SAP_ITEM_NOT_FOUND,MISSING_TERMINAL_SAP_EVIDENCE,0,,,0,0,,,RCB,1,ITEM_SUBMISSION_STATUS_SUBMITTED,0,1,f81f14e5-9b47-49a1-85aa-57e4ccffb146,true,false,,,RCL newpayment membership applies only to Motor RCL; false for other flows is not a blocker.,2026-09-26 08:47:03,insurers/25,RCB_Motor_process_3_change|RCB_Motor_process_create,RCB_Motor_process_3_change|RCB_Motor_process_create,RCB_Motor_process_3_change|RCB_Motor_process_create,RCB_Motor_process_3_change|RCB_Motor_process_create,chrg_694ecxuzux15z6ok745,EVENT_IDENTITY_PRESENT,NEW_ITEM_RECEIPT,,,,,OUTPUT_IDENTITY_PRESENT_DELIVERY_NOT_PROVEN,FIRST_APPLICABLE_OBSERVED_GROUP_NOT_EXHAUSTIVE,"[{""view"":""RCB_Motor_process_3_change"",""invoice_no"":""chrg_694ecxuzux15z6ok745"",""flags"":[""SOURCE_NON_EDC_FORCED_TO_EDC_KBANK""],""actual_received"":""6900.0"",""channel"":""RCB-EDC-KBANK""}]",2,True,True,Identity+status only; no scheduling/import or accounting allocation assertion. Cancellation does not prove per-DocEntry multiplicity.
RECEIPT_LINK,SINGLE_ITEM_RAW_CHARGE_COMPARISON,ITEM_APPROVAL_STATUS_PENDING,2026-09-26 16:06:06,2026-10-01,2026-09-01,Motor,,,,"[""chrg_6955qdymsglv836i9b7""]",1,OBSERVED_DATA_STATE,7144.71,a1b14b3e-6d0a-4023-96a4-daf1eab68103,2026-09-26 07:19:53,7144.71,0,,CURRENT_MONTH,PAID,RCB,1,false,false,false,9a9fd9b6-0eb9-4438-966f-60225e2ca3aa,LEAD_STATUS_PURCHASED,,,0,,MOTOR_TYPE_2_PLUS,true,L78932014,L78932014-V1,1,2026-09-26 07:19:51,2026-09-26,PAYMENT_DATE,ONLINECARD,ONETIME,FULL_PAYMENT,1,products/car-insurance,chrg_6955qdymsglv836i9b7,2026-09-26 07:19:51,SAP_ITEM_NOT_FOUND,MISSING_TERMINAL_SAP_EVIDENCE,0,,,0,0,,,RCB,1,ITEM_SUBMISSION_STATUS_SUBMITTED,0,1,f817b7e0-44d6-4d2c-9b7f-72721dda8f38,true,false,,,RCL newpayment membership applies only to Motor RCL; false for other flows is not a blocker.,2026-09-26 14:38:21,insurers/7,RCB_Motor_process_3_change|RCB_Motor_process_create,RCB_Motor_process_3_change|RCB_Motor_process_create,RCB_Motor_process_3_change|RCB_Motor_process_create,RCB_Motor_process_3_change|RCB_Motor_process_create,chrg_6955qdymsglv836i9b7,EVENT_IDENTITY_PRESENT,NEW_ITEM_RECEIPT,,,,,OUTPUT_IDENTITY_PRESENT_DELIVERY_NOT_PROVEN,FIRST_APPLICABLE_OBSERVED_GROUP_NOT_EXHAUSTIVE,"[{""view"":""RCB_Motor_process_3_change"",""invoice_no"":""chrg_6955qdymsglv836i9b7"",""flags"":[""SOURCE_NON_EDC_FORCED_TO_EDC_KBANK""],""actual_received"":""7144.71"",""channel"":""RCB-EDC-KBANK""}]",2,True,True,Identity+status only; no scheduling/import or accounting allocation assertion. Cancellation does not prove per-DocEntry multiplicity.
RECEIPT_LINK,SINGLE_ITEM_RAW_CHARGE_COMPARISON,ITEM_APPROVAL_STATUS_PENDING,2026-09-26 16:06:06,2026-10-01,2026-09-01,Motor,,,,"[""chrg_694ry8nja37d68enu6b"",""2_chrg_694ry8nja37d68enu6b""]",3,OBSERVED_DATA_STATE,1943.64,daf5ba4e-bae6-49ca-a83a-99df47d5a254,2026-09-25 10:26:40,1943.64,0,,CURRENT_MONTH,PAID,RCL,1,false,false,false,d87edd1c-7a75-495b-86f8-f372680fb27c,LEAD_STATUS_PURCHASED,,,0,,MOTOR_TYPE_2_PLUS,true,L78938886,L78938886-V1,1,2026-09-25 10:26:39,2026-09-25,PAYMENT_DATE,QR_CODE,INSTALLMENT,RABBIT_CARE_INSTALLMENT,1,products/car-insurance,chrg_694ry8nja37d68enu6b,2026-09-25 10:26:39,SAP_ITEM_NOT_FOUND,MISSING_TERMINAL_SAP_EVIDENCE,0,,,0,0,,,RABBIT_LENDING,3,ITEM_SUBMISSION_STATUS_SUBMITTED,0,1,d40e2950-043f-4d46-bf6c-d54e2789985c,true,true,,,RCL newpayment membership applies only to Motor RCL; false for other flows is not a blocker.,2026-09-26 11:36:03,insurers/28,RCL_Motor_process_1_create|RCL_Motor_process_2_newpayment,RCL_Motor_process_1_create|RCL_Motor_process_2_newpayment,RCL_Motor_process_1_create|RCL_Motor_process_2_newpayment,RCL_Motor_process_1_create|RCL_Motor_process_2_newpayment,2_chrg_694ry8nja37d68enu6b,EVENT_IDENTITY_PRESENT,NEW_ITEM_RECEIPT,false,false,,,OUTPUT_IDENTITY_PRESENT_DELIVERY_NOT_PROVEN,FIRST_APPLICABLE_OBSERVED_GROUP_NOT_EXHAUSTIVE,[],2,True,False,Identity+status only; no scheduling/import or accounting allocation assertion. Cancellation does not prove per-DocEntry multiplicity.
RECEIPT_LINK,SINGLE_ITEM_RAW_CHARGE_COMPARISON,ITEM_APPROVAL_STATUS_PENDING,2026-09-26 16:06:06,2026-10-01,2026-09-01,Motor,,,,"[""chrg_6955dfp2o7vsvw07b8r""]",1,OBSERVED_DATA_STATE,5355.35,e93966e4-5f7e-4c8b-bdc1-1adf69a8f30b,2026-09-26 06:49:17,5355.35,0,,CURRENT_MONTH,PAID,RCB,1,false,false,false,6dd50430-181d-437c-a12b-0dcbefc68e4d,LEAD_STATUS_PURCHASED,,,0,,MOTOR_TYPE_2_PLUS,true,L78941005,L78941005-V1,1,2026-09-26 06:49:16,2026-09-26,PAYMENT_DATE,QR_CODE,ONETIME,FULL_PAYMENT,1,products/car-insurance,chrg_6955dfp2o7vsvw07b8r,2026-09-26 06:49:16,SAP_ITEM_NOT_FOUND,MISSING_TERMINAL_SAP_EVIDENCE,0,,,0,0,,,RCB,1,ITEM_SUBMISSION_STATUS_PENDING,0,1,0b610a60-94f6-4467-bc19-3b45739d11bd,true,false,,,RCL newpayment membership applies only to Motor RCL; false for other flows is not a blocker.,2026-09-26 13:56:10,insurers/28,RCB_Motor_process_3_change|RCB_Motor_process_create,RCB_Motor_process_3_change|RCB_Motor_process_create,RCB_Motor_process_3_change|RCB_Motor_process_create,RCB_Motor_process_3_change|RCB_Motor_process_create,chrg_6955dfp2o7vsvw07b8r,EVENT_IDENTITY_PRESENT,NEW_ITEM_RECEIPT,,,,,OUTPUT_IDENTITY_PRESENT_DELIVERY_NOT_PROVEN,FIRST_APPLICABLE_OBSERVED_GROUP_NOT_EXHAUSTIVE,"[{""view"":""RCB_Motor_process_3_change"",""invoice_no"":""chrg_6955dfp2o7vsvw07b8r"",""flags"":[""SOURCE_NON_EDC_FORCED_TO_EDC_KBANK""],""actual_received"":""5355.35"",""channel"":""RCB-EDC-KBANK""}]",2,True,True,Identity+status only; no scheduling/import or accounting allocation assertion. Cancellation does not prove per-DocEntry multiplicity.
RECEIPT_LINK,MULTI_ITEM_ALLOCATION_NOT_RECONCILED,ITEM_APPROVAL_STATUS_PENDING,2026-09-26 16:06:06,2026-10-01,2026-09-01,Motor,,,,"[""chrg_6954emwwo4pylv966h9""]",10,OBSERVED_DATA_STATE,13146.02,f0a259eb-f86c-4d6b-b95d-1d3b3923bfbe,2026-09-26 05:06:39,,1,,CURRENT_MONTH,PAID,RCB,1,false,false,false,babeb145-6d59-48a9-920f-e951d7202e14,LEAD_STATUS_PURCHASED,,,0,,MOTOR_TYPE_COMPULSORY,true,L78949828,L78949828-M1,2,2026-09-26 05:06:38,2026-09-26,PAYMENT_DATE,ONLINECARD,BANK_INSTALLMENT,CREDIT_CARD_INSTALLMENT,1,products/car-insurance,chrg_6954emwwo4pylv966h9,2026-09-26 05:06:38,SAP_ITEM_NOT_FOUND,MISSING_TERMINAL_SAP_EVIDENCE,0,,,0,0,,,RCB,10,ITEM_SUBMISSION_STATUS_SUBMITTED,0,1,430d9fe8-ade9-44b3-b16f-6d15e5940523,false,false,,,RCL newpayment membership applies only to Motor RCL; false for other flows is not a blocker.,2026-09-26 12:25:21,insurers/6,RCB_Motor_process_3_change,RCB_Motor_process_3_change,RCB_Motor_process_3_change,RCB_Motor_process_3_change,chrg_6954emwwo4pylv966h9,EVENT_IDENTITY_PRESENT,NEW_ITEM_RECEIPT,,,,,OUTPUT_IDENTITY_PRESENT_DELIVERY_NOT_PROVEN,FIRST_APPLICABLE_OBSERVED_GROUP_NOT_EXHAUSTIVE,"[{""view"":""RCB_Motor_process_3_change"",""invoice_no"":""chrg_6954emwwo4pylv966h9"",""flags"":[""SOURCE_NON_EDC_FORCED_TO_EDC_KBANK""],""actual_received"":""645.21"",""channel"":""RCB-EDC-KBANK""}]",1,False,True,Identity+status only; no scheduling/import or accounting allocation assertion. Cancellation does not prove per-DocEntry multiplicity.
RECEIPT_LINK,MULTI_ITEM_ALLOCATION_NOT_RECONCILED,ITEM_APPROVAL_STATUS_PENDING,2026-09-26 16:06:06,2026-10-01,2026-09-01,Motor,,,,"[""chrg_6954emwwo4pylv966h9""]",10,OBSERVED_DATA_STATE,13146.02,f0a259eb-f86c-4d6b-b95d-1d3b3923bfbe,2026-09-26 05:06:39,,1,,CURRENT_MONTH,PAID,RCB,1,false,false,false,8090cda4-7336-409b-b09d-e909471d4cc2,LEAD_STATUS_PURCHASED,,,0,,MOTOR_TYPE_1,true,L78949828,L78949828-V1,2,2026-09-26 05:06:38,2026-09-26,PAYMENT_DATE,ONLINECARD,BANK_INSTALLMENT,CREDIT_CARD_INSTALLMENT,1,products/car-insurance,chrg_6954emwwo4pylv966h9,2026-09-26 05:06:38,SAP_ITEM_NOT_FOUND,MISSING_TERMINAL_SAP_EVIDENCE,0,,,0,0,,,RCB,10,ITEM_SUBMISSION_STATUS_SUBMITTED,0,1,430d9fe8-ade9-44b3-b16f-6d15e5940523,false,false,,,RCL newpayment membership applies only to Motor RCL; false for other flows is not a blocker.,2026-09-26 12:25:21,insurers/6,RCB_Motor_process_3_change,RCB_Motor_process_3_change,RCB_Motor_process_3_change,RCB_Motor_process_3_change,chrg_6954emwwo4pylv966h9,EVENT_IDENTITY_PRESENT,NEW_ITEM_RECEIPT,,,,,OUTPUT_IDENTITY_PRESENT_DELIVERY_NOT_PROVEN,FIRST_APPLICABLE_OBSERVED_GROUP_NOT_EXHAUSTIVE,"[{""view"":""RCB_Motor_process_3_change"",""invoice_no"":""chrg_6954emwwo4pylv966h9"",""flags"":[""SOURCE_NON_EDC_FORCED_TO_EDC_KBANK""],""actual_received"":""12500.81"",""channel"":""RCB-EDC-KBANK""}]",1,False,True,Identity+status only; no scheduling/import or accounting allocation assertion. Cancellation does not prove per-DocEntry multiplicity.
RECEIPT_LINK,SINGLE_ITEM_RAW_CHARGE_COMPARISON,ITEM_APPROVAL_STATUS_PENDING,2026-09-26 16:06:06,2026-10-01,2026-09-01,Motor,,,,"[""chrg_694pda1gk2s27diqvzj"",""2_chrg_694pda1gk2s27diqvzj""]",6,OBSERVED_DATA_STATE,2346.68,08cfcc03-ece2-4659-8f38-3132c48bd8f7,2026-09-25 11:29:16,2346.68,0,,CURRENT_MONTH,PAID,RCL,1,false,false,false,048cb958-f30e-4fa4-b22e-9b8b48e1c4dc,LEAD_STATUS_PURCHASED,,,0,,MOTOR_TYPE_1,true,L78950356,L78950356-V1,1,2026-09-25 11:29:15,2026-09-25,PAYMENT_DATE,QR_CODE,INSTALLMENT,RABBIT_CARE_INSTALLMENT,1,products/car-insurance,chrg_694pda1gk2s27diqvzj,2026-09-25 11:29:15,SAP_ITEM_NOT_FOUND,MISSING_TERMINAL_SAP_EVIDENCE,0,,,0,0,,,RABBIT_LENDING,6,ITEM_SUBMISSION_STATUS_PENDING,0,1,b8ebe0dc-91e3-4450-88a2-9f3c9c9da1df,true,true,,,RCL newpayment membership applies only to Motor RCL; false for other flows is not a blocker.,2026-09-26 12:35:05,insurers/28,RCL_Motor_process_1_create|RCL_Motor_process_2_newpayment,RCL_Motor_process_1_create|RCL_Motor_process_2_newpayment,RCL_Motor_process_1_create|RCL_Motor_process_2_newpayment,RCL_Motor_process_1_create|RCL_Motor_process_2_newpayment,2_chrg_694pda1gk2s27diqvzj,EVENT_IDENTITY_PRESENT,NEW_ITEM_RECEIPT,false,false,,,OUTPUT_IDENTITY_PRESENT_DELIVERY_NOT_PROVEN,FIRST_APPLICABLE_OBSERVED_GROUP_NOT_EXHAUSTIVE,[],2,True,False,Identity+status only; no scheduling/import or accounting allocation assertion. Cancellation does not prove per-DocEntry multiplicity.
RECEIPT_LINK,SINGLE_ITEM_RAW_CHARGE_COMPARISON,ITEM_APPROVAL_STATUS_PENDING,2026-09-26 16:06:06,2026-10-01,2026-09-01,Motor,,,,"[""chrg_694u2yhxaw78yqgnloy""]",1,OBSERVED_DATA_STATE,7831.29,6b89c810-cbeb-4b9f-ba10-9d52057fab09,2026-09-25 11:34:31,7831.29,0,,CURRENT_MONTH,PAID,RCB,1,false,false,false,a7243221-50a2-4e9a-86f5-ced0b0e62496,LEAD_STATUS_PURCHASED,,,0,,MOTOR_TYPE_2_PLUS,true,L78950943,L78950943-V1,1,2026-09-25 11:34:31,2026-09-25,PAYMENT_DATE,QR_CODE,ONETIME,FULL_PAYMENT,1,products/car-insurance,chrg_694u2yhxaw78yqgnloy,2026-09-25 11:34:31,SAP_ITEM_NOT_FOUND,MISSING_TERMINAL_SAP_EVIDENCE,0,,,0,0,,,RCB,1,ITEM_SUBMISSION_STATUS_SUBMITTED,0,1,6fe54173-3479-4a93-bb5e-93fdfdd0327c,true,false,,,RCL newpayment membership applies only to Motor RCL; false for other flows is not a blocker.,2026-09-26 09:30:00,insurers/17,RCB_Motor_process_3_change|RCB_Motor_process_create,RCB_Motor_process_3_change|RCB_Motor_process_create,RCB_Motor_process_3_change|RCB_Motor_process_create,RCB_Motor_process_3_change|RCB_Motor_process_create,chrg_694u2yhxaw78yqgnloy,EVENT_IDENTITY_PRESENT,NEW_ITEM_RECEIPT,,,,,OUTPUT_IDENTITY_PRESENT_DELIVERY_NOT_PROVEN,FIRST_APPLICABLE_OBSERVED_GROUP_NOT_EXHAUSTIVE,"[{""view"":""RCB_Motor_process_3_change"",""invoice_no"":""chrg_694u2yhxaw78yqgnloy"",""flags"":[""SOURCE_NON_EDC_FORCED_TO_EDC_KBANK""],""actual_received"":""7831.29"",""channel"":""RCB-EDC-KBANK""}]",2,True,True,Identity+status only; no scheduling/import or accounting allocation assertion. Cancellation does not prove per-DocEntry multiplicity.
RECEIPT_LINK,SINGLE_ITEM_RAW_CHARGE_COMPARISON,ITEM_APPROVAL_STATUS_PENDING,2026-09-26 16:06:06,2026-10-01,2026-09-01,Motor,,,,"[""chrg_694tmtn8yos0qwghr42""]",6,OBSERVED_DATA_STATE,11978.65,b83f4c97-dfef-49a0-9ca1-a31220f3c816,2026-09-25 10:49:58,11978.65,0,,CURRENT_MONTH,PAID,RCB,1,false,false,false,164be0a0-667b-4466-aad4-039d69f6fcb6,LEAD_STATUS_PURCHASED,,,0,,MOTOR_TYPE_1,true,L78951194,L78951194-V1,1,2026-09-25 10:49:58,2026-09-25,PAYMENT_DATE,ONLINECARD,BANK_INSTALLMENT,CREDIT_CARD_INSTALLMENT,1,products/car-insurance,chrg_694tmtn8yos0qwghr42,2026-09-25 10:49:58,SAP_ITEM_NOT_FOUND,MISSING_TERMINAL_SAP_EVIDENCE,0,,,0,0,,,RCB,6,ITEM_SUBMISSION_STATUS_SUBMITTED,0,1,cd635fc0-9016-4586-96eb-ce693cb40ec0,false,false,,,RCL newpayment membership applies only to Motor RCL; false for other flows is not a blocker.,2026-09-26 09:09:57,insurers/17,RCB_Motor_process_3_change,RCB_Motor_process_3_change,RCB_Motor_process_3_change,RCB_Motor_process_3_change,chrg_694tmtn8yos0qwghr42,EVENT_IDENTITY_PRESENT,NEW_ITEM_RECEIPT,,,,,OUTPUT_IDENTITY_PRESENT_DELIVERY_NOT_PROVEN,FIRST_APPLICABLE_OBSERVED_GROUP_NOT_EXHAUSTIVE,"[{""view"":""RCB_Motor_process_3_change"",""invoice_no"":""chrg_694tmtn8yos0qwghr42"",""flags"":[""SOURCE_NON_EDC_FORCED_TO_EDC_KBANK""],""actual_received"":""11978.65"",""channel"":""RCB-EDC-KBANK""}]",1,False,True,Identity+status only; no scheduling/import or accounting allocation assertion. Cancellation does not prove per-DocEntry multiplicity.
RECEIPT_LINK,SINGLE_ITEM_RAW_CHARGE_COMPARISON,ITEM_APPROVAL_STATUS_PENDING,2026-09-26 16:06:06,2026-10-01,2026-09-01,Motor,,,,"[""chrg_6953bhtna93nshboqb2"",""2_chrg_6953bhtna93nshboqb2""]",6,OBSERVED_DATA_STATE,1112.63,587e1fb5-f4f7-4353-99b1-3c191280244c,2026-09-26 03:55:50,1112.63,0,,CURRENT_MONTH,PAID,RCL,1,false,false,false,47cddd2a-e752-4d17-ba0e-ed84c9dab1e5,LEAD_STATUS_PURCHASED,,,0,,MOTOR_TYPE_2_PLUS,true,L78952478,L78952478-V1,1,2026-09-26 03:55:50,2026-09-26,PAYMENT_DATE,QR_CODE,INSTALLMENT,RABBIT_CARE_INSTALLMENT,1,products/car-insurance,chrg_6953bhtna93nshboqb2,2026-09-26 03:55:50,SAP_ITEM_NOT_FOUND,MISSING_TERMINAL_SAP_EVIDENCE,0,,,0,0,,,RABBIT_LENDING,6,ITEM_SUBMISSION_STATUS_SUBMITTED,0,1,9824e2af-332e-4f6d-a169-62355f00e357,true,true,,,RCL newpayment membership applies only to Motor RCL; false for other flows is not a blocker.,2026-09-26 11:02:38,insurers/28,RCL_Motor_process_1_create|RCL_Motor_process_2_newpayment,RCL_Motor_process_1_create|RCL_Motor_process_2_newpayment,RCL_Motor_process_1_create|RCL_Motor_process_2_newpayment,RCL_Motor_process_1_create|RCL_Motor_process_2_newpayment,2_chrg_6953bhtna93nshboqb2,EVENT_IDENTITY_PRESENT,NEW_ITEM_RECEIPT,false,false,,,OUTPUT_IDENTITY_PRESENT_DELIVERY_NOT_PROVEN,FIRST_APPLICABLE_OBSERVED_GROUP_NOT_EXHAUSTIVE,[],2,True,False,Identity+status only; no scheduling/import or accounting allocation assertion. Cancellation does not prove per-DocEntry multiplicity.
RECEIPT_LINK,SINGLE_ITEM_RAW_CHARGE_COMPARISON,ITEM_APPROVAL_STATUS_PENDING,2026-09-26 16:06:06,2026-10-01,2026-09-01,Motor,,,,"[""chrg_694s71gojukvvm2ryha""]",1,OBSERVED_DATA_STATE,20142.28,774b4e13-7dc3-4080-bbd2-7777ac08db8f,2026-09-25 08:19:30,20142.28,0,,CURRENT_MONTH,PAID,RCB,1,false,false,false,e9c3c155-1830-446c-ac4c-c58809fb1806,LEAD_STATUS_PURCHASED,,,0,,MOTOR_TYPE_1,true,L78957082,L78957082-V1,1,2026-09-25 08:19:28,2026-09-25,PAYMENT_DATE,QR_CODE,ONETIME,FULL_PAYMENT,1,products/car-insurance,chrg_694s71gojukvvm2ryha,2026-09-25 08:19:28,SAP_ITEM_NOT_FOUND,MISSING_TERMINAL_SAP_EVIDENCE,0,,,0,0,,,RCB,1,ITEM_SUBMISSION_STATUS_SUBMITTED,0,1,a3201def-4a51-457f-9de2-34764523b5d2,true,false,,,RCL newpayment membership applies only to Motor RCL; false for other flows is not a blocker.,2026-09-26 11:06:37,insurers/27,RCB_Motor_process_3_change|RCB_Motor_process_create,RCB_Motor_process_3_change|RCB_Motor_process_create,RCB_Motor_process_3_change|RCB_Motor_process_create,RCB_Motor_process_3_change|RCB_Motor_process_create,chrg_694s71gojukvvm2ryha,EVENT_IDENTITY_PRESENT,NEW_ITEM_RECEIPT,,,,,OUTPUT_IDENTITY_PRESENT_DELIVERY_NOT_PROVEN,FIRST_APPLICABLE_OBSERVED_GROUP_NOT_EXHAUSTIVE,"[{""view"":""RCB_Motor_process_3_change"",""invoice_no"":""chrg_694s71gojukvvm2ryha"",""flags"":[""SOURCE_NON_EDC_FORCED_TO_EDC_KBANK""],""actual_received"":""20142.28"",""channel"":""RCB-EDC-KBANK""}]",2,True,True,Identity+status only; no scheduling/import or accounting allocation assertion. Cancellation does not prove per-DocEntry multiplicity.
RECEIPT_LINK,SINGLE_ITEM_RAW_CHARGE_COMPARISON,ITEM_APPROVAL_STATUS_PENDING,2026-09-26 16:06:06,2026-10-01,2026-09-01,Motor,,,,"[""chrg_6956evjp818f9a7vkfz""]",1,OBSERVED_DATA_STATE,12121.9,e5cd2085-be3a-491e-86cb-d303d0d586ed,2026-09-26 08:50:26,12121.9,0,,CURRENT_MONTH,PAID,RCB,1,false,false,false,d80fa7b8-3655-46c1-9068-e2d336bc11ac,LEAD_STATUS_PURCHASED,,,0,,MOTOR_TYPE_1,true,L78970225,L78970225-V1,1,2026-09-26 08:50:26,2026-09-26,PAYMENT_DATE,QR_CODE,ONETIME,FULL_PAYMENT,1,products/car-insurance,chrg_6956evjp818f9a7vkfz,2026-09-26 08:50:26,SAP_ITEM_NOT_FOUND,MISSING_TERMINAL_SAP_EVIDENCE,0,,,0,0,,,RCB,1,ITEM_SUBMISSION_STATUS_SUBMITTED,0,1,58b35087-5049-4680-a833-f2defd16ecc2,true,false,,,RCL newpayment membership applies only to Motor RCL; false for other flows is not a blocker.,2026-09-26 16:27:54,insurers/11,RCB_Motor_process_3_change|RCB_Motor_process_create,RCB_Motor_process_3_change|RCB_Motor_process_create,RCB_Motor_process_3_change|RCB_Motor_process_create,RCB_Motor_process_3_change|RCB_Motor_process_create,chrg_6956evjp818f9a7vkfz,EVENT_IDENTITY_PRESENT,NEW_ITEM_RECEIPT,,,,,OUTPUT_IDENTITY_PRESENT_DELIVERY_NOT_PROVEN,FIRST_APPLICABLE_OBSERVED_GROUP_NOT_EXHAUSTIVE,"[{""view"":""RCB_Motor_process_3_change"",""invoice_no"":""chrg_6956evjp818f9a7vkfz"",""flags"":[""SOURCE_NON_EDC_FORCED_TO_EDC_KBANK""],""actual_received"":""12121.9"",""channel"":""RCB-EDC-KBANK""}]",2,True,True,Identity+status only; no scheduling/import or accounting allocation assertion. Cancellation does not prove per-DocEntry multiplicity.
RECEIPT_LINK,SINGLE_ITEM_RAW_CHARGE_COMPARISON,ITEM_APPROVAL_STATUS_PENDING,2026-09-26 16:06:06,2026-10-01,2026-09-01,Motor,,,,"[""chrg_69548qltk3n6aai04kz"",""2_chrg_69548qltk3n6aai04kz""]",6,OBSERVED_DATA_STATE,2280.9,351bb63c-d387-4696-aed9-9ad80fabb334,2026-09-26 04:47:54,2280.9,0,,CURRENT_MONTH,PAID,RCL,1,false,false,false,fb63e35f-6cc1-430f-9a0f-1b4ca5f9feaa,LEAD_STATUS_PURCHASED,,,0,,MOTOR_TYPE_1,true,L78970986,L78970986-V1,1,2026-09-26 04:47:53,2026-09-26,PAYMENT_DATE,QR_CODE,INSTALLMENT,RABBIT_CARE_INSTALLMENT,1,products/car-insurance,chrg_69548qltk3n6aai04kz,2026-09-26 04:47:53,SAP_ITEM_NOT_FOUND,MISSING_TERMINAL_SAP_EVIDENCE,0,,,0,0,,,RABBIT_LENDING,6,ITEM_SUBMISSION_STATUS_SUBMITTED,0,1,743d1d4a-f99f-462f-ad61-e43992c07bef,true,true,,,RCL newpayment membership applies only to Motor RCL; false for other flows is not a blocker.,2026-09-26 12:14:30,insurers/28,RCL_Motor_process_1_create|RCL_Motor_process_2_newpayment,RCL_Motor_process_1_create|RCL_Motor_process_2_newpayment,RCL_Motor_process_1_create|RCL_Motor_process_2_newpayment,RCL_Motor_process_1_create|RCL_Motor_process_2_newpayment,2_chrg_69548qltk3n6aai04kz,EVENT_IDENTITY_PRESENT,NEW_ITEM_RECEIPT,false,false,,,OUTPUT_IDENTITY_PRESENT_DELIVERY_NOT_PROVEN,FIRST_APPLICABLE_OBSERVED_GROUP_NOT_EXHAUSTIVE,[],2,True,False,Identity+status only; no scheduling/import or accounting allocation assertion. Cancellation does not prove per-DocEntry multiplicity.
RECEIPT_LINK,SINGLE_ITEM_RAW_CHARGE_COMPARISON,ITEM_APPROVAL_STATUS_PENDING,2026-09-26 16:06:06,2026-10-01,2026-09-01,Motor,,,,"[""chrg_69550akfp6ek7rc21fu""]",1,OBSERVED_DATA_STATE,49680.01,0d19b73c-a418-4ad8-8bc3-35a3eb3da212,2026-09-26 06:06:56,49680.01,0,,CURRENT_MONTH,PAID,RCB,1,false,false,false,e54fab97-0136-4f57-8b74-50342a2c94d3,LEAD_STATUS_PURCHASED,,,0,,MOTOR_TYPE_1,true,L78974647,L78974647-V1,1,2026-09-26 06:06:56,2026-09-26,PAYMENT_DATE,QR_CODE,ONETIME,FULL_PAYMENT,1,products/car-insurance,chrg_69550akfp6ek7rc21fu,2026-09-26 06:06:56,SAP_ITEM_NOT_FOUND,MISSING_TERMINAL_SAP_EVIDENCE,0,,,0,0,,,RCB,1,ITEM_SUBMISSION_STATUS_PENDING,0,1,70551add-885e-4e82-a394-a38dccff120b,true,false,,,RCL newpayment membership applies only to Motor RCL; false for other flows is not a blocker.,2026-09-26 13:21:56,insurers/27,RCB_Motor_process_3_change|RCB_Motor_process_create,RCB_Motor_process_3_change|RCB_Motor_process_create,RCB_Motor_process_3_change|RCB_Motor_process_create,RCB_Motor_process_3_change|RCB_Motor_process_create,chrg_69550akfp6ek7rc21fu,EVENT_IDENTITY_PRESENT,NEW_ITEM_RECEIPT,,,,,OUTPUT_IDENTITY_PRESENT_DELIVERY_NOT_PROVEN,FIRST_APPLICABLE_OBSERVED_GROUP_NOT_EXHAUSTIVE,"[{""view"":""RCB_Motor_process_3_change"",""invoice_no"":""chrg_69550akfp6ek7rc21fu"",""flags"":[""SOURCE_NON_EDC_FORCED_TO_EDC_KBANK""],""actual_received"":""49680.01"",""channel"":""RCB-EDC-KBANK""}]",2,True,True,Identity+status only; no scheduling/import or accounting allocation assertion. Cancellation does not prove per-DocEntry multiplicity.
RECEIPT_LINK,SINGLE_ITEM_RAW_CHARGE_COMPARISON,ITEM_APPROVAL_STATUS_PENDING,2026-09-26 16:06:06,2026-10-01,2026-09-01,Motor,,,,"[""chrg_69538enyrpimq6h1bnz""]",1,OBSERVED_DATA_STATE,13600.52,b7a4f04f-fbec-4249-b11b-9e6320c488f7,2026-09-26 03:13:45,13600.52,0,,CURRENT_MONTH,PAID,RCB,1,false,false,false,116ea59b-fdb9-43f5-903d-f8b06aff4bc0,LEAD_STATUS_PURCHASED,,,0,,MOTOR_TYPE_1,true,L78974655,L78974655-V1,1,2026-09-26 03:13:44,2026-09-26,PAYMENT_DATE,QR_CODE,ONETIME,FULL_PAYMENT,1,products/car-insurance,chrg_69538enyrpimq6h1bnz,2026-09-26 03:13:44,SAP_ITEM_NOT_FOUND,MISSING_TERMINAL_SAP_EVIDENCE,0,,,0,0,,,RCB,1,ITEM_SUBMISSION_STATUS_SUBMITTED,0,1,66f16483-3c6e-478e-87f6-e3584670c798,true,false,,,RCL newpayment membership applies only to Motor RCL; false for other flows is not a blocker.,2026-09-26 16:48:42,insurers/28,RCB_Motor_process_3_change|RCB_Motor_process_create,RCB_Motor_process_3_change|RCB_Motor_process_create,RCB_Motor_process_3_change|RCB_Motor_process_create,RCB_Motor_process_3_change|RCB_Motor_process_create,chrg_69538enyrpimq6h1bnz,EVENT_IDENTITY_PRESENT,NEW_ITEM_RECEIPT,,,,,OUTPUT_IDENTITY_PRESENT_DELIVERY_NOT_PROVEN,FIRST_APPLICABLE_OBSERVED_GROUP_NOT_EXHAUSTIVE,"[{""view"":""RCB_Motor_process_3_change"",""invoice_no"":""chrg_69538enyrpimq6h1bnz"",""flags"":[""SOURCE_NON_EDC_FORCED_TO_EDC_KBANK""],""actual_received"":""13600.52"",""channel"":""RCB-EDC-KBANK""}]",2,True,True,Identity+status only; no scheduling/import or accounting allocation assertion. Cancellation does not prove per-DocEntry multiplicity.
RECEIPT_LINK,MULTI_ITEM_ALLOCATION_NOT_RECONCILED,ITEM_APPROVAL_STATUS_PENDING,2026-09-26 16:06:06,2026-10-01,2026-09-01,Motor,,,,"[""chrg_6953psos3h29qicb0i0""]",1,OBSERVED_DATA_STATE,7470.21,ec93537a-f0fd-46ac-983b-cfc3deb7ad10,2026-09-26 03:57:55,,1,,CURRENT_MONTH,PAID,RCB,1,false,false,false,b675763c-d314-4b1d-b062-f31ff3980eb8,LEAD_STATUS_PURCHASED,,,0,,MOTOR_TYPE_COMPULSORY,true,L78985477,L78985477-M1,2,2026-09-26 03:57:54,2026-09-26,PAYMENT_DATE,QR_CODE,ONETIME,FULL_PAYMENT,1,products/car-insurance,chrg_6953psos3h29qicb0i0,2026-09-26 03:57:54,SAP_ITEM_NOT_FOUND,MISSING_TERMINAL_SAP_EVIDENCE,0,,,0,0,,,RCB,1,ITEM_SUBMISSION_STATUS_SUBMITTED,0,1,7ddacf32-1ae5-4d1d-88dd-60a37aaa4ccd,true,false,,,RCL newpayment membership applies only to Motor RCL; false for other flows is not a blocker.,2026-09-26 11:03:24,insurers/7,RCB_Motor_process_3_change|RCB_Motor_process_create,RCB_Motor_process_3_change|RCB_Motor_process_create,RCB_Motor_process_3_change|RCB_Motor_process_create,RCB_Motor_process_3_change|RCB_Motor_process_create,chrg_6953psos3h29qicb0i0,EVENT_IDENTITY_PRESENT,NEW_ITEM_RECEIPT,,,,,OUTPUT_IDENTITY_PRESENT_DELIVERY_NOT_PROVEN,FIRST_APPLICABLE_OBSERVED_GROUP_NOT_EXHAUSTIVE,"[{""view"":""RCB_Motor_process_3_change"",""invoice_no"":""chrg_6953psos3h29qicb0i0"",""flags"":[""SOURCE_NON_EDC_FORCED_TO_EDC_KBANK""],""actual_received"":""645.21"",""channel"":""RCB-EDC-KBANK""}]",2,True,True,Identity+status only; no scheduling/import or accounting allocation assertion. Cancellation does not prove per-DocEntry multiplicity.
RECEIPT_LINK,MULTI_ITEM_ALLOCATION_NOT_RECONCILED,ITEM_APPROVAL_STATUS_PENDING,2026-09-26 16:06:06,2026-10-01,2026-09-01,Motor,,,,"[""chrg_6953psos3h29qicb0i0""]",1,OBSERVED_DATA_STATE,7470.21,ec93537a-f0fd-46ac-983b-cfc3deb7ad10,2026-09-26 03:57:55,,1,,CURRENT_MONTH,PAID,RCB,1,false,false,false,e73d819e-0709-459d-b2a6-d7490ebfd1f5,LEAD_STATUS_PURCHASED,,,0,,MOTOR_TYPE_2_PLUS,true,L78985477,L78985477-V1,2,2026-09-26 03:57:54,2026-09-26,PAYMENT_DATE,QR_CODE,ONETIME,FULL_PAYMENT,1,products/car-insurance,chrg_6953psos3h29qicb0i0,2026-09-26 03:57:54,SAP_ITEM_NOT_FOUND,MISSING_TERMINAL_SAP_EVIDENCE,0,,,0,0,,,RCB,1,ITEM_SUBMISSION_STATUS_SUBMITTED,0,1,7ddacf32-1ae5-4d1d-88dd-60a37aaa4ccd,true,false,,,RCL newpayment membership applies only to Motor RCL; false for other flows is not a blocker.,2026-09-26 11:03:24,insurers/7,RCB_Motor_process_3_change|RCB_Motor_process_create,RCB_Motor_process_3_change|RCB_Motor_process_create,RCB_Motor_process_3_change|RCB_Motor_process_create,RCB_Motor_process_3_change|RCB_Motor_process_create,chrg_6953psos3h29qicb0i0,EVENT_IDENTITY_PRESENT,NEW_ITEM_RECEIPT,,,,,OUTPUT_IDENTITY_PRESENT_DELIVERY_NOT_PROVEN,FIRST_APPLICABLE_OBSERVED_GROUP_NOT_EXHAUSTIVE,"[{""view"":""RCB_Motor_process_3_change"",""invoice_no"":""chrg_6953psos3h29qicb0i0"",""flags"":[""SOURCE_NON_EDC_FORCED_TO_EDC_KBANK""],""actual_received"":""6825.0"",""channel"":""RCB-EDC-KBANK""}]",2,True,True,Identity+status only; no scheduling/import or accounting allocation assertion. Cancellation does not prove per-DocEntry multiplicity.
RECEIPT_LINK,SINGLE_ITEM_RAW_CHARGE_COMPARISON,ITEM_APPROVAL_STATUS_PENDING,2026-09-26 16:06:06,2026-10-01,2026-09-01,Motor,,,,"[""chrg_6953os9pyi9vl6bx9ul""]",1,OBSERVED_DATA_STATE,1800.09,c5245859-7807-4d69-874c-52f427670254,2026-09-26 03:50:32,1800.09,0,,CURRENT_MONTH,PAID,RCB,1,false,false,false,9fa6db1a-ce0f-45d6-993e-04c26b48d36a,LEAD_STATUS_PURCHASED,,,0,,MOTOR_TYPE_3_PLUS,true,L78989377,L78989377-V1,1,2026-09-26 03:50:31,2026-09-26,PAYMENT_DATE,ONLINECARD,ONETIME,FULL_PAYMENT,1,products/car-insurance,chrg_6953os9pyi9vl6bx9ul,2026-09-26 03:50:31,SAP_ITEM_NOT_FOUND,MISSING_TERMINAL_SAP_EVIDENCE,0,,,0,0,,,RCB,1,ITEM_SUBMISSION_STATUS_SUBMITTED,0,1,3e9fc666-3c32-400b-b9c7-3f67373ac5a1,true,false,,,RCL newpayment membership applies only to Motor RCL; false for other flows is not a blocker.,2026-09-26 11:04:31,insurers/25,RCB_Motor_process_3_change|RCB_Motor_process_create,RCB_Motor_process_3_change|RCB_Motor_process_create,RCB_Motor_process_3_change|RCB_Motor_process_create,RCB_Motor_process_3_change|RCB_Motor_process_create,chrg_6953os9pyi9vl6bx9ul,EVENT_IDENTITY_PRESENT,NEW_ITEM_RECEIPT,,,,,OUTPUT_IDENTITY_PRESENT_DELIVERY_NOT_PROVEN,FIRST_APPLICABLE_OBSERVED_GROUP_NOT_EXHAUSTIVE,"[{""view"":""RCB_Motor_process_3_change"",""invoice_no"":""chrg_6953os9pyi9vl6bx9ul"",""flags"":[""SOURCE_NON_EDC_FORCED_TO_EDC_KBANK""],""actual_received"":""1800.09"",""channel"":""RCB-EDC-KBANK""}]",2,True,True,Identity+status only; no scheduling/import or accounting allocation assertion. Cancellation does not prove per-DocEntry multiplicity.
RECEIPT_LINK,MULTI_ITEM_ALLOCATION_NOT_RECONCILED,ITEM_APPROVAL_STATUS_PENDING,2026-09-26 16:06:06,2026-10-01,2026-09-01,Motor,,,,"[""chrg_6956hoijc6hp1o5m202"",""2_chrg_6956hoijc6hp1o5m202""]",10,OBSERVED_DATA_STATE,2687.51,bef17d66-4a90-414f-919f-6acd37f6811a,2026-09-26 08:37:43,,1,,CURRENT_MONTH,PAID,RCL,1,false,false,false,4da905a1-5af8-4409-bec8-967331e2844e,LEAD_STATUS_PURCHASED,,,0,,MOTOR_TYPE_1,true,L78999814,L78999814-V1,2,2026-09-26 08:37:43,2026-09-26,PAYMENT_DATE,QR_CODE,INSTALLMENT,RABBIT_CARE_INSTALLMENT,1,products/car-insurance,chrg_6956hoijc6hp1o5m202,2026-09-26 08:37:43,SAP_ITEM_NOT_FOUND,MISSING_TERMINAL_SAP_EVIDENCE,0,,,0,0,,,RABBIT_LENDING,10,ITEM_SUBMISSION_STATUS_SUBMITTED,0,1,a1696bc8-96b8-4e3b-b2ff-5d025f968427,true,true,,,RCL newpayment membership applies only to Motor RCL; false for other flows is not a blocker.,2026-09-26 15:58:41,insurers/28,RCL_Motor_process_1_create|RCL_Motor_process_2_newpayment,RCL_Motor_process_1_create|RCL_Motor_process_2_newpayment,RCL_Motor_process_1_create|RCL_Motor_process_2_newpayment,RCL_Motor_process_1_create|RCL_Motor_process_2_newpayment,2_chrg_6956hoijc6hp1o5m202,EVENT_IDENTITY_PRESENT,NEW_ITEM_RECEIPT,false,false,,,OUTPUT_IDENTITY_PRESENT_DELIVERY_NOT_PROVEN,FIRST_APPLICABLE_OBSERVED_GROUP_NOT_EXHAUSTIVE,[],2,True,False,Identity+status only; no scheduling/import or accounting allocation assertion. Cancellation does not prove per-DocEntry multiplicity.
RECEIPT_LINK,SINGLE_ITEM_RAW_CHARGE_COMPARISON,ITEM_APPROVAL_STATUS_PENDING,2026-09-26 16:06:06,2026-10-01,2026-09-01,Motor,,,,"[""chrg_694smffjfz8tzx7md76""]",1,OBSERVED_DATA_STATE,14550.0,1adb9e83-c7de-4a4c-ba3e-77b56381cf6e,2026-09-26 02:52:33,14550.0,0,,CURRENT_MONTH,PAID,RCB,1,false,false,false,c9e4204f-b67f-4f2c-8493-209e1d9b0aff,LEAD_STATUS_PURCHASED,,,0,,MOTOR_TYPE_2_PLUS,true,L79032408,L79032408-V1,1,2026-09-26 02:52:32,2026-09-26,PAYMENT_DATE,QR_CODE,ONETIME,FULL_PAYMENT,1,products/car-insurance,chrg_694smffjfz8tzx7md76,2026-09-26 02:52:32,SAP_ITEM_NOT_FOUND,MISSING_TERMINAL_SAP_EVIDENCE,0,,,0,0,,,RCB,1,ITEM_SUBMISSION_STATUS_PENDING,0,1,0e5ad2d2-5548-4a72-b1bf-35f930fc8c7f,true,false,,,RCL newpayment membership applies only to Motor RCL; false for other flows is not a blocker.,2026-09-26 10:08:36,insurers/27,RCB_Motor_process_3_change|RCB_Motor_process_create,RCB_Motor_process_3_change|RCB_Motor_process_create,RCB_Motor_process_3_change|RCB_Motor_process_create,RCB_Motor_process_3_change|RCB_Motor_process_create,chrg_694smffjfz8tzx7md76,EVENT_IDENTITY_PRESENT,NEW_ITEM_RECEIPT,,,,,OUTPUT_IDENTITY_PRESENT_DELIVERY_NOT_PROVEN,FIRST_APPLICABLE_OBSERVED_GROUP_NOT_EXHAUSTIVE,"[{""view"":""RCB_Motor_process_3_change"",""invoice_no"":""chrg_694smffjfz8tzx7md76"",""flags"":[""SOURCE_NON_EDC_FORCED_TO_EDC_KBANK""],""actual_received"":""14550.0"",""channel"":""RCB-EDC-KBANK""}]",2,True,True,Identity+status only; no scheduling/import or accounting allocation assertion. Cancellation does not prove per-DocEntry multiplicity.
RECEIPT_LINK,SINGLE_ITEM_RAW_CHARGE_COMPARISON,ITEM_APPROVAL_STATUS_PENDING,2026-09-26 16:06:06,2026-10-01,2026-09-01,Motor,,,,"[""chrg_694qmtbbpdbx3av13os"",""2_chrg_694qmtbbpdbx3av13os""]",8,OBSERVED_DATA_STATE,1631.59,1a3d4e8a-c385-4384-b65e-cb1c04f8d608,2026-09-25 06:38:49,1631.59,0,,CURRENT_MONTH,PAID,RCL,1,false,false,false,3c63f8c3-01b6-44c1-a37b-3470c732836b,LEAD_STATUS_PURCHASED,,,0,,MOTOR_TYPE_1,true,L79034551,L79034551-V1,1,2026-09-25 06:38:48,2026-09-25,PAYMENT_DATE,QR_CODE,INSTALLMENT,RABBIT_CARE_INSTALLMENT,1,products/car-insurance,chrg_694qmtbbpdbx3av13os,2026-09-25 06:38:48,SAP_ITEM_NOT_FOUND,MISSING_TERMINAL_SAP_EVIDENCE,0,,,0,0,,,RABBIT_LENDING,8,ITEM_SUBMISSION_STATUS_PENDING,0,1,4874fae0-f9a5-4df6-81c1-4f1b6972792e,true,true,,,RCL newpayment membership applies only to Motor RCL; false for other flows is not a blocker.,2026-09-26 16:46:53,insurers/17,RCL_Motor_process_1_create|RCL_Motor_process_2_newpayment,RCL_Motor_process_1_create|RCL_Motor_process_2_newpayment,RCL_Motor_process_1_create|RCL_Motor_process_2_newpayment,RCL_Motor_process_1_create|RCL_Motor_process_2_newpayment,2_chrg_694qmtbbpdbx3av13os,EVENT_IDENTITY_PRESENT,NEW_ITEM_RECEIPT,false,false,,,OUTPUT_IDENTITY_PRESENT_DELIVERY_NOT_PROVEN,FIRST_APPLICABLE_OBSERVED_GROUP_NOT_EXHAUSTIVE,[],2,True,False,Identity+status only; no scheduling/import or accounting allocation assertion. Cancellation does not prove per-DocEntry multiplicity.
RECEIPT_LINK,SINGLE_ITEM_RAW_CHARGE_COMPARISON,ITEM_APPROVAL_STATUS_PENDING,2026-09-26 16:06:06,2026-10-01,2026-09-01,Motor,,,,"[""chrg_69567dqfv9im8iys6ba""]",1,OBSERVED_DATA_STATE,6512.0,b970ec4b-2691-4af8-bc71-4ee10f2436b6,2026-09-26 08:21:28,6512.0,0,,CURRENT_MONTH,PAID,RCB,1,false,false,false,36ee3beb-6e11-499d-906e-42a4db8db9f5,LEAD_STATUS_PURCHASED,,,0,,MOTOR_TYPE_2_PLUS,true,L79038344,L79038344-V1,1,2026-09-26 08:21:27,2026-09-26,PAYMENT_DATE,QR_CODE,ONETIME,FULL_PAYMENT,1,products/car-insurance,chrg_69567dqfv9im8iys6ba,2026-09-26 08:21:27,SAP_ITEM_NOT_FOUND,MISSING_TERMINAL_SAP_EVIDENCE,0,,,0,0,,,RCB,1,ITEM_SUBMISSION_STATUS_SUBMITTED,0,1,77ad54e6-3b0b-4480-b615-fd4626d6b992,true,false,,,RCL newpayment membership applies only to Motor RCL; false for other flows is not a blocker.,2026-09-26 15:56:15,insurers/35,RCB_Motor_process_3_change|RCB_Motor_process_create,RCB_Motor_process_3_change|RCB_Motor_process_create,RCB_Motor_process_3_change|RCB_Motor_process_create,RCB_Motor_process_3_change|RCB_Motor_process_create,chrg_69567dqfv9im8iys6ba,EVENT_IDENTITY_PRESENT,NEW_ITEM_RECEIPT,,,,,OUTPUT_IDENTITY_PRESENT_DELIVERY_NOT_PROVEN,FIRST_APPLICABLE_OBSERVED_GROUP_NOT_EXHAUSTIVE,"[{""view"":""RCB_Motor_process_3_change"",""invoice_no"":""chrg_69567dqfv9im8iys6ba"",""flags"":[""SOURCE_NON_EDC_FORCED_TO_EDC_KBANK""],""actual_received"":""6512.0"",""channel"":""RCB-EDC-KBANK""}]",2,True,True,Identity+status only; no scheduling/import or accounting allocation assertion. Cancellation does not prove per-DocEntry multiplicity.
RECEIPT_LINK,MULTI_ITEM_ALLOCATION_NOT_RECONCILED,ITEM_APPROVAL_STATUS_PENDING,2026-09-26 16:06:06,2026-10-01,2026-09-01,Motor,,,,"[""chrg_694rqhioadvnnx22sog""]",1,OBSERVED_DATA_STATE,12645.21,ef05f186-52ee-4373-850a-40da4a6bbead,2026-09-25 07:28:56,,1,,CURRENT_MONTH,PAID,RCB,1,false,false,false,038ed1a6-8af4-4a51-b4e3-2b57c7e3d84d,LEAD_STATUS_PURCHASED,,,0,,MOTOR_TYPE_COMPULSORY,true,L79058326,L79058326-M1,2,2026-09-25 07:28:55,2026-09-25,PAYMENT_DATE,ONLINECARD,ONETIME,FULL_PAYMENT,1,products/car-insurance,chrg_694rqhioadvnnx22sog,2026-09-25 07:28:55,SAP_ITEM_NOT_FOUND,MISSING_TERMINAL_SAP_EVIDENCE,0,,,0,0,,,RCB,1,ITEM_SUBMISSION_STATUS_PENDING,0,1,24d5ed04-fe20-4a0d-be6a-51cf7b85f3a3,true,false,,,RCL newpayment membership applies only to Motor RCL; false for other flows is not a blocker.,2026-09-26 08:54:44,insurers/11,RCB_Motor_process_3_change|RCB_Motor_process_create,RCB_Motor_process_3_change|RCB_Motor_process_create,RCB_Motor_process_3_change|RCB_Motor_process_create,RCB_Motor_process_3_change|RCB_Motor_process_create,chrg_694rqhioadvnnx22sog,EVENT_IDENTITY_PRESENT,NEW_ITEM_RECEIPT,,,,,OUTPUT_IDENTITY_PRESENT_DELIVERY_NOT_PROVEN,FIRST_APPLICABLE_OBSERVED_GROUP_NOT_EXHAUSTIVE,"[{""view"":""RCB_Motor_process_3_change"",""invoice_no"":""chrg_694rqhioadvnnx22sog"",""flags"":[""SOURCE_NON_EDC_FORCED_TO_EDC_KBANK""],""actual_received"":""645.21"",""channel"":""RCB-EDC-KBANK""}]",2,True,True,Identity+status only; no scheduling/import or accounting allocation assertion. Cancellation does not prove per-DocEntry multiplicity.
RECEIPT_LINK,MULTI_ITEM_ALLOCATION_NOT_RECONCILED,ITEM_APPROVAL_STATUS_PENDING,2026-09-26 16:06:06,2026-10-01,2026-09-01,Motor,,,,"[""chrg_694rqhioadvnnx22sog""]",1,OBSERVED_DATA_STATE,12645.21,ef05f186-52ee-4373-850a-40da4a6bbead,2026-09-25 07:28:56,,1,,CURRENT_MONTH,PAID,RCB,1,false,false,false,57cf22e8-67d5-483c-a57c-058adc0c671e,LEAD_STATUS_PURCHASED,,,0,,MOTOR_TYPE_1,true,L79058326,L79058326-V1,2,2026-09-25 07:28:55,2026-09-25,PAYMENT_DATE,ONLINECARD,ONETIME,FULL_PAYMENT,1,products/car-insurance,chrg_694rqhioadvnnx22sog,2026-09-25 07:28:55,SAP_ITEM_NOT_FOUND,MISSING_TERMINAL_SAP_EVIDENCE,0,,,0,0,,,RCB,1,ITEM_SUBMISSION_STATUS_SUBMITTED,0,1,24d5ed04-fe20-4a0d-be6a-51cf7b85f3a3,true,false,,,RCL newpayment membership applies only to Motor RCL; false for other flows is not a blocker.,2026-09-26 08:54:44,insurers/11,RCB_Motor_process_3_change|RCB_Motor_process_create,RCB_Motor_process_3_change|RCB_Motor_process_create,RCB_Motor_process_3_change|RCB_Motor_process_create,RCB_Motor_process_3_change|RCB_Motor_process_create,chrg_694rqhioadvnnx22sog,EVENT_IDENTITY_PRESENT,NEW_ITEM_RECEIPT,,,,,OUTPUT_IDENTITY_PRESENT_DELIVERY_NOT_PROVEN,FIRST_APPLICABLE_OBSERVED_GROUP_NOT_EXHAUSTIVE,"[{""view"":""RCB_Motor_process_3_change"",""invoice_no"":""chrg_694rqhioadvnnx22sog"",""flags"":[""SOURCE_NON_EDC_FORCED_TO_EDC_KBANK""],""actual_received"":""12000.0"",""channel"":""RCB-EDC-KBANK""}]",2,True,True,Identity+status only; no scheduling/import or accounting allocation assertion. Cancellation does not prove per-DocEntry multiplicity.
RECEIPT_LINK,MULTI_ITEM_ALLOCATION_NOT_RECONCILED,ITEM_APPROVAL_STATUS_PENDING,2026-09-26 16:06:06,2026-10-01,2026-09-01,Motor,,,,"[""chrg_69535jv5jqson0m28cy""]",1,OBSERVED_DATA_STATE,5445.23,4414c34a-f80e-46e6-9f89-8a8085e9365e,2026-09-26 02:55:56,,1,,CURRENT_MONTH,PAID,RCB,1,false,false,false,ada3b412-c141-4af3-8b1e-1f1a171c9ced,LEAD_STATUS_PURCHASED,,,0,,MOTOR_TYPE_COMPULSORY,true,L79105281,L79105281-M1,2,2026-09-26 02:55:56,2026-09-26,PAYMENT_DATE,ONLINECARD,ONETIME,FULL_PAYMENT,1,products/car-insurance,chrg_69535jv5jqson0m28cy,2026-09-26 02:55:56,SAP_ITEM_NOT_FOUND,MISSING_TERMINAL_SAP_EVIDENCE,0,,,0,0,,,RCB,1,ITEM_SUBMISSION_STATUS_PENDING,0,1,d3cb9134-6c00-4c9f-8e4f-d65d5358f263,true,false,,,RCL newpayment membership applies only to Motor RCL; false for other flows is not a blocker.,2026-09-26 10:56:33,insurers/10,RCB_Motor_process_3_change|RCB_Motor_process_create,RCB_Motor_process_3_change|RCB_Motor_process_create,RCB_Motor_process_3_change|RCB_Motor_process_create,RCB_Motor_process_3_change|RCB_Motor_process_create,chrg_69535jv5jqson0m28cy,EVENT_IDENTITY_PRESENT,NEW_ITEM_RECEIPT,,,,,OUTPUT_IDENTITY_PRESENT_DELIVERY_NOT_PROVEN,FIRST_APPLICABLE_OBSERVED_GROUP_NOT_EXHAUSTIVE,"[{""view"":""RCB_Motor_process_3_change"",""invoice_no"":""chrg_69535jv5jqson0m28cy"",""flags"":[""SOURCE_NON_EDC_FORCED_TO_EDC_KBANK""],""actual_received"":""645.21"",""channel"":""RCB-EDC-KBANK""}]",2,True,True,Identity+status only; no scheduling/import or accounting allocation assertion. Cancellation does not prove per-DocEntry multiplicity.
RECEIPT_LINK,MULTI_ITEM_ALLOCATION_NOT_RECONCILED,ITEM_APPROVAL_STATUS_PENDING,2026-09-26 16:06:06,2026-10-01,2026-09-01,Motor,,,,"[""chrg_69535jv5jqson0m28cy""]",1,OBSERVED_DATA_STATE,5445.23,4414c34a-f80e-46e6-9f89-8a8085e9365e,2026-09-26 02:55:56,,1,,CURRENT_MONTH,PAID,RCB,1,false,false,false,24dc6d82-111f-46e8-82af-fb77e563749d,LEAD_STATUS_PURCHASED,,,0,,MOTOR_TYPE_3_PLUS,true,L79105281,L79105281-V1,2,2026-09-26 02:55:56,2026-09-26,PAYMENT_DATE,ONLINECARD,ONETIME,FULL_PAYMENT,1,products/car-insurance,chrg_69535jv5jqson0m28cy,2026-09-26 02:55:56,SAP_ITEM_NOT_FOUND,MISSING_TERMINAL_SAP_EVIDENCE,0,,,0,0,,,RCB,1,ITEM_SUBMISSION_STATUS_PENDING,0,1,d3cb9134-6c00-4c9f-8e4f-d65d5358f263,true,false,,,RCL newpayment membership applies only to Motor RCL; false for other flows is not a blocker.,2026-09-26 10:56:33,insurers/10,RCB_Motor_process_3_change|RCB_Motor_process_create,RCB_Motor_process_3_change|RCB_Motor_process_create,RCB_Motor_process_3_change|RCB_Motor_process_create,RCB_Motor_process_3_change|RCB_Motor_process_create,chrg_69535jv5jqson0m28cy,EVENT_IDENTITY_PRESENT,NEW_ITEM_RECEIPT,,,,,OUTPUT_IDENTITY_PRESENT_DELIVERY_NOT_PROVEN,FIRST_APPLICABLE_OBSERVED_GROUP_NOT_EXHAUSTIVE,"[{""view"":""RCB_Motor_process_3_change"",""invoice_no"":""chrg_69535jv5jqson0m28cy"",""flags"":[""SOURCE_NON_EDC_FORCED_TO_EDC_KBANK""],""actual_received"":""4800.02"",""channel"":""RCB-EDC-KBANK""}]",2,True,True,Identity+status only; no scheduling/import or accounting allocation assertion. Cancellation does not prove per-DocEntry multiplicity.
RECEIPT_LINK,MULTI_ITEM_ALLOCATION_NOT_RECONCILED,ITEM_APPROVAL_STATUS_PENDING,2026-09-26 16:06:06,2026-10-01,2026-09-01,Motor,,,,"[""chrg_6955l9pl5l42b7rpyam"",""2_chrg_6955l9pl5l42b7rpyam""]",10,OBSERVED_DATA_STATE,3925.17,fb18be28-8fc0-4e45-af80-1d707ac75b47,2026-09-26 07:06:33,,1,,CURRENT_MONTH,PAID,RCL,1,false,false,false,7f08b548-df2f-4643-a13d-30a8d153f102,LEAD_STATUS_PURCHASED,,,0,,MOTOR_TYPE_1,true,L79128060,L79128060-V1,2,2026-09-26 07:06:33,2026-09-26,PAYMENT_DATE,QR_CODE,INSTALLMENT,RABBIT_CARE_INSTALLMENT,1,products/car-insurance,chrg_6955l9pl5l42b7rpyam,2026-09-26 07:06:33,SAP_ITEM_NOT_FOUND,MISSING_TERMINAL_SAP_EVIDENCE,0,,,0,0,,,RABBIT_LENDING,10,ITEM_SUBMISSION_STATUS_SUBMITTED,0,1,303d3dcc-4500-4ef1-98ac-77b9a4f5818d,true,true,,,RCL newpayment membership applies only to Motor RCL; false for other flows is not a blocker.,2026-09-26 14:53:56,insurers/28,RCL_Motor_process_1_create|RCL_Motor_process_2_newpayment,RCL_Motor_process_1_create|RCL_Motor_process_2_newpayment,RCL_Motor_process_1_create|RCL_Motor_process_2_newpayment,RCL_Motor_process_1_create|RCL_Motor_process_2_newpayment,2_chrg_6955l9pl5l42b7rpyam,EVENT_IDENTITY_PRESENT,NEW_ITEM_RECEIPT,false,false,,,OUTPUT_IDENTITY_PRESENT_DELIVERY_NOT_PROVEN,FIRST_APPLICABLE_OBSERVED_GROUP_NOT_EXHAUSTIVE,[],2,True,False,Identity+status only; no scheduling/import or accounting allocation assertion. Cancellation does not prove per-DocEntry multiplicity.
RECEIPT_LINK,SINGLE_ITEM_RAW_CHARGE_COMPARISON,ITEM_APPROVAL_STATUS_PENDING,2026-09-26 16:06:06,2026-10-01,2026-09-01,Motor,,,,"[""chrg_69537gmgm5hydy1r5fs"",""2_chrg_69537gmgm5hydy1r5fs""]",6,OBSERVED_DATA_STATE,1066.79,d421cb0a-49ec-4132-8808-839465abcfa3,2026-09-26 03:52:06,1066.79,0,,CURRENT_MONTH,PAID,RCL,1,false,false,false,1d96b37f-9890-4009-8f55-ba3ea6f2f6d2,LEAD_STATUS_PURCHASED,,,0,,MOTOR_TYPE_2_PLUS,true,L79149925,L79149925-V1,1,2026-09-26 03:52:04,2026-09-26,PAYMENT_DATE,QR_CODE,INSTALLMENT,RABBIT_CARE_INSTALLMENT,1,products/car-insurance,chrg_69537gmgm5hydy1r5fs,2026-09-26 03:52:04,SAP_ITEM_NOT_FOUND,MISSING_TERMINAL_SAP_EVIDENCE,0,,,0,0,,,RABBIT_LENDING,6,ITEM_SUBMISSION_STATUS_SUBMITTED,0,1,ddf9836b-dc3c-46e1-958e-29e160d2c451,true,true,,,RCL newpayment membership applies only to Motor RCL; false for other flows is not a blocker.,2026-09-26 13:17:30,insurers/17,RCL_Motor_process_1_create|RCL_Motor_process_2_newpayment,RCL_Motor_process_1_create|RCL_Motor_process_2_newpayment,RCL_Motor_process_1_create|RCL_Motor_process_2_newpayment,RCL_Motor_process_1_create|RCL_Motor_process_2_newpayment,2_chrg_69537gmgm5hydy1r5fs,EVENT_IDENTITY_PRESENT,NEW_ITEM_RECEIPT,false,false,,,OUTPUT_IDENTITY_PRESENT_DELIVERY_NOT_PROVEN,FIRST_APPLICABLE_OBSERVED_GROUP_NOT_EXHAUSTIVE,[],2,True,False,Identity+status only; no scheduling/import or accounting allocation assertion. Cancellation does not prove per-DocEntry multiplicity.
RECEIPT_LINK,MULTI_ITEM_ALLOCATION_NOT_RECONCILED,ITEM_APPROVAL_STATUS_PENDING,2026-09-26 16:06:06,2026-10-01,2026-09-01,Motor,,,,"[""chrg_694tk7ear6ymy0emz8s""]",1,OBSERVED_DATA_STATE,11637.93,3245cbfa-5d1c-4a78-babb-2f34d5b79c30,2026-09-25 10:34:57,,1,,CURRENT_MONTH,PAID,RCB,1,false,false,false,63a29817-f6a0-48f5-912d-1157c2459e1d,LEAD_STATUS_PURCHASED,,,0,,MOTOR_TYPE_COMPULSORY,true,L79307560,L79307560-M1,2,2026-09-25 10:34:57,2026-09-25,PAYMENT_DATE,ONLINECARD,ONETIME,FULL_PAYMENT,1,products/car-insurance,chrg_694tk7ear6ymy0emz8s,2026-09-25 10:34:57,SAP_ITEM_NOT_FOUND,MISSING_TERMINAL_SAP_EVIDENCE,0,,,0,0,,,RCB,1,ITEM_SUBMISSION_STATUS_SUBMITTED,0,1,7e038e1d-6611-4275-bac6-48a34acdbb34,true,false,,,RCL newpayment membership applies only to Motor RCL; false for other flows is not a blocker.,2026-09-26 10:18:06,insurers/31,RCB_Motor_process_3_change|RCB_Motor_process_create,RCB_Motor_process_3_change|RCB_Motor_process_create,RCB_Motor_process_3_change|RCB_Motor_process_create,RCB_Motor_process_3_change|RCB_Motor_process_create,chrg_694tk7ear6ymy0emz8s,EVENT_IDENTITY_PRESENT,NEW_ITEM_RECEIPT,,,,,OUTPUT_IDENTITY_PRESENT_DELIVERY_NOT_PROVEN,FIRST_APPLICABLE_OBSERVED_GROUP_NOT_EXHAUSTIVE,"[{""view"":""RCB_Motor_process_3_change"",""invoice_no"":""chrg_694tk7ear6ymy0emz8s"",""flags"":[""SOURCE_NON_EDC_FORCED_TO_EDC_KBANK""],""actual_received"":""967.28"",""channel"":""RCB-EDC-KBANK""}]",2,True,True,Identity+status only; no scheduling/import or accounting allocation assertion. Cancellation does not prove per-DocEntry multiplicity.
RECEIPT_LINK,MULTI_ITEM_ALLOCATION_NOT_RECONCILED,ITEM_APPROVAL_STATUS_PENDING,2026-09-26 16:06:06,2026-10-01,2026-09-01,Motor,,,,"[""chrg_694tk7ear6ymy0emz8s""]",1,OBSERVED_DATA_STATE,11637.93,3245cbfa-5d1c-4a78-babb-2f34d5b79c30,2026-09-25 10:34:57,,1,,CURRENT_MONTH,PAID,RCB,1,false,false,false,a3229d00-debc-47a4-9dac-785e58cd2067,LEAD_STATUS_PURCHASED,,,0,,MOTOR_TYPE_1,true,L79307560,L79307560-V1,2,2026-09-25 10:34:57,2026-09-25,PAYMENT_DATE,ONLINECARD,ONETIME,FULL_PAYMENT,1,products/car-insurance,chrg_694tk7ear6ymy0emz8s,2026-09-25 10:34:57,SAP_ITEM_NOT_FOUND,MISSING_TERMINAL_SAP_EVIDENCE,0,,,0,0,,,RCB,1,ITEM_SUBMISSION_STATUS_SUBMITTED,0,1,7e038e1d-6611-4275-bac6-48a34acdbb34,true,false,,,RCL newpayment membership applies only to Motor RCL; false for other flows is not a blocker.,2026-09-26 10:18:06,insurers/31,RCB_Motor_process_3_change|RCB_Motor_process_create,RCB_Motor_process_3_change|RCB_Motor_process_create,RCB_Motor_process_3_change|RCB_Motor_process_create,RCB_Motor_process_3_change|RCB_Motor_process_create,chrg_694tk7ear6ymy0emz8s,EVENT_IDENTITY_PRESENT,NEW_ITEM_RECEIPT,,,,,OUTPUT_IDENTITY_PRESENT_DELIVERY_NOT_PROVEN,FIRST_APPLICABLE_OBSERVED_GROUP_NOT_EXHAUSTIVE,"[{""view"":""RCB_Motor_process_3_change"",""invoice_no"":""chrg_694tk7ear6ymy0emz8s"",""flags"":[""SOURCE_NON_EDC_FORCED_TO_EDC_KBANK""],""actual_received"":""10670.65"",""channel"":""RCB-EDC-KBANK""}]",2,True,True,Identity+status only; no scheduling/import or accounting allocation assertion. Cancellation does not prove per-DocEntry multiplicity.
RECEIPT_LINK,MULTI_ITEM_ALLOCATION_NOT_RECONCILED,ITEM_APPROVAL_STATUS_PENDING,2026-09-26 16:06:06,2026-10-01,2026-09-01,Motor,,,,"[""chrg_6958g9rywh102jisws5""]",1,OBSERVED_DATA_STATE,18118.26,d6fbeb6e-f0a9-47cb-8460-37d6605b1221,2026-09-26 11:58:53,,1,,CURRENT_MONTH,PAID,RCB,1,false,false,false,ab220c38-0173-4495-b401-151a5b8862f4,LEAD_STATUS_PURCHASED,,,0,,MOTOR_TYPE_COMPULSORY,true,L79313971,L79313971-M1,2,2026-09-26 11:58:52,2026-09-26,PAYMENT_DATE,QR_CODE,ONETIME,FULL_PAYMENT,1,products/car-insurance,chrg_6958g9rywh102jisws5,2026-09-26 11:58:52,SAP_ITEM_NOT_FOUND,MISSING_TERMINAL_SAP_EVIDENCE,0,,,0,0,,,OMISE,1,ITEM_SUBMISSION_STATUS_PENDING,0,1,082eeb75-dccb-4372-a515-932aad5ae8a8,true,false,,,RCL newpayment membership applies only to Motor RCL; false for other flows is not a blocker.,2026-09-26 18:58:56,insurers/28,RCB_Motor_process_3_change|RCB_Motor_process_create,RCB_Motor_process_3_change|RCB_Motor_process_create,RCB_Motor_process_3_change|RCB_Motor_process_create,RCB_Motor_process_3_change|RCB_Motor_process_create,chrg_6958g9rywh102jisws5,EVENT_IDENTITY_PRESENT,NEW_ITEM_RECEIPT,,,,,OUTPUT_IDENTITY_PRESENT_DELIVERY_NOT_PROVEN,FIRST_APPLICABLE_OBSERVED_GROUP_NOT_EXHAUSTIVE,"[{""view"":""RCB_Motor_process_3_change"",""invoice_no"":""chrg_6958g9rywh102jisws5"",""flags"":[""SOURCE_NON_EDC_FORCED_TO_EDC_KBANK""],""actual_received"":""645.21"",""channel"":""RCB-EDC-KBANK""}]",2,True,True,Identity+status only; no scheduling/import or accounting allocation assertion. Cancellation does not prove per-DocEntry multiplicity.
RECEIPT_LINK,MULTI_ITEM_ALLOCATION_NOT_RECONCILED,ITEM_APPROVAL_STATUS_PENDING,2026-09-26 16:06:06,2026-10-01,2026-09-01,Motor,,,,"[""chrg_6958g9rywh102jisws5""]",1,OBSERVED_DATA_STATE,18118.26,d6fbeb6e-f0a9-47cb-8460-37d6605b1221,2026-09-26 11:58:53,,1,,CURRENT_MONTH,PAID,RCB,1,false,false,false,a290a0c5-1788-43e7-b0e2-729969b53f74,LEAD_STATUS_PURCHASED,,,0,,MOTOR_TYPE_1,true,L79313971,L79313971-V1,2,2026-09-26 11:58:52,2026-09-26,PAYMENT_DATE,QR_CODE,ONETIME,FULL_PAYMENT,1,products/car-insurance,chrg_6958g9rywh102jisws5,2026-09-26 11:58:52,SAP_ITEM_NOT_FOUND,MISSING_TERMINAL_SAP_EVIDENCE,0,,,0,0,,,OMISE,1,ITEM_SUBMISSION_STATUS_PENDING,0,1,082eeb75-dccb-4372-a515-932aad5ae8a8,true,false,,,RCL newpayment membership applies only to Motor RCL; false for other flows is not a blocker.,2026-09-26 18:58:56,insurers/28,RCB_Motor_process_3_change|RCB_Motor_process_create,RCB_Motor_process_3_change|RCB_Motor_process_create,RCB_Motor_process_3_change|RCB_Motor_process_create,RCB_Motor_process_3_change|RCB_Motor_process_create,chrg_6958g9rywh102jisws5,EVENT_IDENTITY_PRESENT,NEW_ITEM_RECEIPT,,,,,OUTPUT_IDENTITY_PRESENT_DELIVERY_NOT_PROVEN,FIRST_APPLICABLE_OBSERVED_GROUP_NOT_EXHAUSTIVE,"[{""view"":""RCB_Motor_process_3_change"",""invoice_no"":""chrg_6958g9rywh102jisws5"",""flags"":[""SOURCE_NON_EDC_FORCED_TO_EDC_KBANK""],""actual_received"":""17473.05"",""channel"":""RCB-EDC-KBANK""}]",2,True,True,Identity+status only; no scheduling/import or accounting allocation assertion. Cancellation does not prove per-DocEntry multiplicity.
RECEIPT_LINK,MULTI_ITEM_ALLOCATION_NOT_RECONCILED,ITEM_APPROVAL_STATUS_POLICY_UPLOADED,2026-09-26 16:06:06,2026-10-01,2026-09-01,Motor,,,,"[""chrg_6953ygf5fz9l27ve7p0""]",1,OBSERVED_DATA_STATE,21149.21,e4cb2a9e-73b0-4661-a41b-af0c94beef36,2026-09-26 04:19:34,,1,,CURRENT_MONTH,PAID,RCB,1,false,false,false,8352e9aa-8433-4798-ae5c-7e7f76cdf85e,LEAD_STATUS_PURCHASED,,,0,,MOTOR_TYPE_COMPULSORY,true,L79343510,L79343510-M1,2,2026-09-26 04:19:34,2026-09-26,PAYMENT_DATE,QR_CODE,ONETIME,FULL_PAYMENT,1,products/car-insurance,chrg_6953ygf5fz9l27ve7p0,2026-09-26 04:19:34,SAP_ITEM_NOT_FOUND,MISSING_TERMINAL_SAP_EVIDENCE,0,,,0,0,,,RCB,1,ITEM_SUBMISSION_STATUS_SUBMITTED,0,1,55d4704f-81ed-4e86-a82d-97e18b1a9409,true,false,,,RCL newpayment membership applies only to Motor RCL; false for other flows is not a blocker.,2026-09-26 11:41:13,insurers/27,RCB_Motor_process_3_change|RCB_Motor_process_create,RCB_Motor_process_3_change|RCB_Motor_process_create,RCB_Motor_process_3_change|RCB_Motor_process_create,RCB_Motor_process_3_change|RCB_Motor_process_create,chrg_6953ygf5fz9l27ve7p0,EVENT_IDENTITY_PRESENT,NEW_ITEM_RECEIPT,,,,,OUTPUT_IDENTITY_PRESENT_DELIVERY_NOT_PROVEN,FIRST_APPLICABLE_OBSERVED_GROUP_NOT_EXHAUSTIVE,"[{""view"":""RCB_Motor_process_3_change"",""invoice_no"":""chrg_6953ygf5fz9l27ve7p0"",""flags"":[""SOURCE_NON_EDC_FORCED_TO_EDC_KBANK""],""actual_received"":""645.21"",""channel"":""RCB-EDC-KBANK""}]",2,True,True,Identity+status only; no scheduling/import or accounting allocation assertion. Cancellation does not prove per-DocEntry multiplicity.
RECEIPT_LINK,MULTI_ITEM_ALLOCATION_NOT_RECONCILED,ITEM_APPROVAL_STATUS_PENDING,2026-09-26 16:06:06,2026-10-01,2026-09-01,Motor,,,,"[""chrg_6953ygf5fz9l27ve7p0""]",1,OBSERVED_DATA_STATE,21149.21,e4cb2a9e-73b0-4661-a41b-af0c94beef36,2026-09-26 04:19:34,,1,,CURRENT_MONTH,PAID,RCB,1,false,false,false,e94935a1-13b6-45df-a10a-ccaa2cb8e380,LEAD_STATUS_PURCHASED,,,0,,MOTOR_TYPE_1,true,L79343510,L79343510-V1,2,2026-09-26 04:19:34,2026-09-26,PAYMENT_DATE,QR_CODE,ONETIME,FULL_PAYMENT,1,products/car-insurance,chrg_6953ygf5fz9l27ve7p0,2026-09-26 04:19:34,SAP_ITEM_NOT_FOUND,MISSING_TERMINAL_SAP_EVIDENCE,0,,,0,0,,,RCB,1,ITEM_SUBMISSION_STATUS_SUBMITTED,0,1,55d4704f-81ed-4e86-a82d-97e18b1a9409,true,false,,,RCL newpayment membership applies only to Motor RCL; false for other flows is not a blocker.,2026-09-26 11:41:13,insurers/27,RCB_Motor_process_3_change|RCB_Motor_process_create,RCB_Motor_process_3_change|RCB_Motor_process_create,RCB_Motor_process_3_change|RCB_Motor_process_create,RCB_Motor_process_3_change|RCB_Motor_process_create,chrg_6953ygf5fz9l27ve7p0,EVENT_IDENTITY_PRESENT,NEW_ITEM_RECEIPT,,,,,OUTPUT_IDENTITY_PRESENT_DELIVERY_NOT_PROVEN,FIRST_APPLICABLE_OBSERVED_GROUP_NOT_EXHAUSTIVE,"[{""view"":""RCB_Motor_process_3_change"",""invoice_no"":""chrg_6953ygf5fz9l27ve7p0"",""flags"":[""SOURCE_NON_EDC_FORCED_TO_EDC_KBANK""],""actual_received"":""20504.0"",""channel"":""RCB-EDC-KBANK""}]",2,True,True,Identity+status only; no scheduling/import or accounting allocation assertion. Cancellation does not prove per-DocEntry multiplicity.
RECEIPT_LINK,MULTI_ITEM_ALLOCATION_NOT_RECONCILED,ITEM_APPROVAL_STATUS_POLICY_UPLOADED,2026-09-26 16:06:06,2026-10-01,2026-09-01,Motor,,,,"[""chrg_6955ls1x6ubn8uw45a9""]",1,OBSERVED_DATA_STATE,6545.21,86a012ce-5bd4-4e1c-a308-b257eb767aa1,2026-09-26 07:09:09,,1,,CURRENT_MONTH,PAID,RCB,1,false,false,false,a9d4ca00-3efc-4c15-a30a-7e0fdcee8c1e,LEAD_STATUS_PURCHASED,,,0,,MOTOR_TYPE_COMPULSORY,true,L79367896,L79367896-M1,2,2026-09-26 07:09:09,2026-09-26,PAYMENT_DATE,QR_CODE,ONETIME,FULL_PAYMENT,1,products/car-insurance,chrg_6955ls1x6ubn8uw45a9,2026-09-26 07:09:09,SAP_ITEM_NOT_FOUND,MISSING_TERMINAL_SAP_EVIDENCE,0,,,0,0,,,RCB,1,ITEM_SUBMISSION_STATUS_SUBMITTED,0,1,facc9177-92f0-4ed8-bc10-41409c09509c,true,false,,,RCL newpayment membership applies only to Motor RCL; false for other flows is not a blocker.,2026-09-26 14:26:35,insurers/28,RCB_Motor_process_3_change|RCB_Motor_process_create,RCB_Motor_process_3_change|RCB_Motor_process_create,RCB_Motor_process_3_change|RCB_Motor_process_create,RCB_Motor_process_3_change|RCB_Motor_process_create,chrg_6955ls1x6ubn8uw45a9,EVENT_IDENTITY_PRESENT,NEW_ITEM_RECEIPT,,,,,OUTPUT_IDENTITY_PRESENT_DELIVERY_NOT_PROVEN,FIRST_APPLICABLE_OBSERVED_GROUP_NOT_EXHAUSTIVE,"[{""view"":""RCB_Motor_process_3_change"",""invoice_no"":""chrg_6955ls1x6ubn8uw45a9"",""flags"":[""SOURCE_NON_EDC_FORCED_TO_EDC_KBANK""],""actual_received"":""645.21"",""channel"":""RCB-EDC-KBANK""}]",2,True,True,Identity+status only; no scheduling/import or accounting allocation assertion. Cancellation does not prove per-DocEntry multiplicity.
RECEIPT_LINK,MULTI_ITEM_ALLOCATION_NOT_RECONCILED,ITEM_APPROVAL_STATUS_PENDING,2026-09-26 16:06:06,2026-10-01,2026-09-01,Motor,,,,"[""chrg_6955ls1x6ubn8uw45a9""]",1,OBSERVED_DATA_STATE,6545.21,86a012ce-5bd4-4e1c-a308-b257eb767aa1,2026-09-26 07:09:09,,1,,CURRENT_MONTH,PAID,RCB,1,false,false,false,28e1bbcb-f893-4583-acf5-32d08280b1c3,LEAD_STATUS_PURCHASED,,,0,,MOTOR_TYPE_2_PLUS,true,L79367896,L79367896-V1,2,2026-09-26 07:09:09,2026-09-26,PAYMENT_DATE,QR_CODE,ONETIME,FULL_PAYMENT,1,products/car-insurance,chrg_6955ls1x6ubn8uw45a9,2026-09-26 07:09:09,SAP_ITEM_NOT_FOUND,MISSING_TERMINAL_SAP_EVIDENCE,0,,,0,0,,,RCB,1,ITEM_SUBMISSION_STATUS_SUBMITTED,0,1,facc9177-92f0-4ed8-bc10-41409c09509c,true,false,,,RCL newpayment membership applies only to Motor RCL; false for other flows is not a blocker.,2026-09-26 14:26:35,insurers/28,RCB_Motor_process_3_change|RCB_Motor_process_create,RCB_Motor_process_3_change|RCB_Motor_process_create,RCB_Motor_process_3_change|RCB_Motor_process_create,RCB_Motor_process_3_change|RCB_Motor_process_create,chrg_6955ls1x6ubn8uw45a9,EVENT_IDENTITY_PRESENT,NEW_ITEM_RECEIPT,,,,,OUTPUT_IDENTITY_PRESENT_DELIVERY_NOT_PROVEN,FIRST_APPLICABLE_OBSERVED_GROUP_NOT_EXHAUSTIVE,"[{""view"":""RCB_Motor_process_3_change"",""invoice_no"":""chrg_6955ls1x6ubn8uw45a9"",""flags"":[""SOURCE_NON_EDC_FORCED_TO_EDC_KBANK""],""actual_received"":""5900.0"",""channel"":""RCB-EDC-KBANK""}]",2,True,True,Identity+status only; no scheduling/import or accounting allocation assertion. Cancellation does not prove per-DocEntry multiplicity.
RECEIPT_LINK,MULTI_ITEM_ALLOCATION_NOT_RECONCILED,ITEM_APPROVAL_STATUS_POLICY_UPLOADED,2026-09-26 16:06:06,2026-10-01,2026-09-01,Motor,,,,"[""chrg_6953rqkzd5fythws1fu""]",10,OBSERVED_DATA_STATE,17750.23,57f8b043-03df-4d1a-9bd5-4a108aa2df12,2026-09-26 04:00:17,,1,,CURRENT_MONTH,PAID,RCB,1,false,false,false,728b737a-4e87-4713-b0d1-74fc37514009,LEAD_STATUS_PURCHASED,,,0,,MOTOR_TYPE_COMPULSORY,true,L79401974,L79401974-M1,2,2026-09-26 04:00:16,2026-09-26,PAYMENT_DATE,ONLINECARD,BANK_INSTALLMENT,CREDIT_CARD_INSTALLMENT,1,products/car-insurance,chrg_6953rqkzd5fythws1fu,2026-09-26 04:00:16,SAP_ITEM_NOT_FOUND,MISSING_TERMINAL_SAP_EVIDENCE,0,,,0,0,,,RCB,10,ITEM_SUBMISSION_STATUS_SUBMITTED,0,1,c2c80057-8eb3-4a39-8a0b-e02e64c461fc,false,false,,,RCL newpayment membership applies only to Motor RCL; false for other flows is not a blocker.,2026-09-26 11:25:24,insurers/11,RCB_Motor_process_3_change,RCB_Motor_process_3_change,RCB_Motor_process_3_change,RCB_Motor_process_3_change,chrg_6953rqkzd5fythws1fu,EVENT_IDENTITY_PRESENT,NEW_ITEM_RECEIPT,,,,,OUTPUT_IDENTITY_PRESENT_DELIVERY_NOT_PROVEN,FIRST_APPLICABLE_OBSERVED_GROUP_NOT_EXHAUSTIVE,"[{""view"":""RCB_Motor_process_3_change"",""invoice_no"":""chrg_6953rqkzd5fythws1fu"",""flags"":[""SOURCE_NON_EDC_FORCED_TO_EDC_KBANK""],""actual_received"":""645.21"",""channel"":""RCB-EDC-KBANK""}]",1,False,True,Identity+status only; no scheduling/import or accounting allocation assertion. Cancellation does not prove per-DocEntry multiplicity.
RECEIPT_LINK,MULTI_ITEM_ALLOCATION_NOT_RECONCILED,ITEM_APPROVAL_STATUS_PENDING,2026-09-26 16:06:06,2026-10-01,2026-09-01,Motor,,,,"[""chrg_6953rqkzd5fythws1fu""]",10,OBSERVED_DATA_STATE,17750.23,57f8b043-03df-4d1a-9bd5-4a108aa2df12,2026-09-26 04:00:17,,1,,CURRENT_MONTH,PAID,RCB,1,false,false,false,acbe2a83-346b-4803-9f4b-587bf4df04d9,LEAD_STATUS_PURCHASED,,,0,,MOTOR_TYPE_1,true,L79401974,L79401974-V1,2,2026-09-26 04:00:16,2026-09-26,PAYMENT_DATE,ONLINECARD,BANK_INSTALLMENT,CREDIT_CARD_INSTALLMENT,1,products/car-insurance,chrg_6953rqkzd5fythws1fu,2026-09-26 04:00:16,SAP_ITEM_NOT_FOUND,MISSING_TERMINAL_SAP_EVIDENCE,0,,,0,0,,,RCB,10,ITEM_SUBMISSION_STATUS_SUBMITTED,0,1,c2c80057-8eb3-4a39-8a0b-e02e64c461fc,false,false,,,RCL newpayment membership applies only to Motor RCL; false for other flows is not a blocker.,2026-09-26 11:25:24,insurers/11,RCB_Motor_process_3_change,RCB_Motor_process_3_change,RCB_Motor_process_3_change,RCB_Motor_process_3_change,chrg_6953rqkzd5fythws1fu,EVENT_IDENTITY_PRESENT,NEW_ITEM_RECEIPT,,,,,OUTPUT_IDENTITY_PRESENT_DELIVERY_NOT_PROVEN,FIRST_APPLICABLE_OBSERVED_GROUP_NOT_EXHAUSTIVE,"[{""view"":""RCB_Motor_process_3_change"",""invoice_no"":""chrg_6953rqkzd5fythws1fu"",""flags"":[""SOURCE_NON_EDC_FORCED_TO_EDC_KBANK""],""actual_received"":""17105.02"",""channel"":""RCB-EDC-KBANK""}]",1,False,True,Identity+status only; no scheduling/import or accounting allocation assertion. Cancellation does not prove per-DocEntry multiplicity.
RECEIPT_LINK,SINGLE_ITEM_RAW_CHARGE_COMPARISON,ITEM_APPROVAL_STATUS_PENDING,2026-09-26 16:06:06,2026-10-01,2026-09-01,Motor,,,,"[""chrg_694tkg3yd1ksatgxopf""]",1,OBSERVED_DATA_STATE,1899.25,44298c54-6f28-4f7a-8f23-0632c7df23d1,2026-09-25 13:12:54,1899.25,0,,CURRENT_MONTH,PAID,RCB,1,false,false,false,2433777a-6bf1-48d6-928e-a619a492417b,LEAD_STATUS_PURCHASED,,,0,,MOTOR_TYPE_3,true,L80223860,L80223860-V1,1,2026-09-25 13:12:53,2026-09-25,PAYMENT_DATE,QR_CODE,ONETIME,FULL_PAYMENT,1,products/car-insurance,chrg_694tkg3yd1ksatgxopf,2026-09-25 13:12:53,SAP_ITEM_NOT_FOUND,MISSING_TERMINAL_SAP_EVIDENCE,0,,,0,0,,,RCB,1,ITEM_SUBMISSION_STATUS_SUBMITTED,0,1,b1517e62-0e52-414f-9963-0f0081264605,true,false,,,RCL newpayment membership applies only to Motor RCL; false for other flows is not a blocker.,2026-09-26 09:20:58,insurers/17,RCB_Motor_process_3_change|RCB_Motor_process_create,RCB_Motor_process_3_change|RCB_Motor_process_create,RCB_Motor_process_3_change|RCB_Motor_process_create,RCB_Motor_process_3_change|RCB_Motor_process_create,chrg_694tkg3yd1ksatgxopf,EVENT_IDENTITY_PRESENT,NEW_ITEM_RECEIPT,,,,,OUTPUT_IDENTITY_PRESENT_DELIVERY_NOT_PROVEN,FIRST_APPLICABLE_OBSERVED_GROUP_NOT_EXHAUSTIVE,"[{""view"":""RCB_Motor_process_3_change"",""invoice_no"":""chrg_694tkg3yd1ksatgxopf"",""flags"":[""SOURCE_NON_EDC_FORCED_TO_EDC_KBANK""],""actual_received"":""1899.25"",""channel"":""RCB-EDC-KBANK""}]",2,True,True,Identity+status only; no scheduling/import or accounting allocation assertion. Cancellation does not prove per-DocEntry multiplicity.
RECEIPT_LINK,MULTI_ITEM_ALLOCATION_NOT_RECONCILED,ITEM_APPROVAL_STATUS_PENDING,2026-09-26 16:06:06,2026-10-01,2026-09-01,Motor,,,,"[""chrg_6935xoizioevl60lkca"",""2_chrg_6935xoizioevl60lkca""]",10,OBSERVED_DATA_STATE,2035.39,9f7bfe07-cf1b-48c7-80e7-c9cbc649f1a6,2026-09-23 05:22:43,,1,,CURRENT_MONTH,PAID,RCL,1,false,false,false,f80c737a-c6d0-4d2e-a70b-6edcff30164a,LEAD_STATUS_PURCHASED,,,0,,MOTOR_TYPE_1,true,L80239852,L80239852-V1,2,2026-09-23 05:22:42,2026-09-23,PAYMENT_DATE,QR_CODE,INSTALLMENT,RABBIT_CARE_INSTALLMENT,1,products/car-insurance,chrg_6935xoizioevl60lkca,2026-09-23 05:22:42,SAP_ITEM_NOT_FOUND,MISSING_TERMINAL_SAP_EVIDENCE,0,,,0,0,,,RABBIT_LENDING,10,ITEM_SUBMISSION_STATUS_PENDING,0,1,3eb19375-536a-41f0-a0a7-2fe4b402173a,true,true,,,RCL newpayment membership applies only to Motor RCL; false for other flows is not a blocker.,2026-09-26 16:20:36,insurers/1,RCL_Motor_process_1_create|RCL_Motor_process_2_newpayment,RCL_Motor_process_1_create|RCL_Motor_process_2_newpayment,RCL_Motor_process_1_create|RCL_Motor_process_2_newpayment,RCL_Motor_process_1_create|RCL_Motor_process_2_newpayment,2_chrg_6935xoizioevl60lkca,EVENT_IDENTITY_PRESENT,NEW_ITEM_RECEIPT,false,false,,,OUTPUT_IDENTITY_PRESENT_DELIVERY_NOT_PROVEN,FIRST_APPLICABLE_OBSERVED_GROUP_NOT_EXHAUSTIVE,[],2,True,False,Identity+status only; no scheduling/import or accounting allocation assertion. Cancellation does not prove per-DocEntry multiplicity.
RECEIPT_LINK,SINGLE_ITEM_RAW_CHARGE_COMPARISON,ITEM_APPROVAL_STATUS_PENDING,2026-09-26 16:06:06,2026-10-01,2026-09-01,Motor,,,,"[""chrg_6956p3lajt6bwtamt26"",""2_chrg_6956p3lajt6bwtamt26""]",10,OBSERVED_DATA_STATE,1199.97,3663ff3f-1e38-468b-94a2-445fe8fc7e0c,2026-09-26 08:59:27,1199.97,0,,CURRENT_MONTH,PAID,RCL,1,false,false,false,7b471ea4-86f2-4f52-b5b4-8830958a7f6e,LEAD_STATUS_PURCHASED,,,0,,MOTOR_TYPE_1,true,L80332927,L80332927-V1,1,2026-09-26 08:59:26,2026-09-26,PAYMENT_DATE,QR_CODE,INSTALLMENT,RABBIT_CARE_INSTALLMENT,1,products/car-insurance,chrg_6956p3lajt6bwtamt26,2026-09-26 08:59:26,SAP_ITEM_NOT_FOUND,MISSING_TERMINAL_SAP_EVIDENCE,0,,,0,0,,,RABBIT_LENDING,10,ITEM_SUBMISSION_STATUS_SUBMITTED,0,1,e56ef266-977d-4fb5-bd7b-23e3fa8fdf81,true,true,,,RCL newpayment membership applies only to Motor RCL; false for other flows is not a blocker.,2026-09-26 16:25:40,insurers/6,RCL_Motor_process_1_create|RCL_Motor_process_2_newpayment,RCL_Motor_process_1_create|RCL_Motor_process_2_newpayment,RCL_Motor_process_1_create|RCL_Motor_process_2_newpayment,RCL_Motor_process_1_create|RCL_Motor_process_2_newpayment,2_chrg_6956p3lajt6bwtamt26,EVENT_IDENTITY_PRESENT,NEW_ITEM_RECEIPT,false,false,,,OUTPUT_IDENTITY_PRESENT_DELIVERY_NOT_PROVEN,FIRST_APPLICABLE_OBSERVED_GROUP_NOT_EXHAUSTIVE,[],2,True,False,Identity+status only; no scheduling/import or accounting allocation assertion. Cancellation does not prove per-DocEntry multiplicity.
RECEIPT_LINK,SINGLE_ITEM_RAW_CHARGE_COMPARISON,ITEM_APPROVAL_STATUS_PENDING,2026-09-26 16:06:06,2026-10-01,2026-09-01,Motor,,,,"[""chrg_694b7bbkos3zwi8y99u"",""2_chrg_694b7bbkos3zwi8y99u""]",10,OBSERVED_DATA_STATE,1959.5,c4ed4823-4b0c-454d-bd3f-da69488da103,2026-09-26 07:26:06,1959.5,0,,CURRENT_MONTH,PAID,RCL,1,false,false,false,7003cb0a-3377-4825-9ae6-1d4f2e099b7a,LEAD_STATUS_PURCHASED,,,0,,MOTOR_TYPE_1,true,L80554830,L80554830-V1,1,2026-09-26 07:26:05,2026-09-26,PAYMENT_DATE,QR_CODE,INSTALLMENT,RABBIT_CARE_INSTALLMENT,1,products/car-insurance,chrg_694b7bbkos3zwi8y99u,2026-09-26 07:26:05,SAP_ITEM_NOT_FOUND,MISSING_TERMINAL_SAP_EVIDENCE,0,,,0,0,,,RABBIT_LENDING,10,ITEM_SUBMISSION_STATUS_PENDING,0,1,ffd67932-ab72-4a42-9a24-f832f7014520,true,true,,,RCL newpayment membership applies only to Motor RCL; false for other flows is not a blocker.,2026-09-26 14:27:42,insurers/11,RCL_Motor_process_1_create|RCL_Motor_process_2_newpayment,RCL_Motor_process_1_create|RCL_Motor_process_2_newpayment,RCL_Motor_process_1_create|RCL_Motor_process_2_newpayment,RCL_Motor_process_1_create|RCL_Motor_process_2_newpayment,2_chrg_694b7bbkos3zwi8y99u,EVENT_IDENTITY_PRESENT,NEW_ITEM_RECEIPT,false,false,,,OUTPUT_IDENTITY_PRESENT_DELIVERY_NOT_PROVEN,FIRST_APPLICABLE_OBSERVED_GROUP_NOT_EXHAUSTIVE,[],2,True,False,Identity+status only; no scheduling/import or accounting allocation assertion. Cancellation does not prove per-DocEntry multiplicity.
RECEIPT_LINK,SINGLE_ITEM_RAW_CHARGE_COMPARISON,ITEM_APPROVAL_STATUS_PENDING,2026-09-26 16:06:06,2026-10-01,2026-09-01,Motor,,,,"[""chrg_694rg0luysj25700ew0"",""2_chrg_694rg0luysj25700ew0""]",6,OBSERVED_DATA_STATE,1483.36,3b067558-bb97-4ba4-818f-e28f6ef4b88b,2026-09-26 03:01:19,1483.36,0,,CURRENT_MONTH,PAID,RCL,1,false,false,false,b4ba905d-6507-47a9-931d-5ab7b2cd3cba,LEAD_STATUS_PURCHASED,,,0,,MOTOR_TYPE_1,true,L80556906,L80556906-V1,1,2026-09-26 03:01:19,2026-09-26,PAYMENT_DATE,QR_CODE,INSTALLMENT,RABBIT_CARE_INSTALLMENT,1,products/car-insurance,chrg_694rg0luysj25700ew0,2026-09-26 03:01:19,SAP_ITEM_NOT_FOUND,MISSING_TERMINAL_SAP_EVIDENCE,0,,,0,0,,,RABBIT_LENDING,6,ITEM_SUBMISSION_STATUS_PENDING,0,1,351e1620-5c45-4cc7-b441-4bb2d27f421d,true,true,,,RCL newpayment membership applies only to Motor RCL; false for other flows is not a blocker.,2026-09-26 13:28:12,insurers/11,RCL_Motor_process_1_create|RCL_Motor_process_2_newpayment,RCL_Motor_process_1_create|RCL_Motor_process_2_newpayment,RCL_Motor_process_1_create|RCL_Motor_process_2_newpayment,RCL_Motor_process_1_create|RCL_Motor_process_2_newpayment,2_chrg_694rg0luysj25700ew0,EVENT_IDENTITY_PRESENT,NEW_ITEM_RECEIPT,false,false,,,OUTPUT_IDENTITY_PRESENT_DELIVERY_NOT_PROVEN,FIRST_APPLICABLE_OBSERVED_GROUP_NOT_EXHAUSTIVE,[],2,True,False,Identity+status only; no scheduling/import or accounting allocation assertion. Cancellation does not prove per-DocEntry multiplicity.
RECEIPT_LINK,SINGLE_ITEM_RAW_CHARGE_COMPARISON,ITEM_APPROVAL_STATUS_PENDING,2026-09-26 16:06:06,2026-10-01,2026-09-01,Motor,,,,"[""chrg_6957dxr4zciadpsac5d"",""2_chrg_6957dxr4zciadpsac5d""]",6,OBSERVED_DATA_STATE,1583.35,e3f67b4a-859b-46ef-83ab-f6e695067223,2026-09-26 10:09:50,1583.35,0,,CURRENT_MONTH,PAID,RCL,1,false,false,false,62242889-61a9-4ba5-9d4f-a62abbc069e9,LEAD_STATUS_PURCHASED,,,0,,MOTOR_TYPE_1,true,L80562839,L80562839-V1,1,2026-09-26 10:09:50,2026-09-26,PAYMENT_DATE,QR_CODE,INSTALLMENT,RABBIT_CARE_INSTALLMENT,1,products/car-insurance,chrg_6957dxr4zciadpsac5d,2026-09-26 10:09:50,SAP_ITEM_NOT_FOUND,MISSING_TERMINAL_SAP_EVIDENCE,0,,,0,0,,,RABBIT_LENDING,6,ITEM_SUBMISSION_STATUS_PENDING,0,1,b7f88684-d790-4c34-9107-63eb4d880d13,true,true,,,RCL newpayment membership applies only to Motor RCL; false for other flows is not a blocker.,2026-09-26 17:26:00,insurers/28,RCL_Motor_process_1_create|RCL_Motor_process_2_newpayment,RCL_Motor_process_1_create|RCL_Motor_process_2_newpayment,RCL_Motor_process_1_create|RCL_Motor_process_2_newpayment,RCL_Motor_process_1_create|RCL_Motor_process_2_newpayment,2_chrg_6957dxr4zciadpsac5d,EVENT_IDENTITY_PRESENT,NEW_ITEM_RECEIPT,false,false,,,OUTPUT_IDENTITY_PRESENT_DELIVERY_NOT_PROVEN,FIRST_APPLICABLE_OBSERVED_GROUP_NOT_EXHAUSTIVE,[],2,True,False,Identity+status only; no scheduling/import or accounting allocation assertion. Cancellation does not prove per-DocEntry multiplicity.
RECEIPT_LINK,SINGLE_ITEM_RAW_CHARGE_COMPARISON,ITEM_APPROVAL_STATUS_PENDING,2026-09-26 16:06:06,2026-10-01,2026-09-01,Motor,,,,"[""chrg_6953wu831fh1w9m0hu2"",""2_chrg_6953wu831fh1w9m0hu2""]",6,OBSERVED_DATA_STATE,1066.79,83170479-2ceb-4a30-bade-6f0c495c5b60,2026-09-26 07:07:39,1066.79,0,,CURRENT_MONTH,PAID,RCL,1,false,false,false,2b254ea8-e1ec-48b6-bb9b-a42dbca852a9,LEAD_STATUS_PURCHASED,,,0,,MOTOR_TYPE_2_PLUS,true,L80590586,L80590586-V1,1,2026-09-26 07:07:38,2026-09-26,PAYMENT_DATE,QR_CODE,INSTALLMENT,RABBIT_CARE_INSTALLMENT,1,products/car-insurance,chrg_6953wu831fh1w9m0hu2,2026-09-26 07:07:38,SAP_ITEM_NOT_FOUND,MISSING_TERMINAL_SAP_EVIDENCE,0,,,0,0,,,RABBIT_LENDING,6,ITEM_SUBMISSION_STATUS_SUBMITTED,0,1,433932fc-bffa-4d99-8bbf-0e25e33a347d,true,true,,,RCL newpayment membership applies only to Motor RCL; false for other flows is not a blocker.,2026-09-26 14:17:31,insurers/17,RCL_Motor_process_1_create|RCL_Motor_process_2_newpayment,RCL_Motor_process_1_create|RCL_Motor_process_2_newpayment,RCL_Motor_process_1_create|RCL_Motor_process_2_newpayment,RCL_Motor_process_1_create|RCL_Motor_process_2_newpayment,2_chrg_6953wu831fh1w9m0hu2,EVENT_IDENTITY_PRESENT,NEW_ITEM_RECEIPT,false,false,,,OUTPUT_IDENTITY_PRESENT_DELIVERY_NOT_PROVEN,FIRST_APPLICABLE_OBSERVED_GROUP_NOT_EXHAUSTIVE,[],2,True,False,Identity+status only; no scheduling/import or accounting allocation assertion. Cancellation does not prove per-DocEntry multiplicity.
RECEIPT_LINK,SINGLE_ITEM_RAW_CHARGE_COMPARISON,ITEM_APPROVAL_STATUS_PENDING,2026-09-26 16:06:06,2026-10-01,2026-09-01,Motor,,,,"[""chrg_694t5l3rqle1qk8a0oy"",""2_chrg_694t5l3rqle1qk8a0oy""]",6,OBSERVED_DATA_STATE,1250.0,78c82c40-e0e1-4fb7-88b1-6f5f1b7665fc,2026-09-25 10:22:46,1250.0,0,,CURRENT_MONTH,PAID,RCL,1,false,false,false,e4d03622-37d3-4200-b4df-fc7e800ca472,LEAD_STATUS_PURCHASED,,,0,,MOTOR_TYPE_1,true,L80695384,L80695384-V1,1,2026-09-25 10:22:45,2026-09-25,PAYMENT_DATE,QR_CODE,INSTALLMENT,RABBIT_CARE_INSTALLMENT,1,products/car-insurance,chrg_694t5l3rqle1qk8a0oy,2026-09-25 10:22:45,SAP_ITEM_NOT_FOUND,MISSING_TERMINAL_SAP_EVIDENCE,0,,,0,0,,,RABBIT_LENDING,6,ITEM_SUBMISSION_STATUS_PENDING,0,1,26e1aa41-a753-4a7a-86c4-d1d83691251e,true,true,,,RCL newpayment membership applies only to Motor RCL; false for other flows is not a blocker.,2026-09-26 12:14:48,insurers/28,RCL_Motor_process_1_create|RCL_Motor_process_2_newpayment,RCL_Motor_process_1_create|RCL_Motor_process_2_newpayment,RCL_Motor_process_1_create|RCL_Motor_process_2_newpayment,RCL_Motor_process_1_create|RCL_Motor_process_2_newpayment,2_chrg_694t5l3rqle1qk8a0oy,EVENT_IDENTITY_PRESENT,NEW_ITEM_RECEIPT,false,false,,,OUTPUT_IDENTITY_PRESENT_DELIVERY_NOT_PROVEN,FIRST_APPLICABLE_OBSERVED_GROUP_NOT_EXHAUSTIVE,[],2,True,False,Identity+status only; no scheduling/import or accounting allocation assertion. Cancellation does not prove per-DocEntry multiplicity.
RECEIPT_LINK,SINGLE_ITEM_RAW_CHARGE_COMPARISON,ITEM_APPROVAL_STATUS_PENDING,2026-09-26 16:06:06,2026-10-01,2026-09-01,Motor,,,,"[""chrg_694sadj6tlc2oeu1li6"",""2_chrg_694sadj6tlc2oeu1li6""]",6,OBSERVED_DATA_STATE,1100.0,592981fa-82b9-460f-a37e-b8bf869b1a81,2026-09-25 11:36:21,1100.0,0,,CURRENT_MONTH,PAID,RCL,1,false,false,false,19a5c85e-5e4f-410b-b760-ba6a5dbfd9d9,LEAD_STATUS_PURCHASED,,,0,,MOTOR_TYPE_2_PLUS,true,L80802630,L80802630-V1,1,2026-09-25 11:36:21,2026-09-25,PAYMENT_DATE,QR_CODE,INSTALLMENT,RABBIT_CARE_INSTALLMENT,1,products/car-insurance,chrg_694sadj6tlc2oeu1li6,2026-09-25 11:36:21,SAP_ITEM_NOT_FOUND,MISSING_TERMINAL_SAP_EVIDENCE,0,,,0,0,,,RABBIT_LENDING,6,ITEM_SUBMISSION_STATUS_PENDING,0,1,025c8568-34f2-4b76-bea1-e15173707f74,true,true,,,RCL newpayment membership applies only to Motor RCL; false for other flows is not a blocker.,2026-09-26 15:59:10,insurers/7,RCL_Motor_process_1_create|RCL_Motor_process_2_newpayment,RCL_Motor_process_1_create|RCL_Motor_process_2_newpayment,RCL_Motor_process_1_create|RCL_Motor_process_2_newpayment,RCL_Motor_process_1_create|RCL_Motor_process_2_newpayment,2_chrg_694sadj6tlc2oeu1li6,EVENT_IDENTITY_PRESENT,NEW_ITEM_RECEIPT,false,false,,,OUTPUT_IDENTITY_PRESENT_DELIVERY_NOT_PROVEN,FIRST_APPLICABLE_OBSERVED_GROUP_NOT_EXHAUSTIVE,[],2,True,False,Identity+status only; no scheduling/import or accounting allocation assertion. Cancellation does not prove per-DocEntry multiplicity.
RECEIPT_LINK,SINGLE_ITEM_RAW_CHARGE_COMPARISON,ITEM_APPROVAL_STATUS_PENDING,2026-09-26 16:06:06,2026-10-01,2026-09-01,Motor,,,,"[""chrg_694qcymxc8i9vzp4q5a""]",1,OBSERVED_DATA_STATE,5808.0,ff45d8bb-bf4b-4c83-8171-a10f0317aeec,2026-09-25 05:08:13,5808.0,0,,CURRENT_MONTH,PAID,RCB,1,false,false,false,ed6039a1-5fa8-4cce-b445-8ba1f3174aa6,LEAD_STATUS_PURCHASED,,,0,,MOTOR_TYPE_2_PLUS,true,L80806589,L80806589-V1,1,2026-09-25 05:08:12,2026-09-25,PAYMENT_DATE,QR_CODE,ONETIME,FULL_PAYMENT,1,products/car-insurance,chrg_694qcymxc8i9vzp4q5a,2026-09-25 05:08:12,SAP_ITEM_NOT_FOUND,MISSING_TERMINAL_SAP_EVIDENCE,0,,,0,0,,,RCB,1,ITEM_SUBMISSION_STATUS_PENDING,0,1,020ded6e-de75-4631-bcbf-030259e2fcfd,true,false,,,RCL newpayment membership applies only to Motor RCL; false for other flows is not a blocker.,2026-09-26 12:29:21,insurers/7,RCB_Motor_process_3_change|RCB_Motor_process_create,RCB_Motor_process_3_change|RCB_Motor_process_create,RCB_Motor_process_3_change|RCB_Motor_process_create,RCB_Motor_process_3_change|RCB_Motor_process_create,chrg_694qcymxc8i9vzp4q5a,EVENT_IDENTITY_PRESENT,NEW_ITEM_RECEIPT,,,,,OUTPUT_IDENTITY_PRESENT_DELIVERY_NOT_PROVEN,FIRST_APPLICABLE_OBSERVED_GROUP_NOT_EXHAUSTIVE,"[{""view"":""RCB_Motor_process_3_change"",""invoice_no"":""chrg_694qcymxc8i9vzp4q5a"",""flags"":[""SOURCE_NON_EDC_FORCED_TO_EDC_KBANK""],""actual_received"":""5808.0"",""channel"":""RCB-EDC-KBANK""}]",2,True,True,Identity+status only; no scheduling/import or accounting allocation assertion. Cancellation does not prove per-DocEntry multiplicity.
RECEIPT_LINK,SINGLE_ITEM_RAW_CHARGE_COMPARISON,ITEM_APPROVAL_STATUS_PENDING,2026-09-26 16:06:06,2026-10-01,2026-09-01,Motor,,,,"[""chrg_6952uj2wfwfx6nmku6s""]",1,OBSERVED_DATA_STATE,2000.0,3e3fca47-fb3b-45c2-a28b-6ec9cd25aa76,2026-09-26 02:27:12,2000.0,0,,CURRENT_MONTH,PAID,RCB,1,false,false,false,95160879-d865-47b4-bd6e-d76b4cbc9b56,LEAD_STATUS_PURCHASED,,,0,,MOTOR_TYPE_3,true,L80826028,L80826028-V1,1,2026-09-26 02:27:12,2026-09-26,PAYMENT_DATE,QR_CODE,ONETIME,FULL_PAYMENT,1,products/car-insurance,chrg_6952uj2wfwfx6nmku6s,2026-09-26 02:27:12,SAP_ITEM_NOT_FOUND,MISSING_TERMINAL_SAP_EVIDENCE,0,,,0,0,,,RCB,1,ITEM_SUBMISSION_STATUS_SUBMITTED,0,1,47185184-a1ed-4730-bab9-6604516a0432,true,false,,,RCL newpayment membership applies only to Motor RCL; false for other flows is not a blocker.,2026-09-26 11:00:52,insurers/35,RCB_Motor_process_3_change|RCB_Motor_process_create,RCB_Motor_process_3_change|RCB_Motor_process_create,RCB_Motor_process_3_change|RCB_Motor_process_create,RCB_Motor_process_3_change|RCB_Motor_process_create,chrg_6952uj2wfwfx6nmku6s,EVENT_IDENTITY_PRESENT,NEW_ITEM_RECEIPT,,,,,OUTPUT_IDENTITY_PRESENT_DELIVERY_NOT_PROVEN,FIRST_APPLICABLE_OBSERVED_GROUP_NOT_EXHAUSTIVE,"[{""view"":""RCB_Motor_process_3_change"",""invoice_no"":""chrg_6952uj2wfwfx6nmku6s"",""flags"":[""SOURCE_NON_EDC_FORCED_TO_EDC_KBANK""],""actual_received"":""2000.0"",""channel"":""RCB-EDC-KBANK""}]",2,True,True,Identity+status only; no scheduling/import or accounting allocation assertion. Cancellation does not prove per-DocEntry multiplicity.
RECEIPT_LINK,SINGLE_ITEM_RAW_CHARGE_COMPARISON,ITEM_APPROVAL_STATUS_PENDING,2026-09-26 16:06:06,2026-10-01,2026-09-01,Motor,,,,"[""chrg_6955mvcdk0fesu2kg1w""]",1,OBSERVED_DATA_STATE,7304.0,fb309b9e-6227-4461-9e64-4662f97d4233,2026-09-26 07:10:58,7304.0,0,,CURRENT_MONTH,PAID,RCB,1,false,false,false,7aeeb316-8e8a-4b70-a1f8-642bb3361a5a,LEAD_STATUS_PURCHASED,,,0,,MOTOR_TYPE_2_PLUS,true,L80879679,L80879679-V1,1,2026-09-26 07:10:57,2026-09-26,PAYMENT_DATE,QR_CODE,ONETIME,FULL_PAYMENT,1,products/car-insurance,chrg_6955mvcdk0fesu2kg1w,2026-09-26 07:10:57,SAP_ITEM_NOT_FOUND,MISSING_TERMINAL_SAP_EVIDENCE,0,,,0,0,,,RCB,1,ITEM_SUBMISSION_STATUS_SUBMITTED,0,1,5cf36092-d457-4604-9944-8df0a94929e5,true,false,,,RCL newpayment membership applies only to Motor RCL; false for other flows is not a blocker.,2026-09-26 14:24:43,insurers/28,RCB_Motor_process_3_change|RCB_Motor_process_create,RCB_Motor_process_3_change|RCB_Motor_process_create,RCB_Motor_process_3_change|RCB_Motor_process_create,RCB_Motor_process_3_change|RCB_Motor_process_create,chrg_6955mvcdk0fesu2kg1w,EVENT_IDENTITY_PRESENT,NEW_ITEM_RECEIPT,,,,,OUTPUT_IDENTITY_PRESENT_DELIVERY_NOT_PROVEN,FIRST_APPLICABLE_OBSERVED_GROUP_NOT_EXHAUSTIVE,"[{""view"":""RCB_Motor_process_3_change"",""invoice_no"":""chrg_6955mvcdk0fesu2kg1w"",""flags"":[""SOURCE_NON_EDC_FORCED_TO_EDC_KBANK""],""actual_received"":""7304.0"",""channel"":""RCB-EDC-KBANK""}]",2,True,True,Identity+status only; no scheduling/import or accounting allocation assertion. Cancellation does not prove per-DocEntry multiplicity.
RECEIPT_LINK,SINGLE_ITEM_RAW_CHARGE_COMPARISON,ITEM_APPROVAL_STATUS_PENDING,2026-09-26 16:06:06,2026-10-01,2026-09-01,Motor,,,,"[""chrg_694p85zv6h3mcqvura2"",""2_chrg_694p85zv6h3mcqvura2""]",10,OBSERVED_DATA_STATE,2050.12,182aee40-9148-4802-abde-cafd7c57762c,2026-09-25 03:22:13,2050.12,0,,CURRENT_MONTH,PAID,RCL,1,false,false,false,7d005660-e379-4680-8a7b-fb8fab189be6,LEAD_STATUS_PURCHASED,,,0,,MOTOR_TYPE_1,true,L80898553,L80898553-V1,1,2026-09-25 03:22:12,2026-09-25,PAYMENT_DATE,QR_CODE,INSTALLMENT,RABBIT_CARE_INSTALLMENT,1,products/car-insurance,chrg_694p85zv6h3mcqvura2,2026-09-25 03:22:12,SAP_ITEM_NOT_FOUND,MISSING_TERMINAL_SAP_EVIDENCE,0,,,0,0,,,RABBIT_LENDING,10,ITEM_SUBMISSION_STATUS_SUBMITTED,0,1,a4ffc025-f6f1-4362-ba3c-a4c212493b8b,true,true,,,RCL newpayment membership applies only to Motor RCL; false for other flows is not a blocker.,2026-09-26 10:24:18,insurers/28,RCL_Motor_process_1_create|RCL_Motor_process_2_newpayment,RCL_Motor_process_1_create|RCL_Motor_process_2_newpayment,RCL_Motor_process_1_create|RCL_Motor_process_2_newpayment,RCL_Motor_process_1_create|RCL_Motor_process_2_newpayment,2_chrg_694p85zv6h3mcqvura2,EVENT_IDENTITY_PRESENT,NEW_ITEM_RECEIPT,false,false,,,OUTPUT_IDENTITY_PRESENT_DELIVERY_NOT_PROVEN,FIRST_APPLICABLE_OBSERVED_GROUP_NOT_EXHAUSTIVE,[],2,True,False,Identity+status only; no scheduling/import or accounting allocation assertion. Cancellation does not prove per-DocEntry multiplicity.
RECEIPT_LINK,SINGLE_ITEM_RAW_CHARGE_COMPARISON,ITEM_APPROVAL_STATUS_PENDING,2026-09-26 16:06:06,2026-10-01,2026-09-01,Motor,,,,"[""chrg_6957g107e9brpa62u89"",""2_chrg_6957g107e9brpa62u89""]",10,OBSERVED_DATA_STATE,1580.0,35fc8409-392d-41ea-8aef-84cf1af61eef,2026-09-26 10:15:43,1580.0,0,,CURRENT_MONTH,PAID,RCL,1,false,false,false,80e16719-816c-4e73-9ae5-0d1d758b5c6a,LEAD_STATUS_PURCHASED,,,0,,MOTOR_TYPE_1,true,L80899926,L80899926-V1,1,2026-09-26 10:15:42,2026-09-26,PAYMENT_DATE,QR_CODE,INSTALLMENT,RABBIT_CARE_INSTALLMENT,1,products/car-insurance,chrg_6957g107e9brpa62u89,2026-09-26 10:15:42,SAP_ITEM_NOT_FOUND,MISSING_TERMINAL_SAP_EVIDENCE,0,,,0,0,,,RABBIT_LENDING,10,ITEM_SUBMISSION_STATUS_PENDING,0,1,cf3c48f8-371f-423b-81b4-b6cd732450e4,true,true,,,RCL newpayment membership applies only to Motor RCL; false for other flows is not a blocker.,2026-09-26 17:22:49,insurers/28,RCL_Motor_process_1_create|RCL_Motor_process_2_newpayment,RCL_Motor_process_1_create|RCL_Motor_process_2_newpayment,RCL_Motor_process_1_create|RCL_Motor_process_2_newpayment,RCL_Motor_process_1_create|RCL_Motor_process_2_newpayment,2_chrg_6957g107e9brpa62u89,EVENT_IDENTITY_PRESENT,NEW_ITEM_RECEIPT,false,false,,,OUTPUT_IDENTITY_PRESENT_DELIVERY_NOT_PROVEN,FIRST_APPLICABLE_OBSERVED_GROUP_NOT_EXHAUSTIVE,[],2,True,False,Identity+status only; no scheduling/import or accounting allocation assertion. Cancellation does not prove per-DocEntry multiplicity.
RECEIPT_LINK,SINGLE_ITEM_RAW_CHARGE_COMPARISON,ITEM_APPROVAL_STATUS_PENDING,2026-09-26 16:06:06,2026-10-01,2026-09-01,Motor,,,,"[""chrg_6955bttdqdibehqrb6c"",""2_chrg_6955bttdqdibehqrb6c""]",6,OBSERVED_DATA_STATE,1100.0,4d2ccff1-41a5-43f5-bf57-65a211767e8f,2026-09-26 06:43:45,1100.0,0,,CURRENT_MONTH,PAID,RCL,1,false,false,false,05b48f8d-f4b1-4713-a9c2-59686a2f0a47,LEAD_STATUS_PURCHASED,,,0,,MOTOR_TYPE_2_PLUS,true,L80906537,L80906537-V1,1,2026-09-26 06:43:44,2026-09-26,PAYMENT_DATE,QR_CODE,INSTALLMENT,RABBIT_CARE_INSTALLMENT,1,products/car-insurance,chrg_6955bttdqdibehqrb6c,2026-09-26 06:43:44,SAP_ITEM_NOT_FOUND,MISSING_TERMINAL_SAP_EVIDENCE,0,,,0,0,,,RABBIT_LENDING,6,ITEM_SUBMISSION_STATUS_SUBMITTED,0,1,790e4867-9200-431a-bd47-49dd0085eef4,true,true,,,RCL newpayment membership applies only to Motor RCL; false for other flows is not a blocker.,2026-09-26 13:55:35,insurers/7,RCL_Motor_process_1_create|RCL_Motor_process_2_newpayment,RCL_Motor_process_1_create|RCL_Motor_process_2_newpayment,RCL_Motor_process_1_create|RCL_Motor_process_2_newpayment,RCL_Motor_process_1_create|RCL_Motor_process_2_newpayment,2_chrg_6955bttdqdibehqrb6c,EVENT_IDENTITY_PRESENT,NEW_ITEM_RECEIPT,false,false,,,OUTPUT_IDENTITY_PRESENT_DELIVERY_NOT_PROVEN,FIRST_APPLICABLE_OBSERVED_GROUP_NOT_EXHAUSTIVE,[],2,True,False,Identity+status only; no scheduling/import or accounting allocation assertion. Cancellation does not prove per-DocEntry multiplicity.
RECEIPT_LINK,SINGLE_ITEM_RAW_CHARGE_COMPARISON,ITEM_APPROVAL_STATUS_PENDING,2026-09-26 16:06:06,2026-10-01,2026-09-01,Motor,,,,"[""chrg_693zu98s88ndxuu4x2t""]",1,OBSERVED_DATA_STATE,15539.4,02f1cbc6-f397-4f3a-bf6d-acb2e20a4d75,2026-09-26 07:51:35,15539.4,0,,CURRENT_MONTH,PAID,RCB,1,false,false,false,823e6f9e-d922-4530-9cad-895de48ec909,LEAD_STATUS_PURCHASED,,,0,,MOTOR_TYPE_1,true,L80907662,L80907662-V1,1,2026-09-26 07:51:34,2026-09-26,PAYMENT_DATE,QR_CODE,ONETIME,FULL_PAYMENT,1,products/car-insurance,chrg_693zu98s88ndxuu4x2t,2026-09-26 07:51:34,SAP_ITEM_NOT_FOUND,MISSING_TERMINAL_SAP_EVIDENCE,0,,,0,0,,,RCB,1,ITEM_SUBMISSION_STATUS_PENDING,0,1,7773b3e8-2db7-43a0-ab91-e138b0b9f1ec,true,false,,,RCL newpayment membership applies only to Motor RCL; false for other flows is not a blocker.,2026-09-26 15:03:00,insurers/7,RCB_Motor_process_3_change|RCB_Motor_process_create,RCB_Motor_process_3_change|RCB_Motor_process_create,RCB_Motor_process_3_change|RCB_Motor_process_create,RCB_Motor_process_3_change|RCB_Motor_process_create,chrg_693zu98s88ndxuu4x2t,EVENT_IDENTITY_PRESENT,NEW_ITEM_RECEIPT,,,,,OUTPUT_IDENTITY_PRESENT_DELIVERY_NOT_PROVEN,FIRST_APPLICABLE_OBSERVED_GROUP_NOT_EXHAUSTIVE,"[{""view"":""RCB_Motor_process_3_change"",""invoice_no"":""chrg_693zu98s88ndxuu4x2t"",""flags"":[""SOURCE_NON_EDC_FORCED_TO_EDC_KBANK""],""actual_received"":""15539.4"",""channel"":""RCB-EDC-KBANK""}]",2,True,True,Identity+status only; no scheduling/import or accounting allocation assertion. Cancellation does not prove per-DocEntry multiplicity.
RECEIPT_LINK,MULTI_ITEM_ALLOCATION_NOT_RECONCILED,ITEM_APPROVAL_STATUS_PENDING,2026-09-26 16:06:06,2026-10-01,2026-09-01,Motor,,,,"[""chrg_6955jov6v3h8broybg9""]",1,OBSERVED_DATA_STATE,6585.21,799a19eb-2c23-4546-b6c1-97f514dafd09,2026-09-26 07:01:40,,1,,CURRENT_MONTH,PAID,RCB,1,false,false,false,6d4188f3-1cdf-459b-8abb-9747dd1c6de7,LEAD_STATUS_PURCHASED,,,0,,MOTOR_TYPE_COMPULSORY,true,L80908192,L80908192-M1,2,2026-09-26 07:01:39,2026-09-26,PAYMENT_DATE,QR_CODE,ONETIME,FULL_PAYMENT,1,products/car-insurance,chrg_6955jov6v3h8broybg9,2026-09-26 07:01:39,SAP_ITEM_NOT_FOUND,MISSING_TERMINAL_SAP_EVIDENCE,0,,,0,0,,,RCB,1,ITEM_SUBMISSION_STATUS_PENDING,0,1,0eaa6ea6-c437-4c6b-9b7d-05cd9e5e397b,true,false,,,RCL newpayment membership applies only to Motor RCL; false for other flows is not a blocker.,2026-09-26 14:12:00,insurers/7,RCB_Motor_process_3_change|RCB_Motor_process_create,RCB_Motor_process_3_change|RCB_Motor_process_create,RCB_Motor_process_3_change|RCB_Motor_process_create,RCB_Motor_process_3_change|RCB_Motor_process_create,chrg_6955jov6v3h8broybg9,EVENT_IDENTITY_PRESENT,NEW_ITEM_RECEIPT,,,,,OUTPUT_IDENTITY_PRESENT_DELIVERY_NOT_PROVEN,FIRST_APPLICABLE_OBSERVED_GROUP_NOT_EXHAUSTIVE,"[{""view"":""RCB_Motor_process_3_change"",""invoice_no"":""chrg_6955jov6v3h8broybg9"",""flags"":[""SOURCE_NON_EDC_FORCED_TO_EDC_KBANK""],""actual_received"":""645.21"",""channel"":""RCB-EDC-KBANK""}]",2,True,True,Identity+status only; no scheduling/import or accounting allocation assertion. Cancellation does not prove per-DocEntry multiplicity.
RECEIPT_LINK,MULTI_ITEM_ALLOCATION_NOT_RECONCILED,ITEM_APPROVAL_STATUS_PENDING,2026-09-26 16:06:06,2026-10-01,2026-09-01,Motor,,,,"[""chrg_6955jov6v3h8broybg9""]",1,OBSERVED_DATA_STATE,6585.21,799a19eb-2c23-4546-b6c1-97f514dafd09,2026-09-26 07:01:40,,1,,CURRENT_MONTH,PAID,RCB,1,false,false,false,6ff58677-46bd-41fe-ab3b-1f7c31c977d5,LEAD_STATUS_PURCHASED,,,0,,MOTOR_TYPE_2_PLUS,true,L80908192,L80908192-V1,2,2026-09-26 07:01:39,2026-09-26,PAYMENT_DATE,QR_CODE,ONETIME,FULL_PAYMENT,1,products/car-insurance,chrg_6955jov6v3h8broybg9,2026-09-26 07:01:39,SAP_ITEM_NOT_FOUND,MISSING_TERMINAL_SAP_EVIDENCE,0,,,0,0,,,RCB,1,ITEM_SUBMISSION_STATUS_PENDING,0,1,0eaa6ea6-c437-4c6b-9b7d-05cd9e5e397b,true,false,,,RCL newpayment membership applies only to Motor RCL; false for other flows is not a blocker.,2026-09-26 14:12:00,insurers/7,RCB_Motor_process_3_change|RCB_Motor_process_create,RCB_Motor_process_3_change|RCB_Motor_process_create,RCB_Motor_process_3_change|RCB_Motor_process_create,RCB_Motor_process_3_change|RCB_Motor_process_create,chrg_6955jov6v3h8broybg9,EVENT_IDENTITY_PRESENT,NEW_ITEM_RECEIPT,,,,,OUTPUT_IDENTITY_PRESENT_DELIVERY_NOT_PROVEN,FIRST_APPLICABLE_OBSERVED_GROUP_NOT_EXHAUSTIVE,"[{""view"":""RCB_Motor_process_3_change"",""invoice_no"":""chrg_6955jov6v3h8broybg9"",""flags"":[""SOURCE_NON_EDC_FORCED_TO_EDC_KBANK""],""actual_received"":""5940.0"",""channel"":""RCB-EDC-KBANK""}]",2,True,True,Identity+status only; no scheduling/import or accounting allocation assertion. Cancellation does not prove per-DocEntry multiplicity.
RECEIPT_LINK,MULTI_ITEM_ALLOCATION_NOT_RECONCILED,ITEM_APPROVAL_STATUS_POLICY_UPLOADED,2026-09-26 16:06:06,2026-10-01,2026-09-01,Motor,,,,"[""chrg_6956iaviv1rq5d3ygbe""]",1,OBSERVED_DATA_STATE,8644.53,db7d6631-8fe1-4759-8651-ed876b7be7a3,2026-09-26 08:44:42,,1,,CURRENT_MONTH,PAID,RCB,1,false,false,false,5f1b771d-55a8-47c3-b9b5-5c2c90d4840c,LEAD_STATUS_PURCHASED,,,0,,MOTOR_TYPE_COMPULSORY,true,L80908582,L80908582-M1,2,2026-09-26 08:44:42,2026-09-26,PAYMENT_DATE,QR_CODE,ONETIME,FULL_PAYMENT,1,products/car-insurance,chrg_6956iaviv1rq5d3ygbe,2026-09-26 08:44:42,SAP_ITEM_NOT_FOUND,MISSING_TERMINAL_SAP_EVIDENCE,0,,,0,0,,,RCB,1,ITEM_SUBMISSION_STATUS_SUBMITTED,0,1,de8d5bd1-0200-4759-937d-9e0532e82f3f,true,false,,,RCL newpayment membership applies only to Motor RCL; false for other flows is not a blocker.,2026-09-26 15:53:33,insurers/11,RCB_Motor_process_3_change|RCB_Motor_process_create,RCB_Motor_process_3_change|RCB_Motor_process_create,RCB_Motor_process_3_change|RCB_Motor_process_create,RCB_Motor_process_3_change|RCB_Motor_process_create,chrg_6956iaviv1rq5d3ygbe,EVENT_IDENTITY_PRESENT,NEW_ITEM_RECEIPT,,,,,OUTPUT_IDENTITY_PRESENT_DELIVERY_NOT_PROVEN,FIRST_APPLICABLE_OBSERVED_GROUP_NOT_EXHAUSTIVE,"[{""view"":""RCB_Motor_process_3_change"",""invoice_no"":""chrg_6956iaviv1rq5d3ygbe"",""flags"":[""SOURCE_NON_EDC_FORCED_TO_EDC_KBANK""],""actual_received"":""645.21"",""channel"":""RCB-EDC-KBANK""}]",2,True,True,Identity+status only; no scheduling/import or accounting allocation assertion. Cancellation does not prove per-DocEntry multiplicity.
RECEIPT_LINK,MULTI_ITEM_ALLOCATION_NOT_RECONCILED,ITEM_APPROVAL_STATUS_PENDING,2026-09-26 16:06:06,2026-10-01,2026-09-01,Motor,,,,"[""chrg_6956iaviv1rq5d3ygbe""]",1,OBSERVED_DATA_STATE,8644.53,db7d6631-8fe1-4759-8651-ed876b7be7a3,2026-09-26 08:44:42,,1,,CURRENT_MONTH,PAID,RCB,1,false,false,false,272ee821-023b-4b09-9049-bd7b2b1e1883,LEAD_STATUS_PURCHASED,,,0,,MOTOR_TYPE_2_PLUS,true,L80908582,L80908582-V1,2,2026-09-26 08:44:42,2026-09-26,PAYMENT_DATE,QR_CODE,ONETIME,FULL_PAYMENT,1,products/car-insurance,chrg_6956iaviv1rq5d3ygbe,2026-09-26 08:44:42,SAP_ITEM_NOT_FOUND,MISSING_TERMINAL_SAP_EVIDENCE,0,,,0,0,,,RCB,1,ITEM_SUBMISSION_STATUS_SUBMITTED,0,1,de8d5bd1-0200-4759-937d-9e0532e82f3f,true,false,,,RCL newpayment membership applies only to Motor RCL; false for other flows is not a blocker.,2026-09-26 15:53:33,insurers/11,RCB_Motor_process_3_change|RCB_Motor_process_create,RCB_Motor_process_3_change|RCB_Motor_process_create,RCB_Motor_process_3_change|RCB_Motor_process_create,RCB_Motor_process_3_change|RCB_Motor_process_create,chrg_6956iaviv1rq5d3ygbe,EVENT_IDENTITY_PRESENT,NEW_ITEM_RECEIPT,,,,,OUTPUT_IDENTITY_PRESENT_DELIVERY_NOT_PROVEN,FIRST_APPLICABLE_OBSERVED_GROUP_NOT_EXHAUSTIVE,"[{""view"":""RCB_Motor_process_3_change"",""invoice_no"":""chrg_6956iaviv1rq5d3ygbe"",""flags"":[""SOURCE_NON_EDC_FORCED_TO_EDC_KBANK""],""actual_received"":""7999.32"",""channel"":""RCB-EDC-KBANK""}]",2,True,True,Identity+status only; no scheduling/import or accounting allocation assertion. Cancellation does not prove per-DocEntry multiplicity.
RECEIPT_LINK,SINGLE_ITEM_RAW_CHARGE_COMPARISON,ITEM_APPROVAL_STATUS_PENDING,2026-09-26 16:06:06,2026-10-01,2026-09-01,Motor,,,,"[""chrg_6953yx2nzib81oqet5y"",""2_chrg_6953yx2nzib81oqet5y""]",6,OBSERVED_DATA_STATE,1150.0,0e4eda41-7e99-4196-b2d4-b3b5b2279585,2026-09-26 05:42:19,1150.0,0,,CURRENT_MONTH,PAID,RCL,1,false,false,false,fc6744cf-b463-4c67-959b-5912e40389b5,LEAD_STATUS_PURCHASED,,,0,,MOTOR_TYPE_2_PLUS,true,L80920533,L80920533-V1,1,2026-09-26 05:42:17,2026-09-26,PAYMENT_DATE,QR_CODE,INSTALLMENT,RABBIT_CARE_INSTALLMENT,1,products/car-insurance,chrg_6953yx2nzib81oqet5y,2026-09-26 05:42:17,SAP_ITEM_NOT_FOUND,MISSING_TERMINAL_SAP_EVIDENCE,0,,,0,0,,,RABBIT_LENDING,6,ITEM_SUBMISSION_STATUS_SUBMITTED,0,1,d9bffa7b-91d2-44c1-be0a-184bc4dd2357,true,true,,,RCL newpayment membership applies only to Motor RCL; false for other flows is not a blocker.,2026-09-26 14:53:27,insurers/28,RCL_Motor_process_1_create|RCL_Motor_process_2_newpayment,RCL_Motor_process_1_create|RCL_Motor_process_2_newpayment,RCL_Motor_process_1_create|RCL_Motor_process_2_newpayment,RCL_Motor_process_1_create|RCL_Motor_process_2_newpayment,2_chrg_6953yx2nzib81oqet5y,EVENT_IDENTITY_PRESENT,NEW_ITEM_RECEIPT,false,false,,,OUTPUT_IDENTITY_PRESENT_DELIVERY_NOT_PROVEN,FIRST_APPLICABLE_OBSERVED_GROUP_NOT_EXHAUSTIVE,[],2,True,False,Identity+status only; no scheduling/import or accounting allocation assertion. Cancellation does not prove per-DocEntry multiplicity.
RECEIPT_LINK,SINGLE_ITEM_RAW_CHARGE_COMPARISON,ITEM_APPROVAL_STATUS_PENDING,2026-09-26 16:06:06,2026-10-01,2026-09-01,Motor,,,,"[""chrg_6952xv4f3g7q5fjlwu0""]",1,OBSERVED_DATA_STATE,27180.67,0398875f-f42f-461d-a87b-d9318f0eb2f7,2026-09-26 03:38:42,27180.67,0,,CURRENT_MONTH,PAID,RCB,1,false,false,false,f57f5834-2c03-4c42-b213-5956fe569467,LEAD_STATUS_PURCHASED,,,0,,MOTOR_TYPE_1,true,L80920733,L80920733-V1,1,2026-09-26 03:38:41,2026-09-26,PAYMENT_DATE,QR_CODE,ONETIME,FULL_PAYMENT,1,products/car-insurance,chrg_6952xv4f3g7q5fjlwu0,2026-09-26 03:38:41,SAP_ITEM_NOT_FOUND,MISSING_TERMINAL_SAP_EVIDENCE,0,,,0,0,,,RCB,1,ITEM_SUBMISSION_STATUS_SUBMITTED,0,1,480345d4-117b-4a04-80ad-623d42e1d7c2,true,false,,,RCL newpayment membership applies only to Motor RCL; false for other flows is not a blocker.,2026-09-26 11:01:11,insurers/17,RCB_Motor_process_3_change|RCB_Motor_process_create,RCB_Motor_process_3_change|RCB_Motor_process_create,RCB_Motor_process_3_change|RCB_Motor_process_create,RCB_Motor_process_3_change|RCB_Motor_process_create,chrg_6952xv4f3g7q5fjlwu0,EVENT_IDENTITY_PRESENT,NEW_ITEM_RECEIPT,,,,,OUTPUT_IDENTITY_PRESENT_DELIVERY_NOT_PROVEN,FIRST_APPLICABLE_OBSERVED_GROUP_NOT_EXHAUSTIVE,"[{""view"":""RCB_Motor_process_3_change"",""invoice_no"":""chrg_6952xv4f3g7q5fjlwu0"",""flags"":[""SOURCE_NON_EDC_FORCED_TO_EDC_KBANK""],""actual_received"":""27180.67"",""channel"":""RCB-EDC-KBANK""}]",2,True,True,Identity+status only; no scheduling/import or accounting allocation assertion. Cancellation does not prove per-DocEntry multiplicity.
RECEIPT_LINK,SINGLE_ITEM_RAW_CHARGE_COMPARISON,ITEM_APPROVAL_STATUS_PENDING,2026-09-26 16:06:06,2026-10-01,2026-09-01,Motor,,,,"[""chrg_69530gjkisgqhvpcjc8"",""2_chrg_69530gjkisgqhvpcjc8""]",10,OBSERVED_DATA_STATE,1450.0,25c26108-6c76-4e31-a9df-d14d0d623ae8,2026-09-26 02:53:12,1450.0,0,,CURRENT_MONTH,PAID,RCL,1,false,false,false,a74f3cf1-feed-4ba7-a7ff-6029d91fa1af,LEAD_STATUS_PURCHASED,,,0,,MOTOR_TYPE_1,true,L80921217,L80921217-V1,1,2026-09-26 02:53:11,2026-09-26,PAYMENT_DATE,QR_CODE,INSTALLMENT,RABBIT_CARE_INSTALLMENT,1,products/car-insurance,chrg_69530gjkisgqhvpcjc8,2026-09-26 02:53:11,SAP_ITEM_NOT_FOUND,MISSING_TERMINAL_SAP_EVIDENCE,0,,,0,0,,,RABBIT_LENDING,10,ITEM_SUBMISSION_STATUS_SUBMITTED,0,1,395e5c75-db10-47be-9869-9d091d2d09b5,true,true,,,RCL newpayment membership applies only to Motor RCL; false for other flows is not a blocker.,2026-09-26 10:14:44,insurers/25,RCL_Motor_process_1_create|RCL_Motor_process_2_newpayment,RCL_Motor_process_1_create|RCL_Motor_process_2_newpayment,RCL_Motor_process_1_create|RCL_Motor_process_2_newpayment,RCL_Motor_process_1_create|RCL_Motor_process_2_newpayment,2_chrg_69530gjkisgqhvpcjc8,EVENT_IDENTITY_PRESENT,NEW_ITEM_RECEIPT,false,false,,,OUTPUT_IDENTITY_PRESENT_DELIVERY_NOT_PROVEN,FIRST_APPLICABLE_OBSERVED_GROUP_NOT_EXHAUSTIVE,[],2,True,False,Identity+status only; no scheduling/import or accounting allocation assertion. Cancellation does not prove per-DocEntry multiplicity.
RECEIPT_LINK,SINGLE_ITEM_RAW_CHARGE_COMPARISON,ITEM_APPROVAL_STATUS_PENDING,2026-09-26 16:06:06,2026-10-01,2026-09-01,Motor,,,,"[""chrg_6953x6hai4mqlppmp47"",""2_chrg_6953x6hai4mqlppmp47""]",10,OBSERVED_DATA_STATE,1400.06,2d72202f-092d-4aae-aa69-ddfeeb6f05a9,2026-09-26 04:16:00,1400.06,0,,CURRENT_MONTH,PAID,RCL,1,false,false,false,f3bcfaf8-ea55-4719-8d93-2aaff7eb1e3a,LEAD_STATUS_PURCHASED,,,0,,MOTOR_TYPE_1,true,L80926515,L80926515-V1,1,2026-09-26 04:16:00,2026-09-26,PAYMENT_DATE,QR_CODE,INSTALLMENT,RABBIT_CARE_INSTALLMENT,1,products/car-insurance,chrg_6953x6hai4mqlppmp47,2026-09-26 04:16:00,SAP_ITEM_NOT_FOUND,MISSING_TERMINAL_SAP_EVIDENCE,0,,,0,0,,,RABBIT_LENDING,10,ITEM_SUBMISSION_STATUS_SUBMITTED,0,1,50a01ec9-681f-47f9-ba5a-ad9d2ea9cd68,true,true,,,RCL newpayment membership applies only to Motor RCL; false for other flows is not a blocker.,2026-09-26 15:54:53,insurers/17,RCL_Motor_process_1_create|RCL_Motor_process_2_newpayment,RCL_Motor_process_1_create|RCL_Motor_process_2_newpayment,RCL_Motor_process_1_create|RCL_Motor_process_2_newpayment,RCL_Motor_process_1_create|RCL_Motor_process_2_newpayment,2_chrg_6953x6hai4mqlppmp47,EVENT_IDENTITY_PRESENT,NEW_ITEM_RECEIPT,false,false,,,OUTPUT_IDENTITY_PRESENT_DELIVERY_NOT_PROVEN,FIRST_APPLICABLE_OBSERVED_GROUP_NOT_EXHAUSTIVE,[],2,True,False,Identity+status only; no scheduling/import or accounting allocation assertion. Cancellation does not prove per-DocEntry multiplicity.
RECEIPT_LINK,SINGLE_ITEM_RAW_CHARGE_COMPARISON,ITEM_APPROVAL_STATUS_PENDING,2026-09-26 16:06:06,2026-10-01,2026-09-01,Motor,,,,"[""chrg_6953m7ylf617ftgyj78""]",1,OBSERVED_DATA_STATE,4499.1,fd37732e-9a2a-4f35-993b-a92081952b33,2026-09-26 03:43:47,4499.1,0,,CURRENT_MONTH,PAID,RCB,1,false,false,false,06ee038c-82a0-4e9f-b57e-ce781029f673,LEAD_STATUS_PURCHASED,,,0,,MOTOR_TYPE_2_PLUS,true,L80927732,L80927732-V1,1,2026-09-26 03:43:47,2026-09-26,PAYMENT_DATE,ONLINECARD,ONETIME,FULL_PAYMENT,1,products/car-insurance,chrg_6953m7ylf617ftgyj78,2026-09-26 03:43:47,SAP_ITEM_NOT_FOUND,MISSING_TERMINAL_SAP_EVIDENCE,0,,,0,0,,,RCB,1,ITEM_SUBMISSION_STATUS_SUBMITTED,0,1,be613b58-1f11-43de-81a6-df48b86d94f2,true,false,,,RCL newpayment membership applies only to Motor RCL; false for other flows is not a blocker.,2026-09-26 10:56:28,insurers/25,RCB_Motor_process_3_change|RCB_Motor_process_create,RCB_Motor_process_3_change|RCB_Motor_process_create,RCB_Motor_process_3_change|RCB_Motor_process_create,RCB_Motor_process_3_change|RCB_Motor_process_create,chrg_6953m7ylf617ftgyj78,EVENT_IDENTITY_PRESENT,NEW_ITEM_RECEIPT,,,,,OUTPUT_IDENTITY_PRESENT_DELIVERY_NOT_PROVEN,FIRST_APPLICABLE_OBSERVED_GROUP_NOT_EXHAUSTIVE,"[{""view"":""RCB_Motor_process_3_change"",""invoice_no"":""chrg_6953m7ylf617ftgyj78"",""flags"":[""SOURCE_NON_EDC_FORCED_TO_EDC_KBANK""],""actual_received"":""4499.1"",""channel"":""RCB-EDC-KBANK""}]",2,True,True,Identity+status only; no scheduling/import or accounting allocation assertion. Cancellation does not prove per-DocEntry multiplicity.
RECEIPT_LINK,SINGLE_ITEM_RAW_CHARGE_COMPARISON,ITEM_APPROVAL_STATUS_PENDING,2026-09-26 16:06:06,2026-10-01,2026-09-01,Motor,,,,"[""chrg_694trsm9ktl66indise""]",1,OBSERVED_DATA_STATE,11872.8,2aa07f63-eef8-436d-b86f-7e5840528ade,2026-09-26 05:54:46,11872.8,0,,CURRENT_MONTH,PAID,RCB,1,false,false,false,2df8b4c4-8d06-4518-8e5e-664c39e227eb,LEAD_STATUS_PURCHASED,,,0,,MOTOR_TYPE_1,true,L80932288,L80932288-V1,1,2026-09-26 05:54:45,2026-09-26,PAYMENT_DATE,QR_CODE,ONETIME,FULL_PAYMENT,1,products/car-insurance,chrg_694trsm9ktl66indise,2026-09-26 05:54:45,SAP_ITEM_NOT_FOUND,MISSING_TERMINAL_SAP_EVIDENCE,0,,,0,0,,,RCB,1,ITEM_SUBMISSION_STATUS_SUBMITTED,0,1,90174fe9-2cf1-4aba-81b5-24bf984b177a,true,false,,,RCL newpayment membership applies only to Motor RCL; false for other flows is not a blocker.,2026-09-26 13:32:49,insurers/7,RCB_Motor_process_3_change|RCB_Motor_process_create,RCB_Motor_process_3_change|RCB_Motor_process_create,RCB_Motor_process_3_change|RCB_Motor_process_create,RCB_Motor_process_3_change|RCB_Motor_process_create,chrg_694trsm9ktl66indise,EVENT_IDENTITY_PRESENT,NEW_ITEM_RECEIPT,,,,,OUTPUT_IDENTITY_PRESENT_DELIVERY_NOT_PROVEN,FIRST_APPLICABLE_OBSERVED_GROUP_NOT_EXHAUSTIVE,"[{""view"":""RCB_Motor_process_3_change"",""invoice_no"":""chrg_694trsm9ktl66indise"",""flags"":[""SOURCE_NON_EDC_FORCED_TO_EDC_KBANK""],""actual_received"":""11872.8"",""channel"":""RCB-EDC-KBANK""}]",2,True,True,Identity+status only; no scheduling/import or accounting allocation assertion. Cancellation does not prove per-DocEntry multiplicity.
RECEIPT_LINK,SINGLE_ITEM_RAW_CHARGE_COMPARISON,ITEM_APPROVAL_STATUS_PENDING,2026-09-26 16:06:06,2026-10-01,2026-09-01,Motor,,,,"[""chrg_6954c1ejyqf6gu2sevf"",""2_chrg_6954c1ejyqf6gu2sevf""]",10,OBSERVED_DATA_STATE,3250.0,136a4b32-85ab-4d6c-b195-45c890a8c9f7,2026-09-26 06:54:49,3250.0,0,,CURRENT_MONTH,PAID,RCL,1,false,false,false,a8191664-69d1-436b-a4bb-115ae089ad31,LEAD_STATUS_PURCHASED,,,0,,MOTOR_TYPE_1,true,L80933160,L80933160-V1,1,2026-09-26 06:54:49,2026-09-26,PAYMENT_DATE,QR_CODE,INSTALLMENT,RABBIT_CARE_INSTALLMENT,1,products/car-insurance,chrg_6954c1ejyqf6gu2sevf,2026-09-26 06:54:49,SAP_ITEM_NOT_FOUND,MISSING_TERMINAL_SAP_EVIDENCE,0,,,0,0,,,RABBIT_LENDING,10,ITEM_SUBMISSION_STATUS_SUBMITTED,0,1,867d47e4-4628-4846-b1f7-84184aba0a93,true,true,,,RCL newpayment membership applies only to Motor RCL; false for other flows is not a blocker.,2026-09-26 14:27:18,insurers/35,RCL_Motor_process_1_create|RCL_Motor_process_2_newpayment,RCL_Motor_process_1_create|RCL_Motor_process_2_newpayment,RCL_Motor_process_1_create|RCL_Motor_process_2_newpayment,RCL_Motor_process_1_create|RCL_Motor_process_2_newpayment,2_chrg_6954c1ejyqf6gu2sevf,EVENT_IDENTITY_PRESENT,NEW_ITEM_RECEIPT,false,false,,,OUTPUT_IDENTITY_PRESENT_DELIVERY_NOT_PROVEN,FIRST_APPLICABLE_OBSERVED_GROUP_NOT_EXHAUSTIVE,[],2,True,False,Identity+status only; no scheduling/import or accounting allocation assertion. Cancellation does not prove per-DocEntry multiplicity.
RECEIPT_LINK,SINGLE_ITEM_RAW_CHARGE_COMPARISON,ITEM_APPROVAL_STATUS_PENDING,2026-09-26 16:06:06,2026-10-01,2026-09-01,Motor,,,,"[""chrg_6952zuzamb6zt8ghhb4""]",1,OBSERVED_DATA_STATE,5900.0,1fbe54a4-3654-49b2-91e2-3f16b699a530,2026-09-26 02:57:30,5900.0,0,,CURRENT_MONTH,PAID,RCB,1,false,false,false,1118fcac-9e5f-4800-986e-f250cd44eae9,LEAD_STATUS_PURCHASED,,,0,,MOTOR_TYPE_2_PLUS,true,L80934725,L80934725-V1,1,2026-09-26 02:57:29,2026-09-26,PAYMENT_DATE,QR_CODE,ONETIME,FULL_PAYMENT,1,products/car-insurance,chrg_6952zuzamb6zt8ghhb4,2026-09-26 02:57:29,SAP_ITEM_NOT_FOUND,MISSING_TERMINAL_SAP_EVIDENCE,0,,,0,0,,,RCB,1,ITEM_SUBMISSION_STATUS_SUBMITTED,0,1,9a233ccb-1686-4845-812b-f6234f84d1a2,true,false,,,RCL newpayment membership applies only to Motor RCL; false for other flows is not a blocker.,2026-09-26 10:14:59,insurers/28,RCB_Motor_process_3_change|RCB_Motor_process_create,RCB_Motor_process_3_change|RCB_Motor_process_create,RCB_Motor_process_3_change|RCB_Motor_process_create,RCB_Motor_process_3_change|RCB_Motor_process_create,chrg_6952zuzamb6zt8ghhb4,EVENT_IDENTITY_PRESENT,NEW_ITEM_RECEIPT,,,,,OUTPUT_IDENTITY_PRESENT_DELIVERY_NOT_PROVEN,FIRST_APPLICABLE_OBSERVED_GROUP_NOT_EXHAUSTIVE,"[{""view"":""RCB_Motor_process_3_change"",""invoice_no"":""chrg_6952zuzamb6zt8ghhb4"",""flags"":[""SOURCE_NON_EDC_FORCED_TO_EDC_KBANK""],""actual_received"":""5900.0"",""channel"":""RCB-EDC-KBANK""}]",2,True,True,Identity+status only; no scheduling/import or accounting allocation assertion. Cancellation does not prove per-DocEntry multiplicity.
RECEIPT_LINK,SINGLE_ITEM_RAW_CHARGE_COMPARISON,ITEM_APPROVAL_STATUS_PENDING,2026-09-26 16:06:06,2026-10-01,2026-09-01,Motor,,,,"[""chrg_6955bgasndmxbrwhk6v"",""2_chrg_6955bgasndmxbrwhk6v""]",10,OBSERVED_DATA_STATE,1420.0,2862d0cd-89d8-4096-ac1b-8836e6d067da,2026-09-26 06:37:52,1420.0,0,,CURRENT_MONTH,PAID,RCL,1,false,false,false,142bc408-e76f-4fe3-b2d3-5f064f540b4b,LEAD_STATUS_PURCHASED,,,0,,MOTOR_TYPE_1,true,L80937511,L80937511-V1,1,2026-09-26 06:37:52,2026-09-26,PAYMENT_DATE,QR_CODE,INSTALLMENT,RABBIT_CARE_INSTALLMENT,1,products/car-insurance,chrg_6955bgasndmxbrwhk6v,2026-09-26 06:37:52,SAP_ITEM_NOT_FOUND,MISSING_TERMINAL_SAP_EVIDENCE,0,,,0,0,,,RABBIT_LENDING,10,ITEM_SUBMISSION_STATUS_SUBMITTED,0,1,bd8b7744-919b-4765-910f-30e764082d24,true,true,,,RCL newpayment membership applies only to Motor RCL; false for other flows is not a blocker.,2026-09-26 13:53:33,insurers/28,RCL_Motor_process_1_create|RCL_Motor_process_2_newpayment,RCL_Motor_process_1_create|RCL_Motor_process_2_newpayment,RCL_Motor_process_1_create|RCL_Motor_process_2_newpayment,RCL_Motor_process_1_create|RCL_Motor_process_2_newpayment,2_chrg_6955bgasndmxbrwhk6v,EVENT_IDENTITY_PRESENT,NEW_ITEM_RECEIPT,false,false,,,OUTPUT_IDENTITY_PRESENT_DELIVERY_NOT_PROVEN,FIRST_APPLICABLE_OBSERVED_GROUP_NOT_EXHAUSTIVE,[],2,True,False,Identity+status only; no scheduling/import or accounting allocation assertion. Cancellation does not prove per-DocEntry multiplicity.
RECEIPT_LINK,SINGLE_ITEM_RAW_CHARGE_COMPARISON,ITEM_APPROVAL_STATUS_PENDING,2026-09-26 16:06:06,2026-10-01,2026-09-01,Motor,,,,"[""chrg_69547fri1hy81nxsfya"",""2_chrg_69547fri1hy81nxsfya""]",10,OBSERVED_DATA_STATE,1791.5,6cde5e06-eda4-4e69-a25c-81393a979792,2026-09-26 04:47:42,1791.5,0,,CURRENT_MONTH,PAID,RCL,1,false,false,false,11e2014e-e1e4-4ff8-82de-e1950b023a36,LEAD_STATUS_PURCHASED,,,0,,MOTOR_TYPE_1,true,L80939794,L80939794-V1,1,2026-09-26 04:47:41,2026-09-26,PAYMENT_DATE,QR_CODE,INSTALLMENT,RABBIT_CARE_INSTALLMENT,1,products/car-insurance,chrg_69547fri1hy81nxsfya,2026-09-26 04:47:41,SAP_ITEM_NOT_FOUND,MISSING_TERMINAL_SAP_EVIDENCE,0,,,0,0,,,RABBIT_LENDING,10,ITEM_SUBMISSION_STATUS_SUBMITTED,0,1,9d214957-f5d1-4435-b844-310d8017ab50,true,true,,,RCL newpayment membership applies only to Motor RCL; false for other flows is not a blocker.,2026-09-26 12:13:22,insurers/11,RCL_Motor_process_1_create|RCL_Motor_process_2_newpayment,RCL_Motor_process_1_create|RCL_Motor_process_2_newpayment,RCL_Motor_process_1_create|RCL_Motor_process_2_newpayment,RCL_Motor_process_1_create|RCL_Motor_process_2_newpayment,2_chrg_69547fri1hy81nxsfya,EVENT_IDENTITY_PRESENT,NEW_ITEM_RECEIPT,false,false,,,OUTPUT_IDENTITY_PRESENT_DELIVERY_NOT_PROVEN,FIRST_APPLICABLE_OBSERVED_GROUP_NOT_EXHAUSTIVE,[],2,True,False,Identity+status only; no scheduling/import or accounting allocation assertion. Cancellation does not prove per-DocEntry multiplicity.
RECEIPT_LINK,SINGLE_ITEM_RAW_CHARGE_COMPARISON,ITEM_APPROVAL_STATUS_PENDING,2026-09-26 16:06:06,2026-10-01,2026-09-01,Motor,,,,"[""chrg_6955rziixy91nwachty"",""2_chrg_6955rziixy91nwachty""]",10,OBSERVED_DATA_STATE,1395.0,7a303545-08e1-4d66-9156-ca3588d10f3c,2026-09-26 07:34:31,1395.0,0,,CURRENT_MONTH,PAID,RCL,1,false,false,false,91fd4539-c718-4bb5-a332-7cd5f7d52781,LEAD_STATUS_PURCHASED,,,0,,MOTOR_TYPE_1,true,L80939865,L80939865-V1,1,2026-09-26 07:34:30,2026-09-26,PAYMENT_DATE,QR_CODE,INSTALLMENT,RABBIT_CARE_INSTALLMENT,1,products/car-insurance,chrg_6955rziixy91nwachty,2026-09-26 07:34:30,SAP_ITEM_NOT_FOUND,MISSING_TERMINAL_SAP_EVIDENCE,0,,,0,0,,,RABBIT_LENDING,10,ITEM_SUBMISSION_STATUS_PENDING,0,1,b3f32890-e20f-474a-a75f-bb039d9797e0,true,true,,,RCL newpayment membership applies only to Motor RCL; false for other flows is not a blocker.,2026-09-26 15:15:01,insurers/7,RCL_Motor_process_1_create|RCL_Motor_process_2_newpayment,RCL_Motor_process_1_create|RCL_Motor_process_2_newpayment,RCL_Motor_process_1_create|RCL_Motor_process_2_newpayment,RCL_Motor_process_1_create|RCL_Motor_process_2_newpayment,2_chrg_6955rziixy91nwachty,EVENT_IDENTITY_PRESENT,NEW_ITEM_RECEIPT,false,false,,,OUTPUT_IDENTITY_PRESENT_DELIVERY_NOT_PROVEN,FIRST_APPLICABLE_OBSERVED_GROUP_NOT_EXHAUSTIVE,[],2,True,False,Identity+status only; no scheduling/import or accounting allocation assertion. Cancellation does not prove per-DocEntry multiplicity.
RECEIPT_LINK,SINGLE_ITEM_RAW_CHARGE_COMPARISON,ITEM_APPROVAL_STATUS_PENDING,2026-09-26 16:06:06,2026-10-01,2026-09-01,Motor,,,,"[""chrg_6955j4f6wz7l1lnrmb2""]",1,OBSERVED_DATA_STATE,5899.98,1cd7f19e-e42d-4dcc-b5f6-a0de0557deed,2026-09-26 07:11:40,5899.98,0,,CURRENT_MONTH,PAID,RCB,1,false,false,false,a4246b71-141e-40c6-bd63-1efa494f3ff8,LEAD_STATUS_PURCHASED,,,0,,MOTOR_TYPE_2_PLUS,true,L80939970,L80939970-V1,1,2026-09-26 07:11:39,2026-09-26,PAYMENT_DATE,QR_CODE,ONETIME,FULL_PAYMENT,1,products/car-insurance,chrg_6955j4f6wz7l1lnrmb2,2026-09-26 07:11:39,SAP_ITEM_NOT_FOUND,MISSING_TERMINAL_SAP_EVIDENCE,0,,,0,0,,,RCB,1,ITEM_SUBMISSION_STATUS_SUBMITTED,0,1,1d2831ce-deea-4c7e-9794-6cebe05f6c49,true,false,,,RCL newpayment membership applies only to Motor RCL; false for other flows is not a blocker.,2026-09-26 14:54:08,insurers/17,RCB_Motor_process_3_change|RCB_Motor_process_create,RCB_Motor_process_3_change|RCB_Motor_process_create,RCB_Motor_process_3_change|RCB_Motor_process_create,RCB_Motor_process_3_change|RCB_Motor_process_create,chrg_6955j4f6wz7l1lnrmb2,EVENT_IDENTITY_PRESENT,NEW_ITEM_RECEIPT,,,,,OUTPUT_IDENTITY_PRESENT_DELIVERY_NOT_PROVEN,FIRST_APPLICABLE_OBSERVED_GROUP_NOT_EXHAUSTIVE,"[{""view"":""RCB_Motor_process_3_change"",""invoice_no"":""chrg_6955j4f6wz7l1lnrmb2"",""flags"":[""SOURCE_NON_EDC_FORCED_TO_EDC_KBANK""],""actual_received"":""5899.98"",""channel"":""RCB-EDC-KBANK""}]",2,True,True,Identity+status only; no scheduling/import or accounting allocation assertion. Cancellation does not prove per-DocEntry multiplicity.
RECEIPT_LINK,SINGLE_ITEM_RAW_CHARGE_COMPARISON,ITEM_APPROVAL_STATUS_PENDING,2026-09-26 16:06:06,2026-10-01,2026-09-01,Motor,,,,"[""chrg_6954c0lzcn0mvndbve2"",""2_chrg_6954c0lzcn0mvndbve2""]",10,OBSERVED_DATA_STATE,1250.01,92de9953-c754-4efd-838a-9ba1da7d9e8a,2026-09-26 04:59:16,1250.01,0,,CURRENT_MONTH,PAID,RCL,1,false,false,false,a4152377-2011-40a5-b695-77d40bce6fec,LEAD_STATUS_PURCHASED,,,0,,MOTOR_TYPE_1,true,L80940125,L80940125-V1,1,2026-09-26 04:59:15,2026-09-26,PAYMENT_DATE,QR_CODE,INSTALLMENT,RABBIT_CARE_INSTALLMENT,1,products/car-insurance,chrg_6954c0lzcn0mvndbve2,2026-09-26 04:59:15,SAP_ITEM_NOT_FOUND,MISSING_TERMINAL_SAP_EVIDENCE,0,,,0,0,,,RABBIT_LENDING,10,ITEM_SUBMISSION_STATUS_PENDING,0,1,17a291ab-b7a8-46f8-8a39-6875b2ebbbba,true,true,,,RCL newpayment membership applies only to Motor RCL; false for other flows is not a blocker.,2026-09-26 13:39:19,insurers/34,RCL_Motor_process_1_create|RCL_Motor_process_2_newpayment,RCL_Motor_process_1_create|RCL_Motor_process_2_newpayment,RCL_Motor_process_1_create|RCL_Motor_process_2_newpayment,RCL_Motor_process_1_create|RCL_Motor_process_2_newpayment,2_chrg_6954c0lzcn0mvndbve2,EVENT_IDENTITY_PRESENT,NEW_ITEM_RECEIPT,false,false,,,OUTPUT_IDENTITY_PRESENT_DELIVERY_NOT_PROVEN,FIRST_APPLICABLE_OBSERVED_GROUP_NOT_EXHAUSTIVE,[],2,True,False,Identity+status only; no scheduling/import or accounting allocation assertion. Cancellation does not prove per-DocEntry multiplicity.
RECEIPT_LINK,SINGLE_ITEM_RAW_CHARGE_COMPARISON,ITEM_APPROVAL_STATUS_POLICY_UPLOADED,2026-09-26 16:06:06,2026-10-01,2026-09-01,Motor,,,,"[""chrg_6954r7yozz20uu7hyci""]",1,OBSERVED_DATA_STATE,6200.04,27b8dbda-42ac-4844-abdb-14c5bdbb4412,2026-09-26 05:42:36,6200.04,0,,CURRENT_MONTH,PAID,RCB,1,false,false,false,eb4fa54f-5bf5-4d81-a99a-cd38ef31334a,LEAD_STATUS_PURCHASED,,,0,,MOTOR_TYPE_2_PLUS,true,L80940241,L80940241-V1,1,2026-09-26 05:42:35,2026-09-26,PAYMENT_DATE,QR_CODE,ONETIME,FULL_PAYMENT,1,products/car-insurance,chrg_6954r7yozz20uu7hyci,2026-09-26 05:42:35,SAP_ITEM_NOT_FOUND,MISSING_TERMINAL_SAP_EVIDENCE,0,,,0,0,,,RCB,1,ITEM_SUBMISSION_STATUS_SUBMITTED,0,1,28526a96-9989-40f4-8ccb-62d6fa68ea91,true,false,,,RCL newpayment membership applies only to Motor RCL; false for other flows is not a blocker.,2026-09-26 12:51:45,insurers/7,RCB_Motor_process_3_change|RCB_Motor_process_create,RCB_Motor_process_3_change|RCB_Motor_process_create,RCB_Motor_process_3_change|RCB_Motor_process_create,RCB_Motor_process_3_change|RCB_Motor_process_create,chrg_6954r7yozz20uu7hyci,EVENT_IDENTITY_PRESENT,NEW_ITEM_RECEIPT,,,,,OUTPUT_IDENTITY_PRESENT_DELIVERY_NOT_PROVEN,FIRST_APPLICABLE_OBSERVED_GROUP_NOT_EXHAUSTIVE,"[{""view"":""RCB_Motor_process_3_change"",""invoice_no"":""chrg_6954r7yozz20uu7hyci"",""flags"":[""SOURCE_NON_EDC_FORCED_TO_EDC_KBANK""],""actual_received"":""6200.04"",""channel"":""RCB-EDC-KBANK""}]",2,True,True,Identity+status only; no scheduling/import or accounting allocation assertion. Cancellation does not prove per-DocEntry multiplicity.
RECEIPT_LINK,SINGLE_ITEM_RAW_CHARGE_COMPARISON,ITEM_APPROVAL_STATUS_PENDING,2026-09-26 16:06:06,2026-10-01,2026-09-01,Motor,,,,"[""chrg_6955akwbjsaj4tm584t""]",1,OBSERVED_DATA_STATE,617.16,8046dd1e-2ebe-4900-94ee-9947efc2f628,2026-09-26 06:35:35,617.16,0,,CURRENT_MONTH,PAID,RCB,1,false,false,false,af79fbd4-fadf-4b24-884d-5d7f9b638236,LEAD_STATUS_PURCHASED,,,0,,MOTOR_TYPE_2_PLUS,true,L80940441,L80940441-V1,1,2026-09-26 06:35:35,2026-09-26,PAYMENT_DATE,QR_CODE,ONETIME,FULL_PAYMENT,1,products/car-insurance,chrg_6955akwbjsaj4tm584t,2026-09-26 06:35:35,SAP_ITEM_NOT_FOUND,MISSING_TERMINAL_SAP_EVIDENCE,0,,,0,0,,,RCB,1,ITEM_SUBMISSION_STATUS_SUBMITTED,0,1,226a4b3c-7d09-4685-a4fd-a927353d0044,true,false,,,RCL newpayment membership applies only to Motor RCL; false for other flows is not a blocker.,2026-09-26 13:44:56,insurers/27,RCB_Motor_process_3_change|RCB_Motor_process_create,RCB_Motor_process_3_change|RCB_Motor_process_create,RCB_Motor_process_3_change|RCB_Motor_process_create,RCB_Motor_process_3_change|RCB_Motor_process_create,chrg_6955akwbjsaj4tm584t,EVENT_IDENTITY_PRESENT,NEW_ITEM_RECEIPT,,,,,OUTPUT_IDENTITY_PRESENT_DELIVERY_NOT_PROVEN,FIRST_APPLICABLE_OBSERVED_GROUP_NOT_EXHAUSTIVE,"[{""view"":""RCB_Motor_process_3_change"",""invoice_no"":""chrg_6955akwbjsaj4tm584t"",""flags"":[""SOURCE_NON_EDC_FORCED_TO_EDC_KBANK""],""actual_received"":""617.16"",""channel"":""RCB-EDC-KBANK""}]",2,True,True,Identity+status only; no scheduling/import or accounting allocation assertion. Cancellation does not prove per-DocEntry multiplicity.
RECEIPT_LINK,SINGLE_ITEM_RAW_CHARGE_COMPARISON,ITEM_APPROVAL_STATUS_PENDING,2026-09-26 16:06:06,2026-10-01,2026-09-01,Motor,,,,"[""chrg_6954cmkd8lzs2lwv2rd"",""2_chrg_6954cmkd8lzs2lwv2rd""]",6,OBSERVED_DATA_STATE,1416.65,25345497-8cf6-4fa0-8982-c5fc04bb2803,2026-09-26 04:59:40,1416.65,0,,CURRENT_MONTH,PAID,RCL,1,false,false,false,1ad91350-d229-4e7f-9caa-4ee7435ce0ad,LEAD_STATUS_PURCHASED,,,0,,MOTOR_TYPE_2_PLUS,true,L80940638,L80940638-V1,1,2026-09-26 04:59:39,2026-09-26,PAYMENT_DATE,QR_CODE,INSTALLMENT,RABBIT_CARE_INSTALLMENT,1,products/car-insurance,chrg_6954cmkd8lzs2lwv2rd,2026-09-26 04:59:39,SAP_ITEM_NOT_FOUND,MISSING_TERMINAL_SAP_EVIDENCE,0,,,0,0,,,RABBIT_LENDING,6,ITEM_SUBMISSION_STATUS_SUBMITTED,0,1,bfe05c6d-7477-4d99-b22b-aa1f4201fc8d,true,true,,,RCL newpayment membership applies only to Motor RCL; false for other flows is not a blocker.,2026-09-26 13:07:42,insurers/28,RCL_Motor_process_1_create|RCL_Motor_process_2_newpayment,RCL_Motor_process_1_create|RCL_Motor_process_2_newpayment,RCL_Motor_process_1_create|RCL_Motor_process_2_newpayment,RCL_Motor_process_1_create|RCL_Motor_process_2_newpayment,2_chrg_6954cmkd8lzs2lwv2rd,EVENT_IDENTITY_PRESENT,NEW_ITEM_RECEIPT,false,false,,,OUTPUT_IDENTITY_PRESENT_DELIVERY_NOT_PROVEN,FIRST_APPLICABLE_OBSERVED_GROUP_NOT_EXHAUSTIVE,[],2,True,False,Identity+status only; no scheduling/import or accounting allocation assertion. Cancellation does not prove per-DocEntry multiplicity.
RECEIPT_LINK,MULTI_ITEM_ALLOCATION_NOT_RECONCILED,ITEM_APPROVAL_STATUS_PENDING,2026-09-26 16:06:06,2026-10-01,2026-09-01,Motor,,,,"[""chrg_6953j4ior04y7wa67vj"",""2_chrg_6953j4ior04y7wa67vj""]",6,OBSERVED_DATA_STATE,1895.31,cebc8df1-426b-4d39-a2ce-a299201f960d,2026-09-26 03:36:20,,1,,CURRENT_MONTH,PAID,RCL,1,false,false,false,ac777434-e2ac-4a08-b4e2-2bb83c3c6de8,LEAD_STATUS_PURCHASED,,,0,,MOTOR_TYPE_1,true,L80940902,L80940902-V1,2,2026-09-26 03:36:19,2026-09-26,PAYMENT_DATE,QR_CODE,INSTALLMENT,RABBIT_CARE_INSTALLMENT,1,products/car-insurance,chrg_6953j4ior04y7wa67vj,2026-09-26 03:36:19,SAP_ITEM_NOT_FOUND,MISSING_TERMINAL_SAP_EVIDENCE,0,,,0,0,,,RABBIT_LENDING,6,ITEM_SUBMISSION_STATUS_SUBMITTED,0,1,71646167-649b-44cb-8c34-e8eb24610183,true,true,,,RCL newpayment membership applies only to Motor RCL; false for other flows is not a blocker.,2026-09-26 11:16:06,insurers/25,RCL_Motor_process_1_create|RCL_Motor_process_2_newpayment,RCL_Motor_process_1_create|RCL_Motor_process_2_newpayment,RCL_Motor_process_1_create|RCL_Motor_process_2_newpayment,RCL_Motor_process_1_create|RCL_Motor_process_2_newpayment,2_chrg_6953j4ior04y7wa67vj,EVENT_IDENTITY_PRESENT,NEW_ITEM_RECEIPT,false,false,,,OUTPUT_IDENTITY_PRESENT_DELIVERY_NOT_PROVEN,FIRST_APPLICABLE_OBSERVED_GROUP_NOT_EXHAUSTIVE,[],2,True,False,Identity+status only; no scheduling/import or accounting allocation assertion. Cancellation does not prove per-DocEntry multiplicity.
RECEIPT_LINK,SINGLE_ITEM_RAW_CHARGE_COMPARISON,ITEM_APPROVAL_STATUS_PENDING,2026-09-26 16:06:06,2026-10-01,2026-09-01,Motor,,,,"[""chrg_6953gp9t69qlbk6vzrv""]",1,OBSERVED_DATA_STATE,689.19,30c5a463-674e-4199-9706-34524444efd7,2026-09-26 03:40:34,689.19,0,,CURRENT_MONTH,PAID,RCB,1,false,false,false,d9a17fd3-958a-41ba-927d-11ef467735b1,LEAD_STATUS_PURCHASED,,,0,,MOTOR_TYPE_3,true,L80940910,L80940910-V1,1,2026-09-26 03:40:33,2026-09-26,PAYMENT_DATE,QR_CODE,ONETIME,FULL_PAYMENT,1,products/car-insurance,chrg_6953gp9t69qlbk6vzrv,2026-09-26 03:40:33,SAP_ITEM_NOT_FOUND,MISSING_TERMINAL_SAP_EVIDENCE,0,,,0,0,,,RCB,1,ITEM_SUBMISSION_STATUS_SUBMITTED,0,1,dfaf74af-c5a6-4d89-bae1-70326a9e4b8e,true,false,,,RCL newpayment membership applies only to Motor RCL; false for other flows is not a blocker.,2026-09-26 11:01:07,insurers/17,RCB_Motor_process_3_change|RCB_Motor_process_create,RCB_Motor_process_3_change|RCB_Motor_process_create,RCB_Motor_process_3_change|RCB_Motor_process_create,RCB_Motor_process_3_change|RCB_Motor_process_create,chrg_6953gp9t69qlbk6vzrv,EVENT_IDENTITY_PRESENT,NEW_ITEM_RECEIPT,,,,,OUTPUT_IDENTITY_PRESENT_DELIVERY_NOT_PROVEN,FIRST_APPLICABLE_OBSERVED_GROUP_NOT_EXHAUSTIVE,"[{""view"":""RCB_Motor_process_3_change"",""invoice_no"":""chrg_6953gp9t69qlbk6vzrv"",""flags"":[""SOURCE_NON_EDC_FORCED_TO_EDC_KBANK""],""actual_received"":""689.19"",""channel"":""RCB-EDC-KBANK""}]",2,True,True,Identity+status only; no scheduling/import or accounting allocation assertion. Cancellation does not prove per-DocEntry multiplicity.
RECEIPT_LINK,SINGLE_ITEM_RAW_CHARGE_COMPARISON,ITEM_APPROVAL_STATUS_PENDING,2026-09-26 16:06:06,2026-10-01,2026-09-01,Motor,,,,"[""chrg_6954ije69knk7ck7d4i""]",1,OBSERVED_DATA_STATE,7500.0,61767ffd-1798-4eaa-8598-2d82bdc04f90,2026-09-26 07:23:50,7500.0,0,,CURRENT_MONTH,PAID,RCB,1,false,false,false,6db2cc5e-f21d-4a2a-ac65-fcf3342b829d,LEAD_STATUS_PURCHASED,,,0,,MOTOR_TYPE_1,true,L80940939,L80940939-V1,1,2026-09-26 07:23:49,2026-09-26,PAYMENT_DATE,QR_CODE,ONETIME,FULL_PAYMENT,1,products/car-insurance,chrg_6954ije69knk7ck7d4i,2026-09-26 07:23:49,SAP_ITEM_NOT_FOUND,MISSING_TERMINAL_SAP_EVIDENCE,0,,,0,0,,,RCB,1,ITEM_SUBMISSION_STATUS_SUBMITTED,0,1,08b19491-6bb1-462a-b862-e0396f24686d,true,false,,,RCL newpayment membership applies only to Motor RCL; false for other flows is not a blocker.,2026-09-26 15:01:30,insurers/28,RCB_Motor_process_3_change|RCB_Motor_process_create,RCB_Motor_process_3_change|RCB_Motor_process_create,RCB_Motor_process_3_change|RCB_Motor_process_create,RCB_Motor_process_3_change|RCB_Motor_process_create,chrg_6954ije69knk7ck7d4i,EVENT_IDENTITY_PRESENT,NEW_ITEM_RECEIPT,,,,,OUTPUT_IDENTITY_PRESENT_DELIVERY_NOT_PROVEN,FIRST_APPLICABLE_OBSERVED_GROUP_NOT_EXHAUSTIVE,"[{""view"":""RCB_Motor_process_3_change"",""invoice_no"":""chrg_6954ije69knk7ck7d4i"",""flags"":[""SOURCE_NON_EDC_FORCED_TO_EDC_KBANK""],""actual_received"":""7500.0"",""channel"":""RCB-EDC-KBANK""}]",2,True,True,Identity+status only; no scheduling/import or accounting allocation assertion. Cancellation does not prove per-DocEntry multiplicity.
RECEIPT_LINK,SINGLE_ITEM_RAW_CHARGE_COMPARISON,ITEM_APPROVAL_STATUS_POLICY_UPLOADED,2026-09-26 16:06:06,2026-10-01,2026-09-01,Motor,,,,"[""chrg_6953moztp5gtucz0mjf"",""2_chrg_6953moztp5gtucz0mjf""]",6,OBSERVED_DATA_STATE,1100.0,b3f8a1f0-ba54-4c17-908a-0a8aaac05eb8,2026-09-26 03:45:35,1100.0,0,,CURRENT_MONTH,PAID,RCL,1,false,false,false,a1469780-dc73-485f-9ad5-0364537c85e7,LEAD_STATUS_PURCHASED,,,0,,MOTOR_TYPE_2_PLUS,true,L80940967,L80940967-V1,1,2026-09-26 03:45:34,2026-09-26,PAYMENT_DATE,QR_CODE,INSTALLMENT,RABBIT_CARE_INSTALLMENT,1,products/car-insurance,chrg_6953moztp5gtucz0mjf,2026-09-26 03:45:34,SAP_ITEM_NOT_FOUND,MISSING_TERMINAL_SAP_EVIDENCE,0,,,0,0,,,RABBIT_LENDING,6,ITEM_SUBMISSION_STATUS_SUBMITTED,0,1,057dc62e-7f3c-4040-adc4-394550631a9f,true,true,,,RCL newpayment membership applies only to Motor RCL; false for other flows is not a blocker.,2026-09-26 11:46:43,insurers/7,RCL_Motor_process_1_create|RCL_Motor_process_2_newpayment,RCL_Motor_process_1_create|RCL_Motor_process_2_newpayment,RCL_Motor_process_1_create|RCL_Motor_process_2_newpayment,RCL_Motor_process_1_create|RCL_Motor_process_2_newpayment,2_chrg_6953moztp5gtucz0mjf,EVENT_IDENTITY_PRESENT,NEW_ITEM_RECEIPT,false,false,,,OUTPUT_IDENTITY_PRESENT_DELIVERY_NOT_PROVEN,FIRST_APPLICABLE_OBSERVED_GROUP_NOT_EXHAUSTIVE,[],2,True,False,Identity+status only; no scheduling/import or accounting allocation assertion. Cancellation does not prove per-DocEntry multiplicity.
RECEIPT_LINK,SINGLE_ITEM_RAW_CHARGE_COMPARISON,ITEM_APPROVAL_STATUS_PENDING,2026-09-26 16:06:06,2026-10-01,2026-09-01,Motor,,,,"[""chrg_6955hd7f87xi3hkv5pa"",""2_chrg_6955hd7f87xi3hkv5pa""]",10,OBSERVED_DATA_STATE,2050.12,03765d5a-cf32-44d2-8501-0af4e77be0f7,2026-09-26 06:58:44,2050.12,0,,CURRENT_MONTH,PAID,RCL,1,false,false,false,79aff3df-2272-48a4-aca9-8f95207e003d,LEAD_STATUS_PURCHASED,,,0,,MOTOR_TYPE_1,true,L80941200,L80941200-V1,1,2026-09-26 06:58:43,2026-09-26,PAYMENT_DATE,QR_CODE,INSTALLMENT,RABBIT_CARE_INSTALLMENT,1,products/car-insurance,chrg_6955hd7f87xi3hkv5pa,2026-09-26 06:58:43,SAP_ITEM_NOT_FOUND,MISSING_TERMINAL_SAP_EVIDENCE,0,,,0,0,,,RABBIT_LENDING,10,ITEM_SUBMISSION_STATUS_PENDING,0,1,e08caa24-e9f4-4da7-8549-b22dedc955d5,true,true,,,RCL newpayment membership applies only to Motor RCL; false for other flows is not a blocker.,2026-09-26 16:24:48,insurers/28,RCL_Motor_process_1_create|RCL_Motor_process_2_newpayment,RCL_Motor_process_1_create|RCL_Motor_process_2_newpayment,RCL_Motor_process_1_create|RCL_Motor_process_2_newpayment,RCL_Motor_process_1_create|RCL_Motor_process_2_newpayment,2_chrg_6955hd7f87xi3hkv5pa,EVENT_IDENTITY_PRESENT,NEW_ITEM_RECEIPT,false,false,,,OUTPUT_IDENTITY_PRESENT_DELIVERY_NOT_PROVEN,FIRST_APPLICABLE_OBSERVED_GROUP_NOT_EXHAUSTIVE,[],2,True,False,Identity+status only; no scheduling/import or accounting allocation assertion. Cancellation does not prove per-DocEntry multiplicity.
RECEIPT_LINK,SINGLE_ITEM_RAW_CHARGE_COMPARISON,ITEM_APPROVAL_STATUS_PENDING,2026-09-26 16:06:06,2026-10-01,2026-09-01,Motor,,,,"[""chrg_6954qmgf46515sbb24s"",""2_chrg_6954qmgf46515sbb24s""]",10,OBSERVED_DATA_STATE,1350.0,fec30ffe-0e45-4039-9c71-c6aac8fbe0ca,2026-09-26 05:39:50,1350.0,0,,CURRENT_MONTH,PAID,RCL,1,false,false,false,8c75d975-c493-4e7b-89ad-1e889deb3ed6,LEAD_STATUS_PURCHASED,,,0,,MOTOR_TYPE_1,true,L80941315,L80941315-V1,1,2026-09-26 05:39:48,2026-09-26,PAYMENT_DATE,QR_CODE,INSTALLMENT,RABBIT_CARE_INSTALLMENT,1,products/car-insurance,chrg_6954qmgf46515sbb24s,2026-09-26 05:39:48,SAP_ITEM_NOT_FOUND,MISSING_TERMINAL_SAP_EVIDENCE,0,,,0,0,,,RABBIT_LENDING,10,ITEM_SUBMISSION_STATUS_SUBMITTED,0,1,3ce81c57-7773-4bbc-916c-30ee28f9d662,true,true,,,RCL newpayment membership applies only to Motor RCL; false for other flows is not a blocker.,2026-09-26 12:52:50,insurers/25,RCL_Motor_process_1_create|RCL_Motor_process_2_newpayment,RCL_Motor_process_1_create|RCL_Motor_process_2_newpayment,RCL_Motor_process_1_create|RCL_Motor_process_2_newpayment,RCL_Motor_process_1_create|RCL_Motor_process_2_newpayment,2_chrg_6954qmgf46515sbb24s,EVENT_IDENTITY_PRESENT,NEW_ITEM_RECEIPT,false,false,,,OUTPUT_IDENTITY_PRESENT_DELIVERY_NOT_PROVEN,FIRST_APPLICABLE_OBSERVED_GROUP_NOT_EXHAUSTIVE,[],2,True,False,Identity+status only; no scheduling/import or accounting allocation assertion. Cancellation does not prove per-DocEntry multiplicity.
RECEIPT_LINK,SINGLE_ITEM_RAW_CHARGE_COMPARISON,ITEM_APPROVAL_STATUS_PENDING,2026-09-26 16:06:06,2026-10-01,2026-09-01,Motor,,,,"[""chrg_69547d0cvvw21ra5zvx""]",1,OBSERVED_DATA_STATE,5900.0,fc2015ad-676f-4b80-9bde-d325064b375a,2026-09-26 04:43:09,5900.0,0,,CURRENT_MONTH,PAID,RCB,1,false,false,false,bffbde03-3229-4808-8cc8-55c969d85c5b,LEAD_STATUS_PURCHASED,,,0,,MOTOR_TYPE_2_PLUS,true,L80941318,L80941318-V1,1,2026-09-26 04:43:09,2026-09-26,PAYMENT_DATE,ONLINECARD,ONETIME,FULL_PAYMENT,1,products/car-insurance,chrg_69547d0cvvw21ra5zvx,2026-09-26 04:43:09,SAP_ITEM_NOT_FOUND,MISSING_TERMINAL_SAP_EVIDENCE,0,,,0,0,,,RCB,1,ITEM_SUBMISSION_STATUS_SUBMITTED,0,1,3dadacea-56ee-4d20-bbb2-b4b147e04df7,true,false,,,RCL newpayment membership applies only to Motor RCL; false for other flows is not a blocker.,2026-09-26 11:53:22,insurers/25,RCB_Motor_process_3_change|RCB_Motor_process_create,RCB_Motor_process_3_change|RCB_Motor_process_create,RCB_Motor_process_3_change|RCB_Motor_process_create,RCB_Motor_process_3_change|RCB_Motor_process_create,chrg_69547d0cvvw21ra5zvx,EVENT_IDENTITY_PRESENT,NEW_ITEM_RECEIPT,,,,,OUTPUT_IDENTITY_PRESENT_DELIVERY_NOT_PROVEN,FIRST_APPLICABLE_OBSERVED_GROUP_NOT_EXHAUSTIVE,"[{""view"":""RCB_Motor_process_3_change"",""invoice_no"":""chrg_69547d0cvvw21ra5zvx"",""flags"":[""SOURCE_NON_EDC_FORCED_TO_EDC_KBANK""],""actual_received"":""5900.0"",""channel"":""RCB-EDC-KBANK""}]",2,True,True,Identity+status only; no scheduling/import or accounting allocation assertion. Cancellation does not prove per-DocEntry multiplicity.
RECEIPT_LINK,SINGLE_ITEM_RAW_CHARGE_COMPARISON,ITEM_APPROVAL_STATUS_PENDING,2026-09-26 16:06:06,2026-10-01,2026-09-01,Motor,,,,"[""chrg_69552f01d0n7it8fr3u""]",1,OBSERVED_DATA_STATE,11155.0,36af570b-332f-4a54-9b8d-14a6697d6520,2026-09-26 06:16:28,11155.0,0,,CURRENT_MONTH,PAID,RCB,1,false,false,false,3fd970d7-f0ca-4659-86ff-a92e8ba3b5fa,LEAD_STATUS_PURCHASED,,,0,,MOTOR_TYPE_1,true,L80941333,L80941333-V1,1,2026-09-26 06:16:28,2026-09-26,PAYMENT_DATE,QR_CODE,ONETIME,FULL_PAYMENT,1,products/car-insurance,chrg_69552f01d0n7it8fr3u,2026-09-26 06:16:28,SAP_ITEM_NOT_FOUND,MISSING_TERMINAL_SAP_EVIDENCE,0,,,0,0,,,RCB,1,ITEM_SUBMISSION_STATUS_PENDING,0,1,193ab7e6-ee30-4031-8086-c66a146df6e1,true,false,,,RCL newpayment membership applies only to Motor RCL; false for other flows is not a blocker.,2026-09-26 13:29:03,insurers/28,RCB_Motor_process_3_change|RCB_Motor_process_create,RCB_Motor_process_3_change|RCB_Motor_process_create,RCB_Motor_process_3_change|RCB_Motor_process_create,RCB_Motor_process_3_change|RCB_Motor_process_create,chrg_69552f01d0n7it8fr3u,EVENT_IDENTITY_PRESENT,NEW_ITEM_RECEIPT,,,,,OUTPUT_IDENTITY_PRESENT_DELIVERY_NOT_PROVEN,FIRST_APPLICABLE_OBSERVED_GROUP_NOT_EXHAUSTIVE,"[{""view"":""RCB_Motor_process_3_change"",""invoice_no"":""chrg_69552f01d0n7it8fr3u"",""flags"":[""SOURCE_NON_EDC_FORCED_TO_EDC_KBANK""],""actual_received"":""11155.0"",""channel"":""RCB-EDC-KBANK""}]",2,True,True,Identity+status only; no scheduling/import or accounting allocation assertion. Cancellation does not prove per-DocEntry multiplicity.
RECEIPT_LINK,SINGLE_ITEM_RAW_CHARGE_COMPARISON,ITEM_APPROVAL_STATUS_PENDING,2026-09-26 16:06:06,2026-10-01,2026-09-01,Motor,,,,"[""chrg_6954kmksjkm9wlxlhtz"",""2_chrg_6954kmksjkm9wlxlhtz""]",10,OBSERVED_DATA_STATE,2300.0,68169760-6f13-4521-8a9d-5d6102293ecc,2026-09-26 05:26:12,2300.0,0,,CURRENT_MONTH,PAID,RCL,1,false,false,false,532afa28-edb9-4b25-abed-98bf0b7065c4,LEAD_STATUS_PURCHASED,,,0,,MOTOR_TYPE_1,true,L80941390,L80941390-V1,1,2026-09-26 05:26:12,2026-09-26,PAYMENT_DATE,QR_CODE,INSTALLMENT,RABBIT_CARE_INSTALLMENT,1,products/car-insurance,chrg_6954kmksjkm9wlxlhtz,2026-09-26 05:26:12,SAP_ITEM_NOT_FOUND,MISSING_TERMINAL_SAP_EVIDENCE,0,,,0,0,,,RABBIT_LENDING,10,ITEM_SUBMISSION_STATUS_PENDING,0,1,87d05f17-d841-4174-a201-5738d4100ea3,true,true,,,RCL newpayment membership applies only to Motor RCL; false for other flows is not a blocker.,2026-09-26 12:34:46,insurers/27,RCL_Motor_process_1_create|RCL_Motor_process_2_newpayment,RCL_Motor_process_1_create|RCL_Motor_process_2_newpayment,RCL_Motor_process_1_create|RCL_Motor_process_2_newpayment,RCL_Motor_process_1_create|RCL_Motor_process_2_newpayment,2_chrg_6954kmksjkm9wlxlhtz,EVENT_IDENTITY_PRESENT,NEW_ITEM_RECEIPT,false,false,,,OUTPUT_IDENTITY_PRESENT_DELIVERY_NOT_PROVEN,FIRST_APPLICABLE_OBSERVED_GROUP_NOT_EXHAUSTIVE,[],2,True,False,Identity+status only; no scheduling/import or accounting allocation assertion. Cancellation does not prove per-DocEntry multiplicity.
RECEIPT_LINK,MULTI_ITEM_ALLOCATION_NOT_RECONCILED,ITEM_APPROVAL_STATUS_POLICY_UPLOADED,2026-09-26 16:06:06,2026-10-01,2026-09-01,Motor,,,,"[""chrg_69559z63cq2oofrra5g""]",1,OBSERVED_DATA_STATE,7545.21,5fbc7aa3-bbe1-47f6-b621-5980ae7da9fc,2026-09-26 06:34:21,,1,,CURRENT_MONTH,PAID,RCB,1,false,false,false,e6bc93b2-3528-4aab-a717-d1b822d06eff,LEAD_STATUS_PURCHASED,,,0,,MOTOR_TYPE_COMPULSORY,true,L80941407,L80941407-M1,2,2026-09-26 06:34:20,2026-09-26,PAYMENT_DATE,QR_CODE,ONETIME,FULL_PAYMENT,1,products/car-insurance,chrg_69559z63cq2oofrra5g,2026-09-26 06:34:20,SAP_ITEM_NOT_FOUND,MISSING_TERMINAL_SAP_EVIDENCE,0,,,0,0,,,RCB,1,ITEM_SUBMISSION_STATUS_SUBMITTED,0,1,3bad50ae-7245-4e46-a7c7-6eb4562ed271,true,false,,,RCL newpayment membership applies only to Motor RCL; false for other flows is not a blocker.,2026-09-26 14:03:58,insurers/28,RCB_Motor_process_3_change|RCB_Motor_process_create,RCB_Motor_process_3_change|RCB_Motor_process_create,RCB_Motor_process_3_change|RCB_Motor_process_create,RCB_Motor_process_3_change|RCB_Motor_process_create,chrg_69559z63cq2oofrra5g,EVENT_IDENTITY_PRESENT,NEW_ITEM_RECEIPT,,,,,OUTPUT_IDENTITY_PRESENT_DELIVERY_NOT_PROVEN,FIRST_APPLICABLE_OBSERVED_GROUP_NOT_EXHAUSTIVE,"[{""view"":""RCB_Motor_process_3_change"",""invoice_no"":""chrg_69559z63cq2oofrra5g"",""flags"":[""SOURCE_NON_EDC_FORCED_TO_EDC_KBANK""],""actual_received"":""645.21"",""channel"":""RCB-EDC-KBANK""}]",2,True,True,Identity+status only; no scheduling/import or accounting allocation assertion. Cancellation does not prove per-DocEntry multiplicity.
RECEIPT_LINK,MULTI_ITEM_ALLOCATION_NOT_RECONCILED,ITEM_APPROVAL_STATUS_PENDING,2026-09-26 16:06:06,2026-10-01,2026-09-01,Motor,,,,"[""chrg_69559z63cq2oofrra5g""]",1,OBSERVED_DATA_STATE,7545.21,5fbc7aa3-bbe1-47f6-b621-5980ae7da9fc,2026-09-26 06:34:21,,1,,CURRENT_MONTH,PAID,RCB,1,false,false,false,0ae07ec9-adf4-45fb-8d61-304ebcee6be8,LEAD_STATUS_PURCHASED,,,0,,MOTOR_TYPE_2_PLUS,true,L80941407,L80941407-V1,2,2026-09-26 06:34:20,2026-09-26,PAYMENT_DATE,QR_CODE,ONETIME,FULL_PAYMENT,1,products/car-insurance,chrg_69559z63cq2oofrra5g,2026-09-26 06:34:20,SAP_ITEM_NOT_FOUND,MISSING_TERMINAL_SAP_EVIDENCE,0,,,0,0,,,RCB,1,ITEM_SUBMISSION_STATUS_SUBMITTED,0,1,3bad50ae-7245-4e46-a7c7-6eb4562ed271,true,false,,,RCL newpayment membership applies only to Motor RCL; false for other flows is not a blocker.,2026-09-26 14:03:58,insurers/28,RCB_Motor_process_3_change|RCB_Motor_process_create,RCB_Motor_process_3_change|RCB_Motor_process_create,RCB_Motor_process_3_change|RCB_Motor_process_create,RCB_Motor_process_3_change|RCB_Motor_process_create,chrg_69559z63cq2oofrra5g,EVENT_IDENTITY_PRESENT,NEW_ITEM_RECEIPT,,,,,OUTPUT_IDENTITY_PRESENT_DELIVERY_NOT_PROVEN,FIRST_APPLICABLE_OBSERVED_GROUP_NOT_EXHAUSTIVE,"[{""view"":""RCB_Motor_process_3_change"",""invoice_no"":""chrg_69559z63cq2oofrra5g"",""flags"":[""SOURCE_NON_EDC_FORCED_TO_EDC_KBANK""],""actual_received"":""6900.0"",""channel"":""RCB-EDC-KBANK""}]",2,True,True,Identity+status only; no scheduling/import or accounting allocation assertion. Cancellation does not prove per-DocEntry multiplicity.
RECEIPT_LINK,SINGLE_ITEM_RAW_CHARGE_COMPARISON,ITEM_APPROVAL_STATUS_POLICY_UPLOADED,2026-09-26 16:06:06,2026-10-01,2026-09-01,Motor,,,,"[""chrg_6954ijdr9fhac4txhph""]",1,OBSERVED_DATA_STATE,645.21,a2116123-ac8b-4301-9f97-f49f3c7e2c0b,2026-09-26 05:15:34,645.21,1,,CURRENT_MONTH,PAID,RCB,1,false,false,false,0a8648ad-c690-4039-a2f2-a6ad878e1095,LEAD_STATUS_PURCHASED,,,0,,MOTOR_TYPE_COMPULSORY,true,L80941435,L80941435-M1,1,2026-09-26 05:15:33,2026-09-26,PAYMENT_DATE,QR_CODE,ONETIME,FULL_PAYMENT,1,products/car-insurance,chrg_6954ijdr9fhac4txhph,2026-09-26 05:15:33,SAP_ITEM_NOT_FOUND,MISSING_TERMINAL_SAP_EVIDENCE,0,,,0,0,,,RCB,1,ITEM_SUBMISSION_STATUS_SUBMITTED,0,1,22754bc9-797c-4edf-9b7a-4cdc8e331226,true,false,,,RCL newpayment membership applies only to Motor RCL; false for other flows is not a blocker.,2026-09-26 12:31:51,insurers/7,RCB_Motor_process_3_change|RCB_Motor_process_create,RCB_Motor_process_3_change|RCB_Motor_process_create,RCB_Motor_process_3_change|RCB_Motor_process_create,RCB_Motor_process_3_change|RCB_Motor_process_create,chrg_6954ijdr9fhac4txhph,EVENT_IDENTITY_PRESENT,NEW_ITEM_RECEIPT,,,,,OUTPUT_IDENTITY_PRESENT_DELIVERY_NOT_PROVEN,FIRST_APPLICABLE_OBSERVED_GROUP_NOT_EXHAUSTIVE,"[{""view"":""RCB_Motor_process_3_change"",""invoice_no"":""chrg_6954ijdr9fhac4txhph"",""flags"":[""SOURCE_NON_EDC_FORCED_TO_EDC_KBANK""],""actual_received"":""645.21"",""channel"":""RCB-EDC-KBANK""}]",2,True,True,Identity+status only; no scheduling/import or accounting allocation assertion. Cancellation does not prove per-DocEntry multiplicity.
RECEIPT_LINK,SINGLE_ITEM_RAW_CHARGE_COMPARISON,ITEM_APPROVAL_STATUS_PENDING,2026-09-26 16:06:06,2026-10-01,2026-09-01,Motor,,,,"[""chrg_6955x8qukojvt6dka2v""]",1,OBSERVED_DATA_STATE,617.16,337c57e6-22d6-405a-8a3b-61c8354c3210,2026-09-26 07:44:04,617.16,0,,CURRENT_MONTH,PAID,RCB,1,false,false,false,79f4a571-8ea5-4c32-8792-89183460130f,LEAD_STATUS_PURCHASED,,,0,,MOTOR_TYPE_2_PLUS,true,L80941878,L80941878-V1,1,2026-09-26 07:44:03,2026-09-26,PAYMENT_DATE,QR_CODE,ONETIME,FULL_PAYMENT,1,products/car-insurance,chrg_6955x8qukojvt6dka2v,2026-09-26 07:44:03,SAP_ITEM_NOT_FOUND,MISSING_TERMINAL_SAP_EVIDENCE,0,,,0,0,,,RCB,1,ITEM_SUBMISSION_STATUS_SUBMITTED,0,1,fa18e24f-3544-4a49-93da-3f7cd61078cd,true,false,,,RCL newpayment membership applies only to Motor RCL; false for other flows is not a blocker.,2026-09-26 15:00:03,insurers/27,RCB_Motor_process_3_change|RCB_Motor_process_create,RCB_Motor_process_3_change|RCB_Motor_process_create,RCB_Motor_process_3_change|RCB_Motor_process_create,RCB_Motor_process_3_change|RCB_Motor_process_create,chrg_6955x8qukojvt6dka2v,EVENT_IDENTITY_PRESENT,NEW_ITEM_RECEIPT,,,,,OUTPUT_IDENTITY_PRESENT_DELIVERY_NOT_PROVEN,FIRST_APPLICABLE_OBSERVED_GROUP_NOT_EXHAUSTIVE,"[{""view"":""RCB_Motor_process_3_change"",""invoice_no"":""chrg_6955x8qukojvt6dka2v"",""flags"":[""SOURCE_NON_EDC_FORCED_TO_EDC_KBANK""],""actual_received"":""617.16"",""channel"":""RCB-EDC-KBANK""}]",2,True,True,Identity+status only; no scheduling/import or accounting allocation assertion. Cancellation does not prove per-DocEntry multiplicity.
RECEIPT_LINK,SINGLE_ITEM_RAW_CHARGE_COMPARISON,ITEM_APPROVAL_STATUS_PENDING,2026-09-26 16:06:06,2026-10-01,2026-09-01,Motor,,,,"[""chrg_6956goim6xdv4ml3jk0"",""2_chrg_6956goim6xdv4ml3jk0""]",10,OBSERVED_DATA_STATE,1550.0,359fde7c-970c-4d91-a49b-1362929707ec,2026-09-26 08:34:45,1550.0,0,,CURRENT_MONTH,PAID,RCL,1,false,false,false,e9490bd2-3edf-4558-8de8-28b6de0de8a3,LEAD_STATUS_PURCHASED,,,0,,MOTOR_TYPE_1,true,L80942063,L80942063-V1,1,2026-09-26 08:34:44,2026-09-26,PAYMENT_DATE,QR_CODE,INSTALLMENT,RABBIT_CARE_INSTALLMENT,1,products/car-insurance,chrg_6956goim6xdv4ml3jk0,2026-09-26 08:34:44,SAP_ITEM_NOT_FOUND,MISSING_TERMINAL_SAP_EVIDENCE,0,,,0,0,,,RABBIT_LENDING,10,ITEM_SUBMISSION_STATUS_SUBMITTED,0,1,042f3ac4-2de1-4dc7-9e1b-572af0fab37c,true,true,,,RCL newpayment membership applies only to Motor RCL; false for other flows is not a blocker.,2026-09-26 15:57:39,insurers/25,RCL_Motor_process_1_create|RCL_Motor_process_2_newpayment,RCL_Motor_process_1_create|RCL_Motor_process_2_newpayment,RCL_Motor_process_1_create|RCL_Motor_process_2_newpayment,RCL_Motor_process_1_create|RCL_Motor_process_2_newpayment,2_chrg_6956goim6xdv4ml3jk0,EVENT_IDENTITY_PRESENT,NEW_ITEM_RECEIPT,false,false,,,OUTPUT_IDENTITY_PRESENT_DELIVERY_NOT_PROVEN,FIRST_APPLICABLE_OBSERVED_GROUP_NOT_EXHAUSTIVE,[],2,True,False,Identity+status only; no scheduling/import or accounting allocation assertion. Cancellation does not prove per-DocEntry multiplicity.
RECEIPT_LINK,SINGLE_ITEM_RAW_CHARGE_COMPARISON,ITEM_APPROVAL_STATUS_PENDING,2026-09-26 16:06:06,2026-10-01,2026-09-01,Motor,,,,"[""chrg_69574i3wvwloyme9gbi""]",1,OBSERVED_DATA_STATE,5099.62,3b41f55c-a6b3-4b3a-8fb7-58c58242bcb4,2026-09-26 09:46:24,5099.62,0,,CURRENT_MONTH,PAID,RCB,1,false,false,false,ffe7698f-be88-4df0-8ac5-25b699d57bda,LEAD_STATUS_PURCHASED,,,0,,MOTOR_TYPE_1,true,L80942135,L80942135-V1,1,2026-09-26 09:46:23,2026-09-26,PAYMENT_DATE,QR_CODE,ONETIME,FULL_PAYMENT,1,products/car-insurance,chrg_69574i3wvwloyme9gbi,2026-09-26 09:46:23,SAP_ITEM_NOT_FOUND,MISSING_TERMINAL_SAP_EVIDENCE,0,,,0,0,,,RCB,1,ITEM_SUBMISSION_STATUS_SUBMITTED,0,1,301c48e4-b7d5-4c0a-ae47-21f81ce954be,true,false,,,RCL newpayment membership applies only to Motor RCL; false for other flows is not a blocker.,2026-09-26 16:53:46,insurers/11,RCB_Motor_process_3_change|RCB_Motor_process_create,RCB_Motor_process_3_change|RCB_Motor_process_create,RCB_Motor_process_3_change|RCB_Motor_process_create,RCB_Motor_process_3_change|RCB_Motor_process_create,chrg_69574i3wvwloyme9gbi,EVENT_IDENTITY_PRESENT,NEW_ITEM_RECEIPT,,,,,OUTPUT_IDENTITY_PRESENT_DELIVERY_NOT_PROVEN,FIRST_APPLICABLE_OBSERVED_GROUP_NOT_EXHAUSTIVE,"[{""view"":""RCB_Motor_process_3_change"",""invoice_no"":""chrg_69574i3wvwloyme9gbi"",""flags"":[""SOURCE_NON_EDC_FORCED_TO_EDC_KBANK""],""actual_received"":""5099.62"",""channel"":""RCB-EDC-KBANK""}]",2,True,True,Identity+status only; no scheduling/import or accounting allocation assertion. Cancellation does not prove per-DocEntry multiplicity.
RECEIPT_LINK,SINGLE_ITEM_RAW_CHARGE_COMPARISON,ITEM_APPROVAL_STATUS_PENDING,2026-09-26 16:06:06,2026-10-01,2026-09-01,Motor,,,,"[""chrg_6957g84vzu0h31xkxsc"",""2_chrg_6957g84vzu0h31xkxsc""]",10,OBSERVED_DATA_STATE,1300.0,bd55631f-9175-4030-b00e-e66a3b1b36f8,2026-09-26 10:15:29,1300.0,0,,CURRENT_MONTH,PAID,RCL,1,false,false,false,28669911-2837-4bd1-9ec2-8a9afbc2348c,LEAD_STATUS_PURCHASED,,,0,,MOTOR_TYPE_1,true,L80943129,L80943129-V1,1,2026-09-26 10:15:28,2026-09-26,PAYMENT_DATE,QR_CODE,INSTALLMENT,RABBIT_CARE_INSTALLMENT,1,products/car-insurance,chrg_6957g84vzu0h31xkxsc,2026-09-26 10:15:28,SAP_ITEM_NOT_FOUND,MISSING_TERMINAL_SAP_EVIDENCE,0,,,0,0,,,RABBIT_LENDING,10,ITEM_SUBMISSION_STATUS_PENDING,0,1,951b8441-8830-4617-985a-7140ca634e3b,true,true,,,RCL newpayment membership applies only to Motor RCL; false for other flows is not a blocker.,2026-09-26 17:21:49,insurers/25,RCL_Motor_process_1_create|RCL_Motor_process_2_newpayment,RCL_Motor_process_1_create|RCL_Motor_process_2_newpayment,RCL_Motor_process_1_create|RCL_Motor_process_2_newpayment,RCL_Motor_process_1_create|RCL_Motor_process_2_newpayment,2_chrg_6957g84vzu0h31xkxsc,EVENT_IDENTITY_PRESENT,NEW_ITEM_RECEIPT,false,false,,,OUTPUT_IDENTITY_PRESENT_DELIVERY_NOT_PROVEN,FIRST_APPLICABLE_OBSERVED_GROUP_NOT_EXHAUSTIVE,[],2,True,False,Identity+status only; no scheduling/import or accounting allocation assertion. Cancellation does not prove per-DocEntry multiplicity.
RECEIPT_LINK,SINGLE_ITEM_RAW_CHARGE_COMPARISON,ITEM_APPROVAL_STATUS_PENDING,2026-09-26 16:06:06,2026-10-01,2026-09-01,Motor,,,,"[""chrg_6957q9x7iq9xxfqbdpi"",""2_chrg_6957q9x7iq9xxfqbdpi""]",3,OBSERVED_DATA_STATE,1907.66,8165cf42-532e-4bab-8df9-602ca3e5e576,2026-09-26 10:45:41,1907.66,0,,CURRENT_MONTH,PAID,RCL,1,false,false,false,95e4102c-443e-4175-bb06-b65d5c413ffb,LEAD_STATUS_PURCHASED,,,0,,MOTOR_TYPE_2_PLUS,true,L80943145,L80943145-V1,1,2026-09-26 10:45:40,2026-09-26,PAYMENT_DATE,QR_CODE,INSTALLMENT,RABBIT_CARE_INSTALLMENT,1,products/car-insurance,chrg_6957q9x7iq9xxfqbdpi,2026-09-26 10:45:40,SAP_ITEM_NOT_FOUND,MISSING_TERMINAL_SAP_EVIDENCE,0,,,0,0,,,RABBIT_LENDING,3,ITEM_SUBMISSION_STATUS_PENDING,0,1,6a39f956-f3a8-49ec-8f0f-8ee7557de6f8,true,true,,,RCL newpayment membership applies only to Motor RCL; false for other flows is not a blocker.,2026-09-26 17:57:34,insurers/17,RCL_Motor_process_1_create|RCL_Motor_process_2_newpayment,RCL_Motor_process_1_create|RCL_Motor_process_2_newpayment,RCL_Motor_process_1_create|RCL_Motor_process_2_newpayment,RCL_Motor_process_1_create|RCL_Motor_process_2_newpayment,2_chrg_6957q9x7iq9xxfqbdpi,EVENT_IDENTITY_PRESENT,NEW_ITEM_RECEIPT,false,false,,,OUTPUT_IDENTITY_PRESENT_DELIVERY_NOT_PROVEN,FIRST_APPLICABLE_OBSERVED_GROUP_NOT_EXHAUSTIVE,[],2,True,False,Identity+status only; no scheduling/import or accounting allocation assertion. Cancellation does not prove per-DocEntry multiplicity.
CANCEL_SAP_DOCUMENT,DOCUMENT_STATE_ONLY,ITEM_APPROVAL_STATUS_PENDING,2026-09-26 16:06:06,2026-10-01,2026-09-01,Motor,2026-09-25,2505775,2026-09-25 14:59:36,"[""2_chrg_694dzn97uyleeynrnxk""]",8,OBSERVED_DATA_STATE,,,,,1,,CURRENT_MONTH,CANCELLATION,RCL,1,true,false,true,044ef2a7-8dfb-4cb1-85ac-37f78ecebe6f,LEAD_STATUS_PURCHASED,2505775,2_chrg_694dzn97uyleeynrnxk,1,paid,MOTOR_TYPE_1,true,L79047811,L79047811-V1,2,2026-09-24 08:04:26,2026-09-24,SAP_PAYMENT_DATE_FOR_CANCELLED_DOCUMENT,,INSTALLMENT,RABBIT_CARE_INSTALLMENT,,products/car-insurance,2_chrg_694dzn97uyleeynrnxk,,CANCEL_CHANGE_ORDER_NOT_APPLIED,MISSING_TERMINAL_SAP_EVIDENCE,8,1762.54,2026-09-24,1,1,paid,2026-09-26 00:00:00,RABBIT_LENDING,8,ITEM_SUBMISSION_STATUS_PENDING,0,,841504cb-03e9-493b-9f6f-77c6cfc1a0fd,,,true,true,Two live cancel producers checked; output membership does not prove export or import.,2026-09-25 14:12:09,insurers/17,RCB_Motor_process_2_cancel_new|RCL_Motor_process_3_cancel,RCB_Motor_process_2_cancel_new|RCL_Motor_process_3_cancel,RCB_Motor_process_2_cancel_new|RCL_Motor_process_3_cancel,RCB_Motor_process_2_cancel_new|RCL_Motor_process_3_cancel,2_chrg_694dzn97uyleeynrnxk,EVENT_IDENTITY_PRESENT,CANCEL_CHANGE_ORDER,,,false,0,OUTPUT_IDENTITY_PRESENT_DELIVERY_NOT_PROVEN,FIRST_APPLICABLE_OBSERVED_GROUP_NOT_EXHAUSTIVE,[],2,True,False,Identity+status only; no scheduling/import or accounting allocation assertion. Cancellation does not prove per-DocEntry multiplicity.
CANCEL_SAP_DOCUMENT,DOCUMENT_STATE_ONLY,ITEM_APPROVAL_STATUS_PENDING,2026-09-26 16:06:06,2026-10-01,2026-09-01,Motor,2026-09-25,2505776,2026-09-25 14:59:36,[null],8,OBSERVED_DATA_STATE,,,,,1,,CURRENT_MONTH,CANCELLATION,RCL,2,true,false,true,044ef2a7-8dfb-4cb1-85ac-37f78ecebe6f,LEAD_STATUS_PURCHASED,2505776,,1,pending,MOTOR_TYPE_1,true,L79047811,L79047811-V1,2,2026-09-24 08:04:26,,SAP_PAYMENT_DATE_FOR_CANCELLED_DOCUMENT,,INSTALLMENT,RABBIT_CARE_INSTALLMENT,,products/car-insurance,,,CANCEL_CHANGE_ORDER_NOT_APPLIED,MISSING_TERMINAL_SAP_EVIDENCE,8,0.0,,0,1,pending,2026-09-26 00:00:00,RABBIT_LENDING,8,ITEM_SUBMISSION_STATUS_PENDING,0,,841504cb-03e9-493b-9f6f-77c6cfc1a0fd,,,true,true,Two live cancel producers checked; output membership does not prove export or import.,2026-09-25 14:12:09,insurers/17,RCB_Motor_process_2_cancel_new|RCL_Motor_process_3_cancel,RCB_Motor_process_2_cancel_new|RCL_Motor_process_3_cancel,RCB_Motor_process_2_cancel_new|RCL_Motor_process_3_cancel,RCB_Motor_process_2_cancel_new|RCL_Motor_process_3_cancel,<BLANK>,EVENT_IDENTITY_PRESENT,CANCEL_CHANGE_ORDER,,,false,0,OUTPUT_IDENTITY_PRESENT_DELIVERY_NOT_PROVEN,FIRST_APPLICABLE_OBSERVED_GROUP_NOT_EXHAUSTIVE,[],2,True,False,Identity+status only; no scheduling/import or accounting allocation assertion. Cancellation does not prove per-DocEntry multiplicity.
CANCEL_SAP_DOCUMENT,DOCUMENT_STATE_ONLY,ITEM_APPROVAL_STATUS_PENDING,2026-09-26 16:06:06,2026-10-01,2026-09-01,Motor,2026-09-25,2505777,2026-09-25 14:59:36,[null],8,OBSERVED_DATA_STATE,,,,,1,,CURRENT_MONTH,CANCELLATION,RCL,3,true,false,true,044ef2a7-8dfb-4cb1-85ac-37f78ecebe6f,LEAD_STATUS_PURCHASED,2505777,,1,pending,MOTOR_TYPE_1,true,L79047811,L79047811-V1,2,2026-09-24 08:04:26,,SAP_PAYMENT_DATE_FOR_CANCELLED_DOCUMENT,,INSTALLMENT,RABBIT_CARE_INSTALLMENT,,products/car-insurance,,,CANCEL_CHANGE_ORDER_NOT_APPLIED,MISSING_TERMINAL_SAP_EVIDENCE,8,0.0,,0,1,pending,2026-09-26 00:00:00,RABBIT_LENDING,8,ITEM_SUBMISSION_STATUS_PENDING,0,,841504cb-03e9-493b-9f6f-77c6cfc1a0fd,,,true,true,Two live cancel producers checked; output membership does not prove export or import.,2026-09-25 14:12:09,insurers/17,RCB_Motor_process_2_cancel_new|RCL_Motor_process_3_cancel,RCB_Motor_process_2_cancel_new|RCL_Motor_process_3_cancel,RCB_Motor_process_2_cancel_new|RCL_Motor_process_3_cancel,RCB_Motor_process_2_cancel_new|RCL_Motor_process_3_cancel,<BLANK>,EVENT_IDENTITY_PRESENT,CANCEL_CHANGE_ORDER,,,false,0,OUTPUT_IDENTITY_PRESENT_DELIVERY_NOT_PROVEN,FIRST_APPLICABLE_OBSERVED_GROUP_NOT_EXHAUSTIVE,[],2,True,False,Identity+status only; no scheduling/import or accounting allocation assertion. Cancellation does not prove per-DocEntry multiplicity.
CANCEL_SAP_DOCUMENT,DOCUMENT_STATE_ONLY,ITEM_APPROVAL_STATUS_PENDING,2026-09-26 16:06:06,2026-10-01,2026-09-01,Motor,2026-09-25,2505778,2026-09-25 14:59:36,[null],8,OBSERVED_DATA_STATE,,,,,1,,CURRENT_MONTH,CANCELLATION,RCL,4,true,false,true,044ef2a7-8dfb-4cb1-85ac-37f78ecebe6f,LEAD_STATUS_PURCHASED,2505778,,1,pending,MOTOR_TYPE_1,true,L79047811,L79047811-V1,2,2026-09-24 08:04:26,,SAP_PAYMENT_DATE_FOR_CANCELLED_DOCUMENT,,INSTALLMENT,RABBIT_CARE_INSTALLMENT,,products/car-insurance,,,CANCEL_CHANGE_ORDER_NOT_APPLIED,MISSING_TERMINAL_SAP_EVIDENCE,8,0.0,,0,1,pending,2026-09-26 00:00:00,RABBIT_LENDING,8,ITEM_SUBMISSION_STATUS_PENDING,0,,841504cb-03e9-493b-9f6f-77c6cfc1a0fd,,,true,true,Two live cancel producers checked; output membership does not prove export or import.,2026-09-25 14:12:09,insurers/17,RCB_Motor_process_2_cancel_new|RCL_Motor_process_3_cancel,RCB_Motor_process_2_cancel_new|RCL_Motor_process_3_cancel,RCB_Motor_process_2_cancel_new|RCL_Motor_process_3_cancel,RCB_Motor_process_2_cancel_new|RCL_Motor_process_3_cancel,<BLANK>,EVENT_IDENTITY_PRESENT,CANCEL_CHANGE_ORDER,,,false,0,OUTPUT_IDENTITY_PRESENT_DELIVERY_NOT_PROVEN,FIRST_APPLICABLE_OBSERVED_GROUP_NOT_EXHAUSTIVE,[],2,True,False,Identity+status only; no scheduling/import or accounting allocation assertion. Cancellation does not prove per-DocEntry multiplicity.
CANCEL_SAP_DOCUMENT,DOCUMENT_STATE_ONLY,ITEM_APPROVAL_STATUS_PENDING,2026-09-26 16:06:06,2026-10-01,2026-09-01,Motor,2026-09-25,2505779,2026-09-25 14:59:36,[null],8,OBSERVED_DATA_STATE,,,,,1,,CURRENT_MONTH,CANCELLATION,RCL,5,true,false,true,044ef2a7-8dfb-4cb1-85ac-37f78ecebe6f,LEAD_STATUS_PURCHASED,2505779,,1,pending,MOTOR_TYPE_1,true,L79047811,L79047811-V1,2,2026-09-24 08:04:26,,SAP_PAYMENT_DATE_FOR_CANCELLED_DOCUMENT,,INSTALLMENT,RABBIT_CARE_INSTALLMENT,,products/car-insurance,,,CANCEL_CHANGE_ORDER_NOT_APPLIED,MISSING_TERMINAL_SAP_EVIDENCE,8,0.0,,0,1,pending,2026-09-26 00:00:00,RABBIT_LENDING,8,ITEM_SUBMISSION_STATUS_PENDING,0,,841504cb-03e9-493b-9f6f-77c6cfc1a0fd,,,true,true,Two live cancel producers checked; output membership does not prove export or import.,2026-09-25 14:12:09,insurers/17,RCB_Motor_process_2_cancel_new|RCL_Motor_process_3_cancel,RCB_Motor_process_2_cancel_new|RCL_Motor_process_3_cancel,RCB_Motor_process_2_cancel_new|RCL_Motor_process_3_cancel,RCB_Motor_process_2_cancel_new|RCL_Motor_process_3_cancel,<BLANK>,EVENT_IDENTITY_PRESENT,CANCEL_CHANGE_ORDER,,,false,0,OUTPUT_IDENTITY_PRESENT_DELIVERY_NOT_PROVEN,FIRST_APPLICABLE_OBSERVED_GROUP_NOT_EXHAUSTIVE,[],2,True,False,Identity+status only; no scheduling/import or accounting allocation assertion. Cancellation does not prove per-DocEntry multiplicity.
CANCEL_SAP_DOCUMENT,DOCUMENT_STATE_ONLY,ITEM_APPROVAL_STATUS_PENDING,2026-09-26 16:06:06,2026-10-01,2026-09-01,Motor,2026-09-25,2505780,2026-09-25 14:59:36,[null],8,OBSERVED_DATA_STATE,,,,,1,,CURRENT_MONTH,CANCELLATION,RCL,6,true,false,true,044ef2a7-8dfb-4cb1-85ac-37f78ecebe6f,LEAD_STATUS_PURCHASED,2505780,,1,pending,MOTOR_TYPE_1,true,L79047811,L79047811-V1,2,2026-09-24 08:04:26,,SAP_PAYMENT_DATE_FOR_CANCELLED_DOCUMENT,,INSTALLMENT,RABBIT_CARE_INSTALLMENT,,products/car-insurance,,,CANCEL_CHANGE_ORDER_NOT_APPLIED,MISSING_TERMINAL_SAP_EVIDENCE,8,0.0,,0,1,pending,2026-09-26 00:00:00,RABBIT_LENDING,8,ITEM_SUBMISSION_STATUS_PENDING,0,,841504cb-03e9-493b-9f6f-77c6cfc1a0fd,,,true,true,Two live cancel producers checked; output membership does not prove export or import.,2026-09-25 14:12:09,insurers/17,RCB_Motor_process_2_cancel_new|RCL_Motor_process_3_cancel,RCB_Motor_process_2_cancel_new|RCL_Motor_process_3_cancel,RCB_Motor_process_2_cancel_new|RCL_Motor_process_3_cancel,RCB_Motor_process_2_cancel_new|RCL_Motor_process_3_cancel,<BLANK>,EVENT_IDENTITY_PRESENT,CANCEL_CHANGE_ORDER,,,false,0,OUTPUT_IDENTITY_PRESENT_DELIVERY_NOT_PROVEN,FIRST_APPLICABLE_OBSERVED_GROUP_NOT_EXHAUSTIVE,[],2,True,False,Identity+status only; no scheduling/import or accounting allocation assertion. Cancellation does not prove per-DocEntry multiplicity.
CANCEL_SAP_DOCUMENT,DOCUMENT_STATE_ONLY,ITEM_APPROVAL_STATUS_PENDING,2026-09-26 16:06:06,2026-10-01,2026-09-01,Motor,2026-09-25,2505781,2026-09-25 14:59:36,[null],8,OBSERVED_DATA_STATE,,,,,1,,CURRENT_MONTH,CANCELLATION,RCL,7,true,false,true,044ef2a7-8dfb-4cb1-85ac-37f78ecebe6f,LEAD_STATUS_PURCHASED,2505781,,1,pending,MOTOR_TYPE_1,true,L79047811,L79047811-V1,2,2026-09-24 08:04:26,,SAP_PAYMENT_DATE_FOR_CANCELLED_DOCUMENT,,INSTALLMENT,RABBIT_CARE_INSTALLMENT,,products/car-insurance,,,CANCEL_CHANGE_ORDER_NOT_APPLIED,MISSING_TERMINAL_SAP_EVIDENCE,8,0.0,,0,1,pending,2026-09-26 00:00:00,RABBIT_LENDING,8,ITEM_SUBMISSION_STATUS_PENDING,0,,841504cb-03e9-493b-9f6f-77c6cfc1a0fd,,,true,true,Two live cancel producers checked; output membership does not prove export or import.,2026-09-25 14:12:09,insurers/17,RCB_Motor_process_2_cancel_new|RCL_Motor_process_3_cancel,RCB_Motor_process_2_cancel_new|RCL_Motor_process_3_cancel,RCB_Motor_process_2_cancel_new|RCL_Motor_process_3_cancel,RCB_Motor_process_2_cancel_new|RCL_Motor_process_3_cancel,<BLANK>,EVENT_IDENTITY_PRESENT,CANCEL_CHANGE_ORDER,,,false,0,OUTPUT_IDENTITY_PRESENT_DELIVERY_NOT_PROVEN,FIRST_APPLICABLE_OBSERVED_GROUP_NOT_EXHAUSTIVE,[],2,True,False,Identity+status only; no scheduling/import or accounting allocation assertion. Cancellation does not prove per-DocEntry multiplicity.
CANCEL_SAP_DOCUMENT,DOCUMENT_STATE_ONLY,ITEM_APPROVAL_STATUS_PENDING,2026-09-26 16:06:06,2026-10-01,2026-09-01,Motor,2026-09-25,2505782,2026-09-25 14:59:36,[null],8,OBSERVED_DATA_STATE,,,,,1,,CURRENT_MONTH,CANCELLATION,RCL,8,true,false,true,044ef2a7-8dfb-4cb1-85ac-37f78ecebe6f,LEAD_STATUS_PURCHASED,2505782,,1,pending,MOTOR_TYPE_1,true,L79047811,L79047811-V1,2,2026-09-24 08:04:26,,SAP_PAYMENT_DATE_FOR_CANCELLED_DOCUMENT,,INSTALLMENT,RABBIT_CARE_INSTALLMENT,,products/car-insurance,,,CANCEL_CHANGE_ORDER_NOT_APPLIED,MISSING_TERMINAL_SAP_EVIDENCE,8,0.0,,0,1,pending,2026-09-26 00:00:00,RABBIT_LENDING,8,ITEM_SUBMISSION_STATUS_PENDING,0,,841504cb-03e9-493b-9f6f-77c6cfc1a0fd,,,true,true,Two live cancel producers checked; output membership does not prove export or import.,2026-09-25 14:12:09,insurers/17,RCB_Motor_process_2_cancel_new|RCL_Motor_process_3_cancel,RCB_Motor_process_2_cancel_new|RCL_Motor_process_3_cancel,RCB_Motor_process_2_cancel_new|RCL_Motor_process_3_cancel,RCB_Motor_process_2_cancel_new|RCL_Motor_process_3_cancel,<BLANK>,EVENT_IDENTITY_PRESENT,CANCEL_CHANGE_ORDER,,,false,0,OUTPUT_IDENTITY_PRESENT_DELIVERY_NOT_PROVEN,FIRST_APPLICABLE_OBSERVED_GROUP_NOT_EXHAUSTIVE,[],2,True,False,Identity+status only; no scheduling/import or accounting allocation assertion. Cancellation does not prove per-DocEntry multiplicity.
CANCEL_SAP_DOCUMENT,DOCUMENT_STATE_ONLY,ITEM_APPROVAL_STATUS_PENDING,2026-09-26 16:06:06,2026-10-01,2026-09-01,Motor,2026-09-26,2505099,2026-09-25 17:16:06,"[""2_chrg_6940dsepazd4fu8y3e3""]",6,OBSERVED_DATA_STATE,,,,,0,,CURRENT_MONTH,CANCELLATION,RCL,1,true,false,false,4fdcac51-17c8-4b9d-af8b-ddc4261fdefd,LEAD_STATUS_PURCHASED,2505099,2_chrg_6940dsepazd4fu8y3e3,1,paid,MOTOR_TYPE_2_PLUS,true,L78733385,L78733385-V1,1,2026-09-24 10:30:44,2026-09-24,SAP_PAYMENT_DATE_FOR_CANCELLED_DOCUMENT,,INSTALLMENT,RABBIT_CARE_INSTALLMENT,,products/car-insurance,2_chrg_6940dsepazd4fu8y3e3,,CANCEL_STATUS_NOT_APPLIED,MISSING_TERMINAL_SAP_EVIDENCE,6,1266.54,2026-09-24,1,1,paid,2026-09-26 00:00:00,RABBIT_LENDING,6,ITEM_SUBMISSION_STATUS_PENDING,0,,e5abb8b3-f0dc-4e96-946b-4e0444522299,,,true,true,Two live cancel producers checked; output membership does not prove export or import.,2026-09-25 09:41:54,insurers/11,RCB_Motor_process_2_cancel_new|RCL_Motor_process_3_cancel,RCB_Motor_process_2_cancel_new|RCL_Motor_process_3_cancel,RCB_Motor_process_2_cancel_new|RCL_Motor_process_3_cancel,RCB_Motor_process_2_cancel_new|RCL_Motor_process_3_cancel,2_chrg_6940dsepazd4fu8y3e3,EVENT_IDENTITY_PRESENT,CANCEL_STANDARD,,,false,0,OUTPUT_IDENTITY_PRESENT_DELIVERY_NOT_PROVEN,FIRST_APPLICABLE_OBSERVED_GROUP_NOT_EXHAUSTIVE,[],2,True,False,Identity+status only; no scheduling/import or accounting allocation assertion. Cancellation does not prove per-DocEntry multiplicity.
CANCEL_SAP_DOCUMENT,DOCUMENT_STATE_ONLY,ITEM_APPROVAL_STATUS_PENDING,2026-09-26 16:06:06,2026-10-01,2026-09-01,Motor,2026-09-26,2505100,2026-09-25 17:16:06,[null],6,OBSERVED_DATA_STATE,,,,,0,,CURRENT_MONTH,CANCELLATION,RCL,2,true,false,false,4fdcac51-17c8-4b9d-af8b-ddc4261fdefd,LEAD_STATUS_PURCHASED,2505100,,1,pending,MOTOR_TYPE_2_PLUS,true,L78733385,L78733385-V1,1,2026-09-24 10:30:44,,SAP_PAYMENT_DATE_FOR_CANCELLED_DOCUMENT,,INSTALLMENT,RABBIT_CARE_INSTALLMENT,,products/car-insurance,,,CANCEL_STATUS_NOT_APPLIED,MISSING_TERMINAL_SAP_EVIDENCE,6,0.0,,0,1,pending,2026-09-26 00:00:00,RABBIT_LENDING,6,ITEM_SUBMISSION_STATUS_PENDING,0,,e5abb8b3-f0dc-4e96-946b-4e0444522299,,,true,true,Two live cancel producers checked; output membership does not prove export or import.,2026-09-25 09:41:54,insurers/11,RCB_Motor_process_2_cancel_new|RCL_Motor_process_3_cancel,RCB_Motor_process_2_cancel_new|RCL_Motor_process_3_cancel,RCB_Motor_process_2_cancel_new|RCL_Motor_process_3_cancel,RCB_Motor_process_2_cancel_new|RCL_Motor_process_3_cancel,<BLANK>,EVENT_IDENTITY_PRESENT,CANCEL_STANDARD,,,false,0,OUTPUT_IDENTITY_PRESENT_DELIVERY_NOT_PROVEN,FIRST_APPLICABLE_OBSERVED_GROUP_NOT_EXHAUSTIVE,[],2,True,False,Identity+status only; no scheduling/import or accounting allocation assertion. Cancellation does not prove per-DocEntry multiplicity.
CANCEL_SAP_DOCUMENT,DOCUMENT_STATE_ONLY,ITEM_APPROVAL_STATUS_PENDING,2026-09-26 16:06:06,2026-10-01,2026-09-01,Motor,2026-09-26,2505101,2026-09-25 17:16:06,[null],6,OBSERVED_DATA_STATE,,,,,0,,CURRENT_MONTH,CANCELLATION,RCL,3,true,false,false,4fdcac51-17c8-4b9d-af8b-ddc4261fdefd,LEAD_STATUS_PURCHASED,2505101,,1,pending,MOTOR_TYPE_2_PLUS,true,L78733385,L78733385-V1,1,2026-09-24 10:30:44,,SAP_PAYMENT_DATE_FOR_CANCELLED_DOCUMENT,,INSTALLMENT,RABBIT_CARE_INSTALLMENT,,products/car-insurance,,,CANCEL_STATUS_NOT_APPLIED,MISSING_TERMINAL_SAP_EVIDENCE,6,0.0,,0,1,pending,2026-09-26 00:00:00,RABBIT_LENDING,6,ITEM_SUBMISSION_STATUS_PENDING,0,,e5abb8b3-f0dc-4e96-946b-4e0444522299,,,true,true,Two live cancel producers checked; output membership does not prove export or import.,2026-09-25 09:41:54,insurers/11,RCB_Motor_process_2_cancel_new|RCL_Motor_process_3_cancel,RCB_Motor_process_2_cancel_new|RCL_Motor_process_3_cancel,RCB_Motor_process_2_cancel_new|RCL_Motor_process_3_cancel,RCB_Motor_process_2_cancel_new|RCL_Motor_process_3_cancel,<BLANK>,EVENT_IDENTITY_PRESENT,CANCEL_STANDARD,,,false,0,OUTPUT_IDENTITY_PRESENT_DELIVERY_NOT_PROVEN,FIRST_APPLICABLE_OBSERVED_GROUP_NOT_EXHAUSTIVE,[],2,True,False,Identity+status only; no scheduling/import or accounting allocation assertion. Cancellation does not prove per-DocEntry multiplicity.
CANCEL_SAP_DOCUMENT,DOCUMENT_STATE_ONLY,ITEM_APPROVAL_STATUS_PENDING,2026-09-26 16:06:06,2026-10-01,2026-09-01,Motor,2026-09-26,2505102,2026-09-25 17:16:06,[null],6,OBSERVED_DATA_STATE,,,,,0,,CURRENT_MONTH,CANCELLATION,RCL,4,true,false,false,4fdcac51-17c8-4b9d-af8b-ddc4261fdefd,LEAD_STATUS_PURCHASED,2505102,,1,pending,MOTOR_TYPE_2_PLUS,true,L78733385,L78733385-V1,1,2026-09-24 10:30:44,,SAP_PAYMENT_DATE_FOR_CANCELLED_DOCUMENT,,INSTALLMENT,RABBIT_CARE_INSTALLMENT,,products/car-insurance,,,CANCEL_STATUS_NOT_APPLIED,MISSING_TERMINAL_SAP_EVIDENCE,6,0.0,,0,1,pending,2026-09-26 00:00:00,RABBIT_LENDING,6,ITEM_SUBMISSION_STATUS_PENDING,0,,e5abb8b3-f0dc-4e96-946b-4e0444522299,,,true,true,Two live cancel producers checked; output membership does not prove export or import.,2026-09-25 09:41:54,insurers/11,RCB_Motor_process_2_cancel_new|RCL_Motor_process_3_cancel,RCB_Motor_process_2_cancel_new|RCL_Motor_process_3_cancel,RCB_Motor_process_2_cancel_new|RCL_Motor_process_3_cancel,RCB_Motor_process_2_cancel_new|RCL_Motor_process_3_cancel,<BLANK>,EVENT_IDENTITY_PRESENT,CANCEL_STANDARD,,,false,0,OUTPUT_IDENTITY_PRESENT_DELIVERY_NOT_PROVEN,FIRST_APPLICABLE_OBSERVED_GROUP_NOT_EXHAUSTIVE,[],2,True,False,Identity+status only; no scheduling/import or accounting allocation assertion. Cancellation does not prove per-DocEntry multiplicity.
CANCEL_SAP_DOCUMENT,DOCUMENT_STATE_ONLY,ITEM_APPROVAL_STATUS_PENDING,2026-09-26 16:06:06,2026-10-01,2026-09-01,Motor,2026-09-26,2505103,2026-09-25 17:16:06,[null],6,OBSERVED_DATA_STATE,,,,,0,,CURRENT_MONTH,CANCELLATION,RCL,5,true,false,false,4fdcac51-17c8-4b9d-af8b-ddc4261fdefd,LEAD_STATUS_PURCHASED,2505103,,1,pending,MOTOR_TYPE_2_PLUS,true,L78733385,L78733385-V1,1,2026-09-24 10:30:44,,SAP_PAYMENT_DATE_FOR_CANCELLED_DOCUMENT,,INSTALLMENT,RABBIT_CARE_INSTALLMENT,,products/car-insurance,,,CANCEL_STATUS_NOT_APPLIED,MISSING_TERMINAL_SAP_EVIDENCE,6,0.0,,0,1,pending,2026-09-26 00:00:00,RABBIT_LENDING,6,ITEM_SUBMISSION_STATUS_PENDING,0,,e5abb8b3-f0dc-4e96-946b-4e0444522299,,,true,true,Two live cancel producers checked; output membership does not prove export or import.,2026-09-25 09:41:54,insurers/11,RCB_Motor_process_2_cancel_new|RCL_Motor_process_3_cancel,RCB_Motor_process_2_cancel_new|RCL_Motor_process_3_cancel,RCB_Motor_process_2_cancel_new|RCL_Motor_process_3_cancel,RCB_Motor_process_2_cancel_new|RCL_Motor_process_3_cancel,<BLANK>,EVENT_IDENTITY_PRESENT,CANCEL_STANDARD,,,false,0,OUTPUT_IDENTITY_PRESENT_DELIVERY_NOT_PROVEN,FIRST_APPLICABLE_OBSERVED_GROUP_NOT_EXHAUSTIVE,[],2,True,False,Identity+status only; no scheduling/import or accounting allocation assertion. Cancellation does not prove per-DocEntry multiplicity.
CANCEL_SAP_DOCUMENT,DOCUMENT_STATE_ONLY,ITEM_APPROVAL_STATUS_PENDING,2026-09-26 16:06:06,2026-10-01,2026-09-01,Motor,2026-09-26,2505104,2026-09-25 17:16:06,[null],6,OBSERVED_DATA_STATE,,,,,0,,CURRENT_MONTH,CANCELLATION,RCL,6,true,false,false,4fdcac51-17c8-4b9d-af8b-ddc4261fdefd,LEAD_STATUS_PURCHASED,2505104,,1,pending,MOTOR_TYPE_2_PLUS,true,L78733385,L78733385-V1,1,2026-09-24 10:30:44,,SAP_PAYMENT_DATE_FOR_CANCELLED_DOCUMENT,,INSTALLMENT,RABBIT_CARE_INSTALLMENT,,products/car-insurance,,,CANCEL_STATUS_NOT_APPLIED,MISSING_TERMINAL_SAP_EVIDENCE,6,0.0,,0,1,pending,2026-09-26 00:00:00,RABBIT_LENDING,6,ITEM_SUBMISSION_STATUS_PENDING,0,,e5abb8b3-f0dc-4e96-946b-4e0444522299,,,true,true,Two live cancel producers checked; output membership does not prove export or import.,2026-09-25 09:41:54,insurers/11,RCB_Motor_process_2_cancel_new|RCL_Motor_process_3_cancel,RCB_Motor_process_2_cancel_new|RCL_Motor_process_3_cancel,RCB_Motor_process_2_cancel_new|RCL_Motor_process_3_cancel,RCB_Motor_process_2_cancel_new|RCL_Motor_process_3_cancel,<BLANK>,EVENT_IDENTITY_PRESENT,CANCEL_STANDARD,,,false,0,OUTPUT_IDENTITY_PRESENT_DELIVERY_NOT_PROVEN,FIRST_APPLICABLE_OBSERVED_GROUP_NOT_EXHAUSTIVE,[],2,True,False,Identity+status only; no scheduling/import or accounting allocation assertion. Cancellation does not prove per-DocEntry multiplicity.
CANCEL_SAP_DOCUMENT,DOCUMENT_STATE_ONLY,ITEM_APPROVAL_STATUS_PENDING,2026-09-26 16:06:06,2026-10-01,2026-09-01,NonMotor,2026-09-25,2506278,2026-09-25 10:06:42,"[""chrg_693n9lnwwxyzzm53a56""]",10,OBSERVED_DATA_STATE,,,,,0,,CURRENT_MONTH,CANCELLATION,RCL,1,true,false,false,68932a19-de6e-4df1-9356-095430941e3a,,2506278,chrg_693n9lnwwxyzzm53a56,1,paid,,true,L80739999,L80739999-1,1,2026-09-22 14:12:28,2026-09-22,SAP_PAYMENT_DATE_FOR_CANCELLED_DOCUMENT,,INSTALLMENT,RABBIT_CARE_INSTALLMENT,,products/health-insurance,chrg_693n9lnwwxyzzm53a56,,CANCEL_STATUS_NOT_APPLIED,MISSING_TERMINAL_SAP_EVIDENCE,10,1329.0,2026-09-22,1,1,paid,2026-09-26 00:00:00,RABBIT_LENDING,10,ITEM_SUBMISSION_STATUS_PENDING,0,,8755e8b6-9985-4c91-a175-dabc69c16143,,,true,true,Two live cancel producers checked; output membership does not prove export or import.,2026-09-25 10:06:04,insurers/34,RCB_Motor_process_2_cancel_new|RCL_Motor_process_3_cancel|RCL_NonMotor_process_1_create,RCB_Motor_process_2_cancel_new|RCL_Motor_process_3_cancel|RCL_NonMotor_process_1_create,RCB_Motor_process_2_cancel_new|RCL_Motor_process_3_cancel|RCL_NonMotor_process_1_create,RCB_Motor_process_2_cancel_new|RCL_Motor_process_3_cancel,chrg_693n9lnwwxyzzm53a56,EVENT_IDENTITY_PRESENT,CANCEL_STANDARD,,,false,0,OUTPUT_IDENTITY_PRESENT_DELIVERY_NOT_PROVEN,FIRST_APPLICABLE_OBSERVED_GROUP_NOT_EXHAUSTIVE,[],2,True,False,Identity+status only; no scheduling/import or accounting allocation assertion. Cancellation does not prove per-DocEntry multiplicity.
CANCEL_SAP_DOCUMENT,DOCUMENT_STATE_ONLY,ITEM_APPROVAL_STATUS_PENDING,2026-09-26 16:06:06,2026-10-01,2026-09-01,NonMotor,2026-09-25,2506279,2026-09-25 10:06:42,[null],10,OBSERVED_DATA_STATE,,,,,0,,CURRENT_MONTH,CANCELLATION,RCL,2,true,false,false,68932a19-de6e-4df1-9356-095430941e3a,,2506279,,1,pending,,true,L80739999,L80739999-1,1,2026-09-22 14:12:28,,SAP_PAYMENT_DATE_FOR_CANCELLED_DOCUMENT,,INSTALLMENT,RABBIT_CARE_INSTALLMENT,,products/health-insurance,,,CANCEL_STATUS_NOT_APPLIED,MISSING_TERMINAL_SAP_EVIDENCE,10,1329.0,,0,1,pending,2026-09-26 00:00:00,RABBIT_LENDING,10,ITEM_SUBMISSION_STATUS_PENDING,0,,8755e8b6-9985-4c91-a175-dabc69c16143,,,true,true,Two live cancel producers checked; output membership does not prove export or import.,2026-09-25 10:06:04,insurers/34,RCB_Motor_process_2_cancel_new|RCL_Motor_process_3_cancel|RCL_NonMotor_process_1_create,RCB_Motor_process_2_cancel_new|RCL_Motor_process_3_cancel|RCL_NonMotor_process_1_create,RCB_Motor_process_2_cancel_new|RCL_Motor_process_3_cancel|RCL_NonMotor_process_1_create,RCB_Motor_process_2_cancel_new|RCL_Motor_process_3_cancel,<BLANK>,EVENT_IDENTITY_PRESENT,CANCEL_STANDARD,,,false,0,OUTPUT_IDENTITY_PRESENT_DELIVERY_NOT_PROVEN,FIRST_APPLICABLE_OBSERVED_GROUP_NOT_EXHAUSTIVE,[],2,True,False,Identity+status only; no scheduling/import or accounting allocation assertion. Cancellation does not prove per-DocEntry multiplicity.
CANCEL_SAP_DOCUMENT,DOCUMENT_STATE_ONLY,ITEM_APPROVAL_STATUS_PENDING,2026-09-26 16:06:06,2026-10-01,2026-09-01,NonMotor,2026-09-25,2506280,2026-09-25 10:06:42,[null],10,OBSERVED_DATA_STATE,,,,,0,,CURRENT_MONTH,CANCELLATION,RCL,3,true,false,false,68932a19-de6e-4df1-9356-095430941e3a,,2506280,,1,pending,,true,L80739999,L80739999-1,1,2026-09-22 14:12:28,,SAP_PAYMENT_DATE_FOR_CANCELLED_DOCUMENT,,INSTALLMENT,RABBIT_CARE_INSTALLMENT,,products/health-insurance,,,CANCEL_STATUS_NOT_APPLIED,MISSING_TERMINAL_SAP_EVIDENCE,10,1329.0,,0,1,pending,2026-09-26 00:00:00,RABBIT_LENDING,10,ITEM_SUBMISSION_STATUS_PENDING,0,,8755e8b6-9985-4c91-a175-dabc69c16143,,,true,true,Two live cancel producers checked; output membership does not prove export or import.,2026-09-25 10:06:04,insurers/34,RCB_Motor_process_2_cancel_new|RCL_Motor_process_3_cancel|RCL_NonMotor_process_1_create,RCB_Motor_process_2_cancel_new|RCL_Motor_process_3_cancel|RCL_NonMotor_process_1_create,RCB_Motor_process_2_cancel_new|RCL_Motor_process_3_cancel|RCL_NonMotor_process_1_create,RCB_Motor_process_2_cancel_new|RCL_Motor_process_3_cancel,<BLANK>,EVENT_IDENTITY_PRESENT,CANCEL_STANDARD,,,false,0,OUTPUT_IDENTITY_PRESENT_DELIVERY_NOT_PROVEN,FIRST_APPLICABLE_OBSERVED_GROUP_NOT_EXHAUSTIVE,[],2,True,False,Identity+status only; no scheduling/import or accounting allocation assertion. Cancellation does not prove per-DocEntry multiplicity.
CANCEL_SAP_DOCUMENT,DOCUMENT_STATE_ONLY,ITEM_APPROVAL_STATUS_PENDING,2026-09-26 16:06:06,2026-10-01,2026-09-01,NonMotor,2026-09-25,2506281,2026-09-25 10:06:42,[null],10,OBSERVED_DATA_STATE,,,,,0,,CURRENT_MONTH,CANCELLATION,RCL,4,true,false,false,68932a19-de6e-4df1-9356-095430941e3a,,2506281,,1,pending,,true,L80739999,L80739999-1,1,2026-09-22 14:12:28,,SAP_PAYMENT_DATE_FOR_CANCELLED_DOCUMENT,,INSTALLMENT,RABBIT_CARE_INSTALLMENT,,products/health-insurance,,,CANCEL_STATUS_NOT_APPLIED,MISSING_TERMINAL_SAP_EVIDENCE,10,1329.0,,0,1,pending,2026-09-26 00:00:00,RABBIT_LENDING,10,ITEM_SUBMISSION_STATUS_PENDING,0,,8755e8b6-9985-4c91-a175-dabc69c16143,,,true,true,Two live cancel producers checked; output membership does not prove export or import.,2026-09-25 10:06:04,insurers/34,RCB_Motor_process_2_cancel_new|RCL_Motor_process_3_cancel|RCL_NonMotor_process_1_create,RCB_Motor_process_2_cancel_new|RCL_Motor_process_3_cancel|RCL_NonMotor_process_1_create,RCB_Motor_process_2_cancel_new|RCL_Motor_process_3_cancel|RCL_NonMotor_process_1_create,RCB_Motor_process_2_cancel_new|RCL_Motor_process_3_cancel,<BLANK>,EVENT_IDENTITY_PRESENT,CANCEL_STANDARD,,,false,0,OUTPUT_IDENTITY_PRESENT_DELIVERY_NOT_PROVEN,FIRST_APPLICABLE_OBSERVED_GROUP_NOT_EXHAUSTIVE,[],2,True,False,Identity+status only; no scheduling/import or accounting allocation assertion. Cancellation does not prove per-DocEntry multiplicity.
CANCEL_SAP_DOCUMENT,DOCUMENT_STATE_ONLY,ITEM_APPROVAL_STATUS_PENDING,2026-09-26 16:06:06,2026-10-01,2026-09-01,NonMotor,2026-09-25,2506282,2026-09-25 10:06:42,[null],10,OBSERVED_DATA_STATE,,,,,0,,CURRENT_MONTH,CANCELLATION,RCL,5,true,false,false,68932a19-de6e-4df1-9356-095430941e3a,,2506282,,1,pending,,true,L80739999,L80739999-1,1,2026-09-22 14:12:28,,SAP_PAYMENT_DATE_FOR_CANCELLED_DOCUMENT,,INSTALLMENT,RABBIT_CARE_INSTALLMENT,,products/health-insurance,,,CANCEL_STATUS_NOT_APPLIED,MISSING_TERMINAL_SAP_EVIDENCE,10,1329.0,,0,1,pending,2026-09-26 00:00:00,RABBIT_LENDING,10,ITEM_SUBMISSION_STATUS_PENDING,0,,8755e8b6-9985-4c91-a175-dabc69c16143,,,true,true,Two live cancel producers checked; output membership does not prove export or import.,2026-09-25 10:06:04,insurers/34,RCB_Motor_process_2_cancel_new|RCL_Motor_process_3_cancel|RCL_NonMotor_process_1_create,RCB_Motor_process_2_cancel_new|RCL_Motor_process_3_cancel|RCL_NonMotor_process_1_create,RCB_Motor_process_2_cancel_new|RCL_Motor_process_3_cancel|RCL_NonMotor_process_1_create,RCB_Motor_process_2_cancel_new|RCL_Motor_process_3_cancel,<BLANK>,EVENT_IDENTITY_PRESENT,CANCEL_STANDARD,,,false,0,OUTPUT_IDENTITY_PRESENT_DELIVERY_NOT_PROVEN,FIRST_APPLICABLE_OBSERVED_GROUP_NOT_EXHAUSTIVE,[],2,True,False,Identity+status only; no scheduling/import or accounting allocation assertion. Cancellation does not prove per-DocEntry multiplicity.
CANCEL_SAP_DOCUMENT,DOCUMENT_STATE_ONLY,ITEM_APPROVAL_STATUS_PENDING,2026-09-26 16:06:06,2026-10-01,2026-09-01,NonMotor,2026-09-25,2506283,2026-09-25 10:06:42,[null],10,OBSERVED_DATA_STATE,,,,,0,,CURRENT_MONTH,CANCELLATION,RCL,6,true,false,false,68932a19-de6e-4df1-9356-095430941e3a,,2506283,,1,pending,,true,L80739999,L80739999-1,1,2026-09-22 14:12:28,,SAP_PAYMENT_DATE_FOR_CANCELLED_DOCUMENT,,INSTALLMENT,RABBIT_CARE_INSTALLMENT,,products/health-insurance,,,CANCEL_STATUS_NOT_APPLIED,MISSING_TERMINAL_SAP_EVIDENCE,10,1329.0,,0,1,pending,2026-09-26 00:00:00,RABBIT_LENDING,10,ITEM_SUBMISSION_STATUS_PENDING,0,,8755e8b6-9985-4c91-a175-dabc69c16143,,,true,true,Two live cancel producers checked; output membership does not prove export or import.,2026-09-25 10:06:04,insurers/34,RCB_Motor_process_2_cancel_new|RCL_Motor_process_3_cancel|RCL_NonMotor_process_1_create,RCB_Motor_process_2_cancel_new|RCL_Motor_process_3_cancel|RCL_NonMotor_process_1_create,RCB_Motor_process_2_cancel_new|RCL_Motor_process_3_cancel|RCL_NonMotor_process_1_create,RCB_Motor_process_2_cancel_new|RCL_Motor_process_3_cancel,<BLANK>,EVENT_IDENTITY_PRESENT,CANCEL_STANDARD,,,false,0,OUTPUT_IDENTITY_PRESENT_DELIVERY_NOT_PROVEN,FIRST_APPLICABLE_OBSERVED_GROUP_NOT_EXHAUSTIVE,[],2,True,False,Identity+status only; no scheduling/import or accounting allocation assertion. Cancellation does not prove per-DocEntry multiplicity.
CANCEL_SAP_DOCUMENT,DOCUMENT_STATE_ONLY,ITEM_APPROVAL_STATUS_PENDING,2026-09-26 16:06:06,2026-10-01,2026-09-01,NonMotor,2026-09-25,2506284,2026-09-25 10:06:42,[null],10,OBSERVED_DATA_STATE,,,,,0,,CURRENT_MONTH,CANCELLATION,RCL,7,true,false,false,68932a19-de6e-4df1-9356-095430941e3a,,2506284,,1,pending,,true,L80739999,L80739999-1,1,2026-09-22 14:12:28,,SAP_PAYMENT_DATE_FOR_CANCELLED_DOCUMENT,,INSTALLMENT,RABBIT_CARE_INSTALLMENT,,products/health-insurance,,,CANCEL_STATUS_NOT_APPLIED,MISSING_TERMINAL_SAP_EVIDENCE,10,1329.0,,0,1,pending,2026-09-26 00:00:00,RABBIT_LENDING,10,ITEM_SUBMISSION_STATUS_PENDING,0,,8755e8b6-9985-4c91-a175-dabc69c16143,,,true,true,Two live cancel producers checked; output membership does not prove export or import.,2026-09-25 10:06:04,insurers/34,RCB_Motor_process_2_cancel_new|RCL_Motor_process_3_cancel|RCL_NonMotor_process_1_create,RCB_Motor_process_2_cancel_new|RCL_Motor_process_3_cancel|RCL_NonMotor_process_1_create,RCB_Motor_process_2_cancel_new|RCL_Motor_process_3_cancel|RCL_NonMotor_process_1_create,RCB_Motor_process_2_cancel_new|RCL_Motor_process_3_cancel,<BLANK>,EVENT_IDENTITY_PRESENT,CANCEL_STANDARD,,,false,0,OUTPUT_IDENTITY_PRESENT_DELIVERY_NOT_PROVEN,FIRST_APPLICABLE_OBSERVED_GROUP_NOT_EXHAUSTIVE,[],2,True,False,Identity+status only; no scheduling/import or accounting allocation assertion. Cancellation does not prove per-DocEntry multiplicity.
CANCEL_SAP_DOCUMENT,DOCUMENT_STATE_ONLY,ITEM_APPROVAL_STATUS_PENDING,2026-09-26 16:06:06,2026-10-01,2026-09-01,NonMotor,2026-09-25,2506285,2026-09-25 10:06:42,[null],10,OBSERVED_DATA_STATE,,,,,0,,CURRENT_MONTH,CANCELLATION,RCL,8,true,false,false,68932a19-de6e-4df1-9356-095430941e3a,,2506285,,1,pending,,true,L80739999,L80739999-1,1,2026-09-22 14:12:28,,SAP_PAYMENT_DATE_FOR_CANCELLED_DOCUMENT,,INSTALLMENT,RABBIT_CARE_INSTALLMENT,,products/health-insurance,,,CANCEL_STATUS_NOT_APPLIED,MISSING_TERMINAL_SAP_EVIDENCE,10,1329.0,,0,1,pending,2026-09-26 00:00:00,RABBIT_LENDING,10,ITEM_SUBMISSION_STATUS_PENDING,0,,8755e8b6-9985-4c91-a175-dabc69c16143,,,true,true,Two live cancel producers checked; output membership does not prove export or import.,2026-09-25 10:06:04,insurers/34,RCB_Motor_process_2_cancel_new|RCL_Motor_process_3_cancel|RCL_NonMotor_process_1_create,RCB_Motor_process_2_cancel_new|RCL_Motor_process_3_cancel|RCL_NonMotor_process_1_create,RCB_Motor_process_2_cancel_new|RCL_Motor_process_3_cancel|RCL_NonMotor_process_1_create,RCB_Motor_process_2_cancel_new|RCL_Motor_process_3_cancel,<BLANK>,EVENT_IDENTITY_PRESENT,CANCEL_STANDARD,,,false,0,OUTPUT_IDENTITY_PRESENT_DELIVERY_NOT_PROVEN,FIRST_APPLICABLE_OBSERVED_GROUP_NOT_EXHAUSTIVE,[],2,True,False,Identity+status only; no scheduling/import or accounting allocation assertion. Cancellation does not prove per-DocEntry multiplicity.
CANCEL_SAP_DOCUMENT,DOCUMENT_STATE_ONLY,ITEM_APPROVAL_STATUS_PENDING,2026-09-26 16:06:06,2026-10-01,2026-09-01,NonMotor,2026-09-25,2506286,2026-09-25 10:06:42,[null],10,OBSERVED_DATA_STATE,,,,,0,,CURRENT_MONTH,CANCELLATION,RCL,9,true,false,false,68932a19-de6e-4df1-9356-095430941e3a,,2506286,,1,pending,,true,L80739999,L80739999-1,1,2026-09-22 14:12:28,,SAP_PAYMENT_DATE_FOR_CANCELLED_DOCUMENT,,INSTALLMENT,RABBIT_CARE_INSTALLMENT,,products/health-insurance,,,CANCEL_STATUS_NOT_APPLIED,MISSING_TERMINAL_SAP_EVIDENCE,10,1329.0,,0,1,pending,2026-09-26 00:00:00,RABBIT_LENDING,10,ITEM_SUBMISSION_STATUS_PENDING,0,,8755e8b6-9985-4c91-a175-dabc69c16143,,,true,true,Two live cancel producers checked; output membership does not prove export or import.,2026-09-25 10:06:04,insurers/34,RCB_Motor_process_2_cancel_new|RCL_Motor_process_3_cancel|RCL_NonMotor_process_1_create,RCB_Motor_process_2_cancel_new|RCL_Motor_process_3_cancel|RCL_NonMotor_process_1_create,RCB_Motor_process_2_cancel_new|RCL_Motor_process_3_cancel|RCL_NonMotor_process_1_create,RCB_Motor_process_2_cancel_new|RCL_Motor_process_3_cancel,<BLANK>,EVENT_IDENTITY_PRESENT,CANCEL_STANDARD,,,false,0,OUTPUT_IDENTITY_PRESENT_DELIVERY_NOT_PROVEN,FIRST_APPLICABLE_OBSERVED_GROUP_NOT_EXHAUSTIVE,[],2,True,False,Identity+status only; no scheduling/import or accounting allocation assertion. Cancellation does not prove per-DocEntry multiplicity.
CANCEL_SAP_DOCUMENT,DOCUMENT_STATE_ONLY,ITEM_APPROVAL_STATUS_PENDING,2026-09-26 16:06:06,2026-10-01,2026-09-01,NonMotor,2026-09-25,2506287,2026-09-25 10:06:42,[null],10,OBSERVED_DATA_STATE,,,,,0,,CURRENT_MONTH,CANCELLATION,RCL,10,true,false,false,68932a19-de6e-4df1-9356-095430941e3a,,2506287,,1,pending,,true,L80739999,L80739999-1,1,2026-09-22 14:12:28,,SAP_PAYMENT_DATE_FOR_CANCELLED_DOCUMENT,,INSTALLMENT,RABBIT_CARE_INSTALLMENT,,products/health-insurance,,,CANCEL_STATUS_NOT_APPLIED,MISSING_TERMINAL_SAP_EVIDENCE,10,1329.0,,0,1,pending,2026-09-26 00:00:00,RABBIT_LENDING,10,ITEM_SUBMISSION_STATUS_PENDING,0,,8755e8b6-9985-4c91-a175-dabc69c16143,,,true,true,Two live cancel producers checked; output membership does not prove export or import.,2026-09-25 10:06:04,insurers/34,RCB_Motor_process_2_cancel_new|RCL_Motor_process_3_cancel|RCL_NonMotor_process_1_create,RCB_Motor_process_2_cancel_new|RCL_Motor_process_3_cancel|RCL_NonMotor_process_1_create,RCB_Motor_process_2_cancel_new|RCL_Motor_process_3_cancel|RCL_NonMotor_process_1_create,RCB_Motor_process_2_cancel_new|RCL_Motor_process_3_cancel,<BLANK>,EVENT_IDENTITY_PRESENT,CANCEL_STANDARD,,,false,0,OUTPUT_IDENTITY_PRESENT_DELIVERY_NOT_PROVEN,FIRST_APPLICABLE_OBSERVED_GROUP_NOT_EXHAUSTIVE,[],2,True,False,Identity+status only; no scheduling/import or accounting allocation assertion. Cancellation does not prove per-DocEntry multiplicity.
