allocation_scope,amount_check_scope,approval_status,audit_as_of,audit_month_end_exclusive,audit_month_start,business_type,cancellation_date,cancellation_docentry,cancelled_at,candidate_invoice_nos,careos_total_installments,cause_confidence,charge_amount_thb,charge_id,charge_updated_at,comparable_item_amount_thb,compulsory_item_count,counterpart_cancelled_docentries,date_scope,event_type,flow,installment_period,is_cancelled,is_change_order_new,is_change_order_old,item_pk,lead_status,matched_docentries,matched_invoices,matched_sap_rows,matched_statuses,motor_item_type,needs_review,order_id,order_item,order_item_count,paid_at,paid_date,paid_date_source,payment_method,payment_mode,payment_option,period_charge_rank,product,raw_invoice_no,raw_payment_at,reason_code,reconciliation_status,sap_item_rows,sap_matched_actual,sap_paid_date,sap_period_paid_rows,sap_period_rows,sap_period_statuses,sap_update_at,service_provider,snapshot_periods,submission_status,terminal_matches,transaction_charge_rank,transaction_id,upstream_invoice_present,rcl_newpayment_invoice_present,item_in_cancel_output,receipt_in_cancel_output,route_check_note
CANCEL_SAP_DOCUMENT,DOCUMENT_STATE_ONLY,ITEM_APPROVAL_STATUS_PENDING,2026-09-26 16:06:06,2026-10-01,2026-09-01,Motor,2026-09-25,2504356,2026-09-25 14:51:24,"[""1_L78474340-V1""]",1,OBSERVED_DATA_STATE,,,,,0,,CURRENT_MONTH,CANCELLATION,RCB,1,true,false,true,e8b0eb3d-7cb3-448a-99a5-7d6412dba9a8,LEAD_STATUS_PURCHASED,2504356,1_L78474340-V1,1,paid,MOTOR_TYPE_1,true,L78474340,L78474340-V1,1,2026-09-25 00:00:00,2026-09-25,SAP_PAYMENT_DATE_FOR_CANCELLED_DOCUMENT,,ONETIME,FULL_PAYMENT,,products/car-insurance,1_L78474340-V1,,CANCEL_CHANGE_ORDER_NOT_APPLIED,MISSING_TERMINAL_SAP_EVIDENCE,1,13774.0,2026-09-25,1,1,paid,2026-09-26 00:00:00,KRUNGSRI,1,ITEM_SUBMISSION_STATUS_SUBMITTED,0,,9e91d742-63a8-48ca-a00e-b285adb47e19,,,true,true,Two live cancel producers checked; output membership does not prove export or import.
CANCEL_SAP_DOCUMENT,DOCUMENT_STATE_ONLY,ITEM_APPROVAL_STATUS_PENDING,2026-09-26 16:06:06,2026-10-01,2026-09-01,Motor,2026-09-26,2504370,2026-09-25 18:35:32,"[""1_L78762640-V1""]",1,OBSERVED_DATA_STATE,,,,,0,,CURRENT_MONTH,CANCELLATION,RCB,1,true,false,true,c7415534-5d63-4938-934c-7ac03cd1b166,LEAD_STATUS_PURCHASED,2504370,1_L78762640-V1,1,paid,MOTOR_TYPE_2_PLUS,true,L78762640,L78762640-V1,1,2026-09-25 00:00:00,2026-09-25,SAP_PAYMENT_DATE_FOR_CANCELLED_DOCUMENT,,ONETIME,FULL_PAYMENT,,products/car-insurance,1_L78762640-V1,,CANCEL_CHANGE_ORDER_NOT_APPLIED,MISSING_TERMINAL_SAP_EVIDENCE,1,2400.07,2026-09-25,1,1,paid,2026-09-26 00:00:00,KASIKORN,1,ITEM_SUBMISSION_STATUS_PENDING,0,,9362f020-3d04-47d6-8ac4-451b4091a619,,,true,true,Two live cancel producers checked; output membership does not prove export or import.
CANCEL_SAP_DOCUMENT,DOCUMENT_STATE_ONLY,ITEM_APPROVAL_STATUS_POLICY_UPLOADED,2026-09-26 16:06:06,2026-10-01,2026-09-01,Motor,2026-09-26,2455689,2026-09-26 10:50:11,"[""chrg_68trpymsw1bhe77yktj""]",1,OBSERVED_DATA_STATE,,,,,1,,CURRENT_MONTH,CANCELLATION,RCB,1,true,false,true,f59347fd-b5e1-4012-bbfa-0ef29629d8b6,LEAD_STATUS_PURCHASED,2455689,chrg_68trpymsw1bhe77yktj,1,paid,MOTOR_TYPE_COMPULSORY,true,L78790562,L78790562-M1,2,2026-08-28 04:28:41,2026-08-28,SAP_PAYMENT_DATE_FOR_CANCELLED_DOCUMENT,,ONETIME,FULL_PAYMENT,,products/car-insurance,chrg_68trpymsw1bhe77yktj,,CANCEL_CHANGE_ORDER_NOT_APPLIED,MISSING_TERMINAL_SAP_EVIDENCE,1,645.21,2026-08-28,1,1,paid,2026-08-29 00:00:00,RCB,1,ITEM_SUBMISSION_STATUS_SUBMITTED,0,,930766a1-b619-47be-8d84-db12d6a87234,,,true,true,Two live cancel producers checked; output membership does not prove export or import.
CANCEL_SAP_DOCUMENT,DOCUMENT_STATE_ONLY,ITEM_APPROVAL_STATUS_POLICY_UPLOADED,2026-09-26 16:06:06,2026-10-01,2026-09-01,Motor,2026-09-26,2455690,2026-09-26 10:50:11,"[""chrg_68trpymsw1bhe77yktj""]",1,OBSERVED_DATA_STATE,,,,,1,,CURRENT_MONTH,CANCELLATION,RCB,1,true,false,true,e7839612-455f-4592-b5fc-01da6d9622ab,LEAD_STATUS_PURCHASED,2455690,chrg_68trpymsw1bhe77yktj,1,paid,MOTOR_TYPE_1,true,L78790562,L78790562-V1,2,2026-08-28 04:28:41,2026-08-28,SAP_PAYMENT_DATE_FOR_CANCELLED_DOCUMENT,,ONETIME,FULL_PAYMENT,,products/car-insurance,chrg_68trpymsw1bhe77yktj,,CANCEL_CHANGE_ORDER_NOT_APPLIED,MISSING_TERMINAL_SAP_EVIDENCE,1,12396.61,2026-08-28,1,1,paid,2026-08-29 00:00:00,RCB,1,ITEM_SUBMISSION_STATUS_SUBMITTED,0,,930766a1-b619-47be-8d84-db12d6a87234,,,true,true,Two live cancel producers checked; output membership does not prove export or import.
CANCEL_SAP_DOCUMENT,DOCUMENT_STATE_ONLY,ITEM_APPROVAL_STATUS_PENDING,2026-09-26 16:06:06,2026-10-01,2026-09-01,Motor,2026-09-15,2485657,2026-09-14 18:12:56,[null],6,OBSERVED_DATA_STATE,,,,,0,,CURRENT_MONTH,CANCELLATION,RCL,1,true,false,true,68727dde-5909-4765-acfd-4f4591fabf2e,LEAD_STATUS_PURCHASED,2485657,,1,pending,MOTOR_TYPE_2_PLUS,true,L78848241,L78848241-V1,1,2026-09-13 13:27:02,,SAP_PAYMENT_DATE_FOR_CANCELLED_DOCUMENT,,INSTALLMENT,RABBIT_CARE_INSTALLMENT,,products/car-insurance,,,CANCEL_CHANGE_ORDER_NOT_APPLIED,MISSING_TERMINAL_SAP_EVIDENCE,6,0.0,,0,1,pending,2026-09-14 00:00:00,RABBIT_LENDING,6,ITEM_SUBMISSION_STATUS_PENDING,0,,b31b1d2e-297c-4a69-a2a6-a15dea4d3f7b,,,false,false,Two live cancel producers checked; output membership does not prove export or import.
CANCEL_SAP_DOCUMENT,DOCUMENT_STATE_ONLY,ITEM_APPROVAL_STATUS_PENDING,2026-09-26 16:06:06,2026-10-01,2026-09-01,Motor,2026-09-15,2485658,2026-09-14 18:12:56,[null],6,OBSERVED_DATA_STATE,,,,,0,,CURRENT_MONTH,CANCELLATION,RCL,2,true,false,true,68727dde-5909-4765-acfd-4f4591fabf2e,LEAD_STATUS_PURCHASED,2485658,,1,pending,MOTOR_TYPE_2_PLUS,true,L78848241,L78848241-V1,1,2026-09-13 13:27:02,,SAP_PAYMENT_DATE_FOR_CANCELLED_DOCUMENT,,INSTALLMENT,RABBIT_CARE_INSTALLMENT,,products/car-insurance,,,CANCEL_CHANGE_ORDER_NOT_APPLIED,MISSING_TERMINAL_SAP_EVIDENCE,6,0.0,,0,1,pending,2026-09-14 00:00:00,RABBIT_LENDING,6,ITEM_SUBMISSION_STATUS_PENDING,0,,b31b1d2e-297c-4a69-a2a6-a15dea4d3f7b,,,false,false,Two live cancel producers checked; output membership does not prove export or import.
CANCEL_SAP_DOCUMENT,DOCUMENT_STATE_ONLY,ITEM_APPROVAL_STATUS_PENDING,2026-09-26 16:06:06,2026-10-01,2026-09-01,Motor,2026-09-15,2485659,2026-09-14 18:12:56,[null],6,OBSERVED_DATA_STATE,,,,,0,,CURRENT_MONTH,CANCELLATION,RCL,3,true,false,true,68727dde-5909-4765-acfd-4f4591fabf2e,LEAD_STATUS_PURCHASED,2485659,,1,pending,MOTOR_TYPE_2_PLUS,true,L78848241,L78848241-V1,1,2026-09-13 13:27:02,,SAP_PAYMENT_DATE_FOR_CANCELLED_DOCUMENT,,INSTALLMENT,RABBIT_CARE_INSTALLMENT,,products/car-insurance,,,CANCEL_CHANGE_ORDER_NOT_APPLIED,MISSING_TERMINAL_SAP_EVIDENCE,6,0.0,,0,1,pending,2026-09-14 00:00:00,RABBIT_LENDING,6,ITEM_SUBMISSION_STATUS_PENDING,0,,b31b1d2e-297c-4a69-a2a6-a15dea4d3f7b,,,false,false,Two live cancel producers checked; output membership does not prove export or import.
CANCEL_SAP_DOCUMENT,DOCUMENT_STATE_ONLY,ITEM_APPROVAL_STATUS_PENDING,2026-09-26 16:06:06,2026-10-01,2026-09-01,Motor,2026-09-15,2485660,2026-09-14 18:12:56,[null],6,OBSERVED_DATA_STATE,,,,,0,,CURRENT_MONTH,CANCELLATION,RCL,4,true,false,true,68727dde-5909-4765-acfd-4f4591fabf2e,LEAD_STATUS_PURCHASED,2485660,,1,pending,MOTOR_TYPE_2_PLUS,true,L78848241,L78848241-V1,1,2026-09-13 13:27:02,,SAP_PAYMENT_DATE_FOR_CANCELLED_DOCUMENT,,INSTALLMENT,RABBIT_CARE_INSTALLMENT,,products/car-insurance,,,CANCEL_CHANGE_ORDER_NOT_APPLIED,MISSING_TERMINAL_SAP_EVIDENCE,6,0.0,,0,1,pending,2026-09-14 00:00:00,RABBIT_LENDING,6,ITEM_SUBMISSION_STATUS_PENDING,0,,b31b1d2e-297c-4a69-a2a6-a15dea4d3f7b,,,false,false,Two live cancel producers checked; output membership does not prove export or import.
CANCEL_SAP_DOCUMENT,DOCUMENT_STATE_ONLY,ITEM_APPROVAL_STATUS_PENDING,2026-09-26 16:06:06,2026-10-01,2026-09-01,Motor,2026-09-15,2485661,2026-09-14 18:12:56,[null],6,OBSERVED_DATA_STATE,,,,,0,,CURRENT_MONTH,CANCELLATION,RCL,5,true,false,true,68727dde-5909-4765-acfd-4f4591fabf2e,LEAD_STATUS_PURCHASED,2485661,,1,pending,MOTOR_TYPE_2_PLUS,true,L78848241,L78848241-V1,1,2026-09-13 13:27:02,,SAP_PAYMENT_DATE_FOR_CANCELLED_DOCUMENT,,INSTALLMENT,RABBIT_CARE_INSTALLMENT,,products/car-insurance,,,CANCEL_CHANGE_ORDER_NOT_APPLIED,MISSING_TERMINAL_SAP_EVIDENCE,6,0.0,,0,1,pending,2026-09-14 00:00:00,RABBIT_LENDING,6,ITEM_SUBMISSION_STATUS_PENDING,0,,b31b1d2e-297c-4a69-a2a6-a15dea4d3f7b,,,false,false,Two live cancel producers checked; output membership does not prove export or import.
CANCEL_SAP_DOCUMENT,DOCUMENT_STATE_ONLY,ITEM_APPROVAL_STATUS_PENDING,2026-09-26 16:06:06,2026-10-01,2026-09-01,Motor,2026-09-15,2485662,2026-09-14 18:12:56,[null],6,OBSERVED_DATA_STATE,,,,,0,,CURRENT_MONTH,CANCELLATION,RCL,6,true,false,true,68727dde-5909-4765-acfd-4f4591fabf2e,LEAD_STATUS_PURCHASED,2485662,,1,pending,MOTOR_TYPE_2_PLUS,true,L78848241,L78848241-V1,1,2026-09-13 13:27:02,,SAP_PAYMENT_DATE_FOR_CANCELLED_DOCUMENT,,INSTALLMENT,RABBIT_CARE_INSTALLMENT,,products/car-insurance,,,CANCEL_CHANGE_ORDER_NOT_APPLIED,MISSING_TERMINAL_SAP_EVIDENCE,6,0.0,,0,1,pending,2026-09-14 00:00:00,RABBIT_LENDING,6,ITEM_SUBMISSION_STATUS_PENDING,0,,b31b1d2e-297c-4a69-a2a6-a15dea4d3f7b,,,false,false,Two live cancel producers checked; output membership does not prove export or import.
CANCEL_SAP_DOCUMENT,DOCUMENT_STATE_ONLY,ITEM_APPROVAL_STATUS_PENDING,2026-09-26 16:06:06,2026-10-01,2026-09-01,Motor,2026-09-25,2505774,2026-09-25 14:59:36,"[""2_chrg_694dzn97uyleeynrnxk""]",8,OBSERVED_DATA_STATE,,,,,1,,CURRENT_MONTH,CANCELLATION,RCL,1,true,false,true,c402ffe7-f3f5-4582-af59-11193789d6cc,LEAD_STATUS_PURCHASED,2505774,2_chrg_694dzn97uyleeynrnxk,1,paid,MOTOR_TYPE_COMPULSORY,true,L79047811,L79047811-M1,2,2026-09-24 08:04:26,2026-09-24,SAP_PAYMENT_DATE_FOR_CANCELLED_DOCUMENT,,INSTALLMENT,RABBIT_CARE_INSTALLMENT,,products/car-insurance,2_chrg_694dzn97uyleeynrnxk,,CANCEL_CHANGE_ORDER_NOT_APPLIED,MISSING_TERMINAL_SAP_EVIDENCE,1,967.28,2026-09-24,1,1,paid,2026-09-26 00:00:00,RABBIT_LENDING,8,ITEM_SUBMISSION_STATUS_PENDING,0,,841504cb-03e9-493b-9f6f-77c6cfc1a0fd,,,true,true,Two live cancel producers checked; output membership does not prove export or import.
CANCEL_SAP_DOCUMENT,DOCUMENT_STATE_ONLY,ITEM_APPROVAL_STATUS_PENDING,2026-09-26 16:06:06,2026-10-01,2026-09-01,Motor,2026-09-25,2505775,2026-09-25 14:59:36,"[""2_chrg_694dzn97uyleeynrnxk""]",8,OBSERVED_DATA_STATE,,,,,1,,CURRENT_MONTH,CANCELLATION,RCL,1,true,false,true,044ef2a7-8dfb-4cb1-85ac-37f78ecebe6f,LEAD_STATUS_PURCHASED,2505775,2_chrg_694dzn97uyleeynrnxk,1,paid,MOTOR_TYPE_1,true,L79047811,L79047811-V1,2,2026-09-24 08:04:26,2026-09-24,SAP_PAYMENT_DATE_FOR_CANCELLED_DOCUMENT,,INSTALLMENT,RABBIT_CARE_INSTALLMENT,,products/car-insurance,2_chrg_694dzn97uyleeynrnxk,,CANCEL_CHANGE_ORDER_NOT_APPLIED,MISSING_TERMINAL_SAP_EVIDENCE,8,1762.54,2026-09-24,1,1,paid,2026-09-26 00:00:00,RABBIT_LENDING,8,ITEM_SUBMISSION_STATUS_PENDING,0,,841504cb-03e9-493b-9f6f-77c6cfc1a0fd,,,true,true,Two live cancel producers checked; output membership does not prove export or import.
CANCEL_SAP_DOCUMENT,DOCUMENT_STATE_ONLY,ITEM_APPROVAL_STATUS_PENDING,2026-09-26 16:06:06,2026-10-01,2026-09-01,Motor,2026-09-25,2505776,2026-09-25 14:59:36,[null],8,OBSERVED_DATA_STATE,,,,,1,,CURRENT_MONTH,CANCELLATION,RCL,2,true,false,true,044ef2a7-8dfb-4cb1-85ac-37f78ecebe6f,LEAD_STATUS_PURCHASED,2505776,,1,pending,MOTOR_TYPE_1,true,L79047811,L79047811-V1,2,2026-09-24 08:04:26,,SAP_PAYMENT_DATE_FOR_CANCELLED_DOCUMENT,,INSTALLMENT,RABBIT_CARE_INSTALLMENT,,products/car-insurance,,,CANCEL_CHANGE_ORDER_NOT_APPLIED,MISSING_TERMINAL_SAP_EVIDENCE,8,0.0,,0,1,pending,2026-09-26 00:00:00,RABBIT_LENDING,8,ITEM_SUBMISSION_STATUS_PENDING,0,,841504cb-03e9-493b-9f6f-77c6cfc1a0fd,,,true,true,Two live cancel producers checked; output membership does not prove export or import.
CANCEL_SAP_DOCUMENT,DOCUMENT_STATE_ONLY,ITEM_APPROVAL_STATUS_PENDING,2026-09-26 16:06:06,2026-10-01,2026-09-01,Motor,2026-09-25,2505777,2026-09-25 14:59:36,[null],8,OBSERVED_DATA_STATE,,,,,1,,CURRENT_MONTH,CANCELLATION,RCL,3,true,false,true,044ef2a7-8dfb-4cb1-85ac-37f78ecebe6f,LEAD_STATUS_PURCHASED,2505777,,1,pending,MOTOR_TYPE_1,true,L79047811,L79047811-V1,2,2026-09-24 08:04:26,,SAP_PAYMENT_DATE_FOR_CANCELLED_DOCUMENT,,INSTALLMENT,RABBIT_CARE_INSTALLMENT,,products/car-insurance,,,CANCEL_CHANGE_ORDER_NOT_APPLIED,MISSING_TERMINAL_SAP_EVIDENCE,8,0.0,,0,1,pending,2026-09-26 00:00:00,RABBIT_LENDING,8,ITEM_SUBMISSION_STATUS_PENDING,0,,841504cb-03e9-493b-9f6f-77c6cfc1a0fd,,,true,true,Two live cancel producers checked; output membership does not prove export or import.
CANCEL_SAP_DOCUMENT,DOCUMENT_STATE_ONLY,ITEM_APPROVAL_STATUS_PENDING,2026-09-26 16:06:06,2026-10-01,2026-09-01,Motor,2026-09-25,2505778,2026-09-25 14:59:36,[null],8,OBSERVED_DATA_STATE,,,,,1,,CURRENT_MONTH,CANCELLATION,RCL,4,true,false,true,044ef2a7-8dfb-4cb1-85ac-37f78ecebe6f,LEAD_STATUS_PURCHASED,2505778,,1,pending,MOTOR_TYPE_1,true,L79047811,L79047811-V1,2,2026-09-24 08:04:26,,SAP_PAYMENT_DATE_FOR_CANCELLED_DOCUMENT,,INSTALLMENT,RABBIT_CARE_INSTALLMENT,,products/car-insurance,,,CANCEL_CHANGE_ORDER_NOT_APPLIED,MISSING_TERMINAL_SAP_EVIDENCE,8,0.0,,0,1,pending,2026-09-26 00:00:00,RABBIT_LENDING,8,ITEM_SUBMISSION_STATUS_PENDING,0,,841504cb-03e9-493b-9f6f-77c6cfc1a0fd,,,true,true,Two live cancel producers checked; output membership does not prove export or import.
CANCEL_SAP_DOCUMENT,DOCUMENT_STATE_ONLY,ITEM_APPROVAL_STATUS_PENDING,2026-09-26 16:06:06,2026-10-01,2026-09-01,Motor,2026-09-25,2505779,2026-09-25 14:59:36,[null],8,OBSERVED_DATA_STATE,,,,,1,,CURRENT_MONTH,CANCELLATION,RCL,5,true,false,true,044ef2a7-8dfb-4cb1-85ac-37f78ecebe6f,LEAD_STATUS_PURCHASED,2505779,,1,pending,MOTOR_TYPE_1,true,L79047811,L79047811-V1,2,2026-09-24 08:04:26,,SAP_PAYMENT_DATE_FOR_CANCELLED_DOCUMENT,,INSTALLMENT,RABBIT_CARE_INSTALLMENT,,products/car-insurance,,,CANCEL_CHANGE_ORDER_NOT_APPLIED,MISSING_TERMINAL_SAP_EVIDENCE,8,0.0,,0,1,pending,2026-09-26 00:00:00,RABBIT_LENDING,8,ITEM_SUBMISSION_STATUS_PENDING,0,,841504cb-03e9-493b-9f6f-77c6cfc1a0fd,,,true,true,Two live cancel producers checked; output membership does not prove export or import.
CANCEL_SAP_DOCUMENT,DOCUMENT_STATE_ONLY,ITEM_APPROVAL_STATUS_PENDING,2026-09-26 16:06:06,2026-10-01,2026-09-01,Motor,2026-09-25,2505780,2026-09-25 14:59:36,[null],8,OBSERVED_DATA_STATE,,,,,1,,CURRENT_MONTH,CANCELLATION,RCL,6,true,false,true,044ef2a7-8dfb-4cb1-85ac-37f78ecebe6f,LEAD_STATUS_PURCHASED,2505780,,1,pending,MOTOR_TYPE_1,true,L79047811,L79047811-V1,2,2026-09-24 08:04:26,,SAP_PAYMENT_DATE_FOR_CANCELLED_DOCUMENT,,INSTALLMENT,RABBIT_CARE_INSTALLMENT,,products/car-insurance,,,CANCEL_CHANGE_ORDER_NOT_APPLIED,MISSING_TERMINAL_SAP_EVIDENCE,8,0.0,,0,1,pending,2026-09-26 00:00:00,RABBIT_LENDING,8,ITEM_SUBMISSION_STATUS_PENDING,0,,841504cb-03e9-493b-9f6f-77c6cfc1a0fd,,,true,true,Two live cancel producers checked; output membership does not prove export or import.
CANCEL_SAP_DOCUMENT,DOCUMENT_STATE_ONLY,ITEM_APPROVAL_STATUS_PENDING,2026-09-26 16:06:06,2026-10-01,2026-09-01,Motor,2026-09-25,2505781,2026-09-25 14:59:36,[null],8,OBSERVED_DATA_STATE,,,,,1,,CURRENT_MONTH,CANCELLATION,RCL,7,true,false,true,044ef2a7-8dfb-4cb1-85ac-37f78ecebe6f,LEAD_STATUS_PURCHASED,2505781,,1,pending,MOTOR_TYPE_1,true,L79047811,L79047811-V1,2,2026-09-24 08:04:26,,SAP_PAYMENT_DATE_FOR_CANCELLED_DOCUMENT,,INSTALLMENT,RABBIT_CARE_INSTALLMENT,,products/car-insurance,,,CANCEL_CHANGE_ORDER_NOT_APPLIED,MISSING_TERMINAL_SAP_EVIDENCE,8,0.0,,0,1,pending,2026-09-26 00:00:00,RABBIT_LENDING,8,ITEM_SUBMISSION_STATUS_PENDING,0,,841504cb-03e9-493b-9f6f-77c6cfc1a0fd,,,true,true,Two live cancel producers checked; output membership does not prove export or import.
CANCEL_SAP_DOCUMENT,DOCUMENT_STATE_ONLY,ITEM_APPROVAL_STATUS_PENDING,2026-09-26 16:06:06,2026-10-01,2026-09-01,Motor,2026-09-25,2505782,2026-09-25 14:59:36,[null],8,OBSERVED_DATA_STATE,,,,,1,,CURRENT_MONTH,CANCELLATION,RCL,8,true,false,true,044ef2a7-8dfb-4cb1-85ac-37f78ecebe6f,LEAD_STATUS_PURCHASED,2505782,,1,pending,MOTOR_TYPE_1,true,L79047811,L79047811-V1,2,2026-09-24 08:04:26,,SAP_PAYMENT_DATE_FOR_CANCELLED_DOCUMENT,,INSTALLMENT,RABBIT_CARE_INSTALLMENT,,products/car-insurance,,,CANCEL_CHANGE_ORDER_NOT_APPLIED,MISSING_TERMINAL_SAP_EVIDENCE,8,0.0,,0,1,pending,2026-09-26 00:00:00,RABBIT_LENDING,8,ITEM_SUBMISSION_STATUS_PENDING,0,,841504cb-03e9-493b-9f6f-77c6cfc1a0fd,,,true,true,Two live cancel producers checked; output membership does not prove export or import.
CANCEL_SAP_DOCUMENT,DOCUMENT_STATE_ONLY,ITEM_APPROVAL_STATUS_PENDING,2026-09-26 16:06:06,2026-10-01,2026-09-01,Motor,2026-09-25,2504736,2026-09-25 11:46:13,"[""chrg_694pezirhjlpen4b4ci""]",1,OBSERVED_DATA_STATE,,,,,0,,CURRENT_MONTH,CANCELLATION,RCB,1,true,false,true,4d503be3-11f3-4843-8b9e-aeb42a36f9db,LEAD_STATUS_PURCHASED,2504736,chrg_694pezirhjlpen4b4ci,1,paid,MOTOR_TYPE_1,true,L80907477,L80907477-V1,1,2026-09-25 03:32:30,2026-09-25,SAP_PAYMENT_DATE_FOR_CANCELLED_DOCUMENT,,ONETIME,FULL_PAYMENT,,products/car-insurance,chrg_694pezirhjlpen4b4ci,,CANCEL_CHANGE_ORDER_NOT_APPLIED,MISSING_TERMINAL_SAP_EVIDENCE,1,11563.2,2026-09-25,1,1,paid,2026-09-26 00:00:00,RCB,1,ITEM_SUBMISSION_STATUS_PENDING,0,,d4999950-3d39-4d8b-b857-0296d42d8503,,,true,true,Two live cancel producers checked; output membership does not prove export or import.
CANCEL_SAP_DOCUMENT,DOCUMENT_STATE_ONLY,ITEM_APPROVAL_STATUS_PENDING,2026-09-26 16:06:06,2026-10-01,2026-09-01,Motor,2026-09-26,2504768,2026-09-25 17:08:00,"[""chrg_694s1j47tiwqh1yqn19""]",1,OBSERVED_DATA_STATE,,,,,1,,CURRENT_MONTH,CANCELLATION,RCB,1,true,false,true,20c4f92f-23dd-49d4-9ac8-497d8b85b21c,LEAD_STATUS_PURCHASED,2504768,chrg_694s1j47tiwqh1yqn19,1,paid,MOTOR_TYPE_COMPULSORY,true,L80923196,L80923196-M1,2,2026-09-25 07:59:26,2026-09-25,SAP_PAYMENT_DATE_FOR_CANCELLED_DOCUMENT,,ONETIME,FULL_PAYMENT,,products/car-insurance,chrg_694s1j47tiwqh1yqn19,,CANCEL_CHANGE_ORDER_NOT_APPLIED,MISSING_TERMINAL_SAP_EVIDENCE,1,645.21,2026-09-25,1,1,paid,2026-09-26 00:00:00,RCB,1,ITEM_SUBMISSION_STATUS_PENDING,0,,2bf06c57-5512-4d20-ac6d-7fbcd529de07,,,true,true,Two live cancel producers checked; output membership does not prove export or import.
CANCEL_SAP_DOCUMENT,DOCUMENT_STATE_ONLY,ITEM_APPROVAL_STATUS_PENDING,2026-09-26 16:06:06,2026-10-01,2026-09-01,Motor,2026-09-26,2504769,2026-09-25 17:08:00,"[""chrg_694s1j47tiwqh1yqn19""]",1,OBSERVED_DATA_STATE,,,,,1,,CURRENT_MONTH,CANCELLATION,RCB,1,true,false,true,56b2f194-0a27-480d-b40a-0f2ae7bba9b2,LEAD_STATUS_PURCHASED,2504769,chrg_694s1j47tiwqh1yqn19,1,paid,MOTOR_TYPE_1,true,L80923196,L80923196-V1,2,2026-09-25 07:59:26,2026-09-25,SAP_PAYMENT_DATE_FOR_CANCELLED_DOCUMENT,,ONETIME,FULL_PAYMENT,,products/car-insurance,chrg_694s1j47tiwqh1yqn19,,CANCEL_CHANGE_ORDER_NOT_APPLIED,MISSING_TERMINAL_SAP_EVIDENCE,1,10823.69,2026-09-25,1,1,paid,2026-09-26 00:00:00,RCB,1,ITEM_SUBMISSION_STATUS_PENDING,0,,2bf06c57-5512-4d20-ac6d-7fbcd529de07,,,true,true,Two live cancel producers checked; output membership does not prove export or import.
CANCEL_SAP_DOCUMENT,DOCUMENT_STATE_ONLY,ITEM_APPROVAL_STATUS_PENDING,2026-09-26 16:06:06,2026-10-01,2026-09-01,NonMotor,2026-09-25,2506241,2026-09-25 09:54:52,"[""dpm_L80928331-1""]",1,OBSERVED_DATA_STATE,,,,,0,,CURRENT_MONTH,CANCELLATION,RCB,1,true,false,true,96d58ec0-0b48-4247-924f-db0a5f1c1f50,,2506241,dpm_L80928331-1,1,paid,,true,L80928331,L80928331-1,1,2026-09-24 00:00:00,2026-09-24,SAP_PAYMENT_DATE_FOR_CANCELLED_DOCUMENT,,ONETIME,FULL_PAYMENT,,products/health-insurance,dpm_L80928331-1,,CANCEL_CHANGE_ORDER_NOT_APPLIED,MISSING_TERMINAL_SAP_EVIDENCE,1,26352.0,2026-09-24,1,1,paid,2026-09-26 00:00:00,SERVICE_PROVIDER_UNSPECIFIED,1,ITEM_SUBMISSION_STATUS_PENDING,0,,d515b4e0-05fa-4c38-95cd-6d3fd71a2184,,,true,true,Two live cancel producers checked; output membership does not prove export or import.
CANCEL_SAP_DOCUMENT,DOCUMENT_STATE_ONLY,ITEM_APPROVAL_STATUS_PENDING,2026-09-26 16:06:06,2026-10-01,2026-09-01,Motor,2026-09-26,2504791,2026-09-25 17:29:11,"[""1_L80931408-V1""]",1,OBSERVED_DATA_STATE,,,,,0,,CURRENT_MONTH,CANCELLATION,RCB,1,true,false,true,ca9e3da2-c0cb-4d6a-94ef-4301b44e49f4,LEAD_STATUS_PURCHASED,2504791,1_L80931408-V1,1,paid,MOTOR_TYPE_1,true,L80931408,L80931408-V1,1,2026-09-25 00:00:00,2026-09-25,SAP_PAYMENT_DATE_FOR_CANCELLED_DOCUMENT,,ONETIME,FULL_PAYMENT,,products/car-insurance,1_L80931408-V1,,CANCEL_CHANGE_ORDER_NOT_APPLIED,MISSING_TERMINAL_SAP_EVIDENCE,1,49591.61,2026-09-25,1,1,paid,2026-09-26 00:00:00,KRUNGSRI,1,ITEM_SUBMISSION_STATUS_PENDING,0,,23d3c0d0-a5df-44a7-9847-f84ff2f27aab,,,true,true,Two live cancel producers checked; output membership does not prove export or import.
CANCEL_SAP_DOCUMENT,DOCUMENT_STATE_ONLY,ITEM_APPROVAL_STATUS_PENDING,2026-09-26 16:06:06,2026-10-01,2026-09-01,Motor,2026-09-25,2504812,2026-09-25 14:49:03,"[""chrg_694r9bc4x3sfdxt2wi0""]",1,OBSERVED_DATA_STATE,,,,,1,,CURRENT_MONTH,CANCELLATION,RCB,1,true,false,true,3e4f5d7e-2a5a-42fa-b079-d6f837b33a64,LEAD_STATUS_PURCHASED,2504812,chrg_694r9bc4x3sfdxt2wi0,1,paid,MOTOR_TYPE_COMPULSORY,true,L80935962,L80935962-M1,1,2026-09-25 06:39:07,2026-09-25,SAP_PAYMENT_DATE_FOR_CANCELLED_DOCUMENT,,ONETIME,FULL_PAYMENT,,products/car-insurance,chrg_694r9bc4x3sfdxt2wi0,,CANCEL_CHANGE_ORDER_NOT_APPLIED,MISSING_TERMINAL_SAP_EVIDENCE,1,645.21,2026-09-25,1,1,paid,2026-09-26 00:00:00,OMISE,1,ITEM_SUBMISSION_STATUS_PENDING,0,,0264c263-12a2-4714-aab8-f969cbdefe07,,,true,true,Two live cancel producers checked; output membership does not prove export or import.
CANCEL_SAP_DOCUMENT,DOCUMENT_STATE_ONLY,ITEM_APPROVAL_STATUS_PENDING,2026-09-26 16:06:06,2026-10-01,2026-09-01,Motor,2026-09-26,,2026-09-26 11:33:28,[null],10,OBSERVED_DATA_STATE,,,,,1,,CURRENT_MONTH,CANCELLATION,RCB,,true,false,false,6adb91d4-ac86-4ca0-b2ad-3db450dd8480,LEAD_STATUS_PURCHASED,,,0,,MOTOR_TYPE_COMPULSORY,true,L78891393,L78891393-M1,2,2026-09-26 04:15:48,,SAP_PAYMENT_DATE_FOR_CANCELLED_DOCUMENT,,BANK_INSTALLMENT,CREDIT_CARD_INSTALLMENT,,products/car-insurance,,,CANCEL_CREATE_MISSING_IN_SAP,MISSING_TERMINAL_SAP_EVIDENCE,0,,,0,0,,,RCB,10,ITEM_SUBMISSION_STATUS_PENDING,0,,ee3928a6-c7ed-4154-9ba0-8cf324a53d37,,,false,false,Two live cancel producers checked; output membership does not prove export or import.
CANCEL_SAP_DOCUMENT,DOCUMENT_STATE_ONLY,ITEM_APPROVAL_STATUS_PENDING,2026-09-26 16:06:06,2026-10-01,2026-09-01,NonMotor,2026-09-08,,2026-09-08 10:40:31,[null],10,OBSERVED_DATA_STATE,,,,,0,,CURRENT_MONTH,CANCELLATION,RCL,,true,true,false,41046593-0fed-4a3e-9045-3d2e2173fd1c,,,,0,,,true,L80779903,L80779903-1,1,2026-09-02 10:41:30,,SAP_PAYMENT_DATE_FOR_CANCELLED_DOCUMENT,,INSTALLMENT,RABBIT_CARE_INSTALLMENT,,products/health-insurance,,,CANCEL_CREATE_MISSING_IN_SAP,MISSING_TERMINAL_SAP_EVIDENCE,0,,,0,0,,,RABBIT_LENDING,10,ITEM_SUBMISSION_STATUS_PENDING,0,,7364d2b8-e121-45b9-9559-4a5ed40860a3,,,false,false,Two live cancel producers checked; output membership does not prove export or import.
CANCEL_SAP_DOCUMENT,DOCUMENT_STATE_ONLY,ITEM_APPROVAL_STATUS_PENDING,2026-09-26 16:06:06,2026-10-01,2026-09-01,NonMotor,2026-09-08,,2026-09-08 14:47:55,[null],3,OBSERVED_DATA_STATE,,,,,0,,CURRENT_MONTH,CANCELLATION,RCB,,true,true,false,526bfeca-3bbe-4fc8-90bf-4e8f128d99f9,,,,0,,,true,L80824896,L80824896-1,1,2026-09-07 00:00:00,,SAP_PAYMENT_DATE_FOR_CANCELLED_DOCUMENT,,BANK_INSTALLMENT,CREDIT_CARD_INSTALLMENT,,products/health-insurance,,,CANCEL_CREATE_MISSING_IN_SAP,MISSING_TERMINAL_SAP_EVIDENCE,0,,,0,0,,,KRUNGTHAI,3,ITEM_SUBMISSION_STATUS_PENDING,0,,73cdbd7b-39ac-464a-841a-fcd98cb49f4a,,,false,false,Two live cancel producers checked; output membership does not prove export or import.
CANCEL_SAP_DOCUMENT,DOCUMENT_STATE_ONLY,ITEM_APPROVAL_STATUS_PENDING,2026-09-26 16:06:06,2026-10-01,2026-09-01,NonMotor,2026-09-08,,2026-09-08 14:47:37,[null],6,OBSERVED_DATA_STATE,,,,,0,,CURRENT_MONTH,CANCELLATION,RCB,,true,true,false,6a074c3e-c4c1-4741-9daa-f72336c7a392,,,,0,,,true,L80824898,L80824898-1,1,2026-09-07 00:00:00,,SAP_PAYMENT_DATE_FOR_CANCELLED_DOCUMENT,,BANK_INSTALLMENT,CREDIT_CARD_INSTALLMENT,,products/health-insurance,,,CANCEL_CREATE_MISSING_IN_SAP,MISSING_TERMINAL_SAP_EVIDENCE,0,,,0,0,,,KRUNGTHAI,6,ITEM_SUBMISSION_STATUS_PENDING,0,,b1d345e5-fb74-4f37-80ec-d85107288370,,,false,false,Two live cancel producers checked; output membership does not prove export or import.
CANCEL_SAP_DOCUMENT,DOCUMENT_STATE_ONLY,ITEM_APPROVAL_STATUS_PENDING,2026-09-26 16:06:06,2026-10-01,2026-09-01,Motor,2026-09-25,,2026-09-25 15:44:37,[null],8,OBSERVED_DATA_STATE,,,,,0,,CURRENT_MONTH,CANCELLATION,RCL,,true,true,false,48ca19a0-a10e-4f72-8e4b-df0c72333647,LEAD_STATUS_PURCHASED,,,0,,MOTOR_TYPE_1,true,L80860685,L80860685-V1,1,2026-09-01 04:38:46,,SAP_PAYMENT_DATE_FOR_CANCELLED_DOCUMENT,,INSTALLMENT,RABBIT_CARE_INSTALLMENT,,products/car-insurance,,,CANCEL_CREATE_MISSING_IN_SAP,MISSING_TERMINAL_SAP_EVIDENCE,0,,,0,0,,,RABBIT_LENDING,8,ITEM_SUBMISSION_STATUS_PENDING,0,,d944a362-a083-4804-9bb1-46108cdae1e4,,,false,false,Two live cancel producers checked; output membership does not prove export or import.
CANCEL_SAP_DOCUMENT,DOCUMENT_STATE_ONLY,ITEM_APPROVAL_STATUS_PENDING,2026-09-26 16:06:06,2026-10-01,2026-09-01,NonMotor,2026-09-14,,2026-09-14 16:44:15,[null],10,OBSERVED_DATA_STATE,,,,,0,,CURRENT_MONTH,CANCELLATION,RCL,,true,true,true,7b2f5eef-6e68-45e2-b09b-840f3339568f,,,,0,,,true,L80878738,L80878738-1,1,2026-09-11 08:53:34,,SAP_PAYMENT_DATE_FOR_CANCELLED_DOCUMENT,,INSTALLMENT,RABBIT_CARE_INSTALLMENT,,products/health-insurance,,,CANCEL_CREATE_MISSING_IN_SAP,MISSING_TERMINAL_SAP_EVIDENCE,0,,,0,0,,,RABBIT_LENDING,10,ITEM_SUBMISSION_STATUS_PENDING,0,,2b971b48-9434-4173-ab3b-8fcfca9a9354,,,false,false,Two live cancel producers checked; output membership does not prove export or import.
CANCEL_SAP_DOCUMENT,DOCUMENT_STATE_ONLY,ITEM_APPROVAL_STATUS_PENDING,2026-09-26 16:06:06,2026-10-01,2026-09-01,Motor,2026-09-23,,2026-09-23 13:46:38,[null],10,OBSERVED_DATA_STATE,,,,,0,,CURRENT_MONTH,CANCELLATION,RCL,,true,true,false,0b4dd30e-cfb8-4278-a45c-25034db67f88,LEAD_STATUS_PURCHASED,,,0,,MOTOR_TYPE_1,true,L80896379,L80896379-V1,1,2026-09-05 04:34:10,,SAP_PAYMENT_DATE_FOR_CANCELLED_DOCUMENT,,INSTALLMENT,RABBIT_CARE_INSTALLMENT,,products/car-insurance,,,CANCEL_CREATE_MISSING_IN_SAP,MISSING_TERMINAL_SAP_EVIDENCE,0,,,0,0,,,RABBIT_LENDING,10,ITEM_SUBMISSION_STATUS_PENDING,0,,d7ab688d-57b1-4198-8594-101c330666dc,,,false,false,Two live cancel producers checked; output membership does not prove export or import.
CANCEL_SAP_DOCUMENT,DOCUMENT_STATE_ONLY,ITEM_APPROVAL_STATUS_PENDING,2026-09-26 16:06:06,2026-10-01,2026-09-01,Motor,2026-09-19,,2026-09-18 18:03:56,[null],6,OBSERVED_DATA_STATE,,,,,0,,CURRENT_MONTH,CANCELLATION,RCL,,true,true,true,9c2c6eb7-989a-4df0-8b3d-d7ed11d72394,LEAD_STATUS_PURCHASED,,,0,,MOTOR_TYPE_2_PLUS,true,L80902882,L80902882-V1,1,2026-09-18 08:20:03,,SAP_PAYMENT_DATE_FOR_CANCELLED_DOCUMENT,,INSTALLMENT,RABBIT_CARE_INSTALLMENT,,products/car-insurance,,,CANCEL_CREATE_MISSING_IN_SAP,MISSING_TERMINAL_SAP_EVIDENCE,0,,,0,0,,,RABBIT_LENDING,6,ITEM_SUBMISSION_STATUS_PENDING,0,,b39f7d04-050a-422e-bdc8-f1fd637b4aba,,,false,false,Two live cancel producers checked; output membership does not prove export or import.
CANCEL_SAP_DOCUMENT,DOCUMENT_STATE_ONLY,ITEM_APPROVAL_STATUS_PENDING,2026-09-26 16:06:06,2026-10-01,2026-09-01,Motor,2026-09-26,,2026-09-26 13:57:37,[null],1,OBSERVED_DATA_STATE,,,,,1,,CURRENT_MONTH,CANCELLATION,RCB,,true,false,true,f9242d56-5890-48bf-ac40-f8dced36e98d,LEAD_STATUS_PURCHASED,,,0,,MOTOR_TYPE_COMPULSORY,true,L80941710,L80941710-M1,2,2026-09-26 06:24:57,,SAP_PAYMENT_DATE_FOR_CANCELLED_DOCUMENT,,ONETIME,FULL_PAYMENT,,products/car-insurance,,,CANCEL_CREATE_MISSING_IN_SAP,MISSING_TERMINAL_SAP_EVIDENCE,0,,,0,0,,,OMISE,1,ITEM_SUBMISSION_STATUS_PENDING,0,,b2a08253-da1c-437a-9367-32301af6ec4a,,,false,false,Two live cancel producers checked; output membership does not prove export or import.
CANCEL_SAP_DOCUMENT,DOCUMENT_STATE_ONLY,ITEM_APPROVAL_STATUS_PENDING,2026-09-26 16:06:06,2026-10-01,2026-09-01,Motor,2026-09-26,,2026-09-26 13:57:37,[null],1,OBSERVED_DATA_STATE,,,,,1,,CURRENT_MONTH,CANCELLATION,RCB,,true,false,true,4c84635a-0ee8-4ce2-9009-aa29efd8f92f,LEAD_STATUS_PURCHASED,,,0,,MOTOR_TYPE_2_PLUS,true,L80941710,L80941710-V1,2,2026-09-26 06:24:57,,SAP_PAYMENT_DATE_FOR_CANCELLED_DOCUMENT,,ONETIME,FULL_PAYMENT,,products/car-insurance,,,CANCEL_CREATE_MISSING_IN_SAP,MISSING_TERMINAL_SAP_EVIDENCE,0,,,0,0,,,OMISE,1,ITEM_SUBMISSION_STATUS_PENDING,0,,b2a08253-da1c-437a-9367-32301af6ec4a,,,false,false,Two live cancel producers checked; output membership does not prove export or import.
CANCEL_SAP_DOCUMENT,DOCUMENT_STATE_ONLY,ITEM_APPROVAL_STATUS_POLICY_UPLOADED,2026-09-26 16:06:06,2026-10-01,2026-09-01,Motor,2026-09-08,2181178,2026-09-08 15:37:07,"[""2_chrg_675i3x2k1wrypgeg0mh""]",10,ROUTING_CAUSE_CANDIDATE,,,,,0,,CURRENT_MONTH,CANCELLATION,RCL,1,true,true,false,751f0116-aa7c-4c1c-a9ab-ac5c5e603020,LEAD_STATUS_PURCHASED,2181178,2_chrg_675i3x2k1wrypgeg0mh,1,paid,MOTOR_TYPE_1,true,L79959262,L79959262-V1,1,2026-08-01 01:47:03,2026-03-27,SAP_PAYMENT_DATE_FOR_CANCELLED_DOCUMENT,,INSTALLMENT,RABBIT_CARE_INSTALLMENT,,products/car-insurance,2_chrg_675i3x2k1wrypgeg0mh,,CANCEL_MULTIPLE_ROWS_SAME_PERIOD,MISSING_TERMINAL_SAP_EVIDENCE,11,2895.0,2026-03-27,2,2,paid,2026-03-29 00:00:00,RABBIT_LENDING,10,ITEM_SUBMISSION_STATUS_SUBMITTED,0,,1c8c5772-bd44-4d6f-a16e-3a99809c1109,,,true,false,Two live cancel producers checked; output membership does not prove export or import.
CANCEL_SAP_DOCUMENT,DOCUMENT_STATE_ONLY,ITEM_APPROVAL_STATUS_POLICY_UPLOADED,2026-09-26 16:06:06,2026-10-01,2026-09-01,Motor,2026-09-08,2181179,2026-09-08 15:37:07,"[""2_chrg_675y5ji6we3tvsuowam""]",10,ROUTING_CAUSE_CANDIDATE,,,,,0,,CURRENT_MONTH,CANCELLATION,RCL,1,true,true,false,751f0116-aa7c-4c1c-a9ab-ac5c5e603020,LEAD_STATUS_PURCHASED,2181179,2_chrg_675y5ji6we3tvsuowam,1,paid,MOTOR_TYPE_1,true,L79959262,L79959262-V1,1,2026-08-01 01:47:03,2026-03-28,SAP_PAYMENT_DATE_FOR_CANCELLED_DOCUMENT,,INSTALLMENT,RABBIT_CARE_INSTALLMENT,,products/car-insurance,2_chrg_675y5ji6we3tvsuowam,,CANCEL_MULTIPLE_ROWS_SAME_PERIOD,MISSING_TERMINAL_SAP_EVIDENCE,11,1605.01,2026-03-28,2,2,paid,2026-03-29 00:00:00,RABBIT_LENDING,10,ITEM_SUBMISSION_STATUS_SUBMITTED,0,,1c8c5772-bd44-4d6f-a16e-3a99809c1109,,,true,true,Two live cancel producers checked; output membership does not prove export or import.
CANCEL_SAP_DOCUMENT,DOCUMENT_STATE_ONLY,ITEM_APPROVAL_STATUS_POLICY_UPLOADED,2026-09-26 16:06:06,2026-10-01,2026-09-01,Motor,2026-09-10,2235865,2026-09-09 17:18:01,"[""2_chrg_678npn3yq0d5k3pad5m""]",10,ROUTING_CAUSE_CANDIDATE,,,,,0,,CURRENT_MONTH,CANCELLATION,RCL,1,true,true,false,404b61ad-82e4-45ac-a4c9-555ce70341ae,LEAD_STATUS_PURCHASED,2235865,2_chrg_678npn3yq0d5k3pad5m,1,paid,MOTOR_TYPE_1,true,L80035402,L80035402-V1,1,2026-07-20 09:53:35,2026-04-04,SAP_PAYMENT_DATE_FOR_CANCELLED_DOCUMENT,,INSTALLMENT,RABBIT_CARE_INSTALLMENT,,products/car-insurance,2_chrg_678npn3yq0d5k3pad5m,,CANCEL_MULTIPLE_ROWS_SAME_PERIOD,MISSING_TERMINAL_SAP_EVIDENCE,11,1690.03,2026-04-04,2,2,paid,2026-04-30 00:00:00,RABBIT_LENDING,10,ITEM_SUBMISSION_STATUS_SUBMITTED,0,,351e849f-66a2-4253-9006-a53f59565b38,,,true,false,Two live cancel producers checked; output membership does not prove export or import.
CANCEL_SAP_DOCUMENT,DOCUMENT_STATE_ONLY,ITEM_APPROVAL_STATUS_POLICY_UPLOADED,2026-09-26 16:06:06,2026-10-01,2026-09-01,Motor,2026-09-10,2235866,2026-09-09 17:18:01,"[""2_chrg_67fezqt7gdosk2908fy""]",10,ROUTING_CAUSE_CANDIDATE,,,,,0,,CURRENT_MONTH,CANCELLATION,RCL,1,true,true,false,404b61ad-82e4-45ac-a4c9-555ce70341ae,LEAD_STATUS_PURCHASED,2235866,2_chrg_67fezqt7gdosk2908fy,1,paid,MOTOR_TYPE_1,true,L80035402,L80035402-V1,1,2026-07-20 09:53:35,2026-04-21,SAP_PAYMENT_DATE_FOR_CANCELLED_DOCUMENT,,INSTALLMENT,RABBIT_CARE_INSTALLMENT,,products/car-insurance,2_chrg_67fezqt7gdosk2908fy,,CANCEL_MULTIPLE_ROWS_SAME_PERIOD,MISSING_TERMINAL_SAP_EVIDENCE,11,100.0,2026-04-21,2,2,paid,2026-04-30 00:00:00,RABBIT_LENDING,10,ITEM_SUBMISSION_STATUS_SUBMITTED,0,,351e849f-66a2-4253-9006-a53f59565b38,,,true,true,Two live cancel producers checked; output membership does not prove export or import.
CANCEL_SAP_DOCUMENT,DOCUMENT_STATE_ONLY,ITEM_APPROVAL_STATUS_POLICY_UPLOADED,2026-09-26 16:06:06,2026-10-01,2026-09-01,Motor,2026-09-25,2310779,2026-09-25 15:42:33,"[""2_chrg_67pxaxs1c1zsyxq9d5w""]",6,ROUTING_CAUSE_CANDIDATE,,,,,0,,CURRENT_MONTH,CANCELLATION,RCL,1,true,true,false,75d3cb48-166b-40b3-afc9-70c270b594d4,LEAD_STATUS_PURCHASED,2310779,2_chrg_67pxaxs1c1zsyxq9d5w,1,paid,MOTOR_TYPE_1,true,L80236849,L80236849-V1,1,2026-08-29 07:00:27,2026-06-01,SAP_PAYMENT_DATE_FOR_CANCELLED_DOCUMENT,,INSTALLMENT,RABBIT_CARE_INSTALLMENT,,products/car-insurance,2_chrg_67pxaxs1c1zsyxq9d5w,,CANCEL_MULTIPLE_ROWS_SAME_PERIOD,MISSING_TERMINAL_SAP_EVIDENCE,8,2083.35,2026-06-01,3,3,paid,2026-06-05 00:00:00,RABBIT_LENDING,6,ITEM_SUBMISSION_STATUS_SUBMITTED,0,,1afd39dd-cfb0-45a0-9995-b05530a7c6e9,,,true,false,Two live cancel producers checked; output membership does not prove export or import.
CANCEL_SAP_DOCUMENT,DOCUMENT_STATE_ONLY,ITEM_APPROVAL_STATUS_POLICY_UPLOADED,2026-09-26 16:06:06,2026-10-01,2026-09-01,Motor,2026-09-25,2310780,2026-09-25 15:42:33,"[""2_chrg_67szipl2whp7yx42tku""]",6,ROUTING_CAUSE_CANDIDATE,,,,,0,,CURRENT_MONTH,CANCELLATION,RCL,1,true,true,false,75d3cb48-166b-40b3-afc9-70c270b594d4,LEAD_STATUS_PURCHASED,2310780,2_chrg_67szipl2whp7yx42tku,1,paid,MOTOR_TYPE_1,true,L80236849,L80236849-V1,1,2026-08-29 07:00:27,2026-06-01,SAP_PAYMENT_DATE_FOR_CANCELLED_DOCUMENT,,INSTALLMENT,RABBIT_CARE_INSTALLMENT,,products/car-insurance,2_chrg_67szipl2whp7yx42tku,,CANCEL_MULTIPLE_ROWS_SAME_PERIOD,MISSING_TERMINAL_SAP_EVIDENCE,8,244.24,2026-06-01,3,3,paid,2026-06-05 00:00:00,RABBIT_LENDING,6,ITEM_SUBMISSION_STATUS_SUBMITTED,0,,1afd39dd-cfb0-45a0-9995-b05530a7c6e9,,,true,false,Two live cancel producers checked; output membership does not prove export or import.
CANCEL_SAP_DOCUMENT,DOCUMENT_STATE_ONLY,ITEM_APPROVAL_STATUS_POLICY_UPLOADED,2026-09-26 16:06:06,2026-10-01,2026-09-01,Motor,2026-09-25,2310781,2026-09-25 15:42:33,"[""2_chrg_67vfbws6invplvpnsr2""]",6,ROUTING_CAUSE_CANDIDATE,,,,,0,,CURRENT_MONTH,CANCELLATION,RCL,1,true,true,false,75d3cb48-166b-40b3-afc9-70c270b594d4,LEAD_STATUS_PURCHASED,2310781,2_chrg_67vfbws6invplvpnsr2,1,paid,MOTOR_TYPE_1,true,L80236849,L80236849-V1,1,2026-08-29 07:00:27,2026-06-01,SAP_PAYMENT_DATE_FOR_CANCELLED_DOCUMENT,,INSTALLMENT,RABBIT_CARE_INSTALLMENT,,products/car-insurance,2_chrg_67vfbws6invplvpnsr2,,CANCEL_MULTIPLE_ROWS_SAME_PERIOD,MISSING_TERMINAL_SAP_EVIDENCE,8,267.72,2026-06-01,3,3,paid,2026-06-05 00:00:00,RABBIT_LENDING,6,ITEM_SUBMISSION_STATUS_SUBMITTED,0,,1afd39dd-cfb0-45a0-9995-b05530a7c6e9,,,true,true,Two live cancel producers checked; output membership does not prove export or import.
CANCEL_SAP_DOCUMENT,DOCUMENT_STATE_ONLY,ITEM_APPROVAL_STATUS_POLICY_UPLOADED,2026-09-26 16:06:06,2026-10-01,2026-09-01,Motor,2026-09-17,2340286,2026-09-17 15:31:18,"[""2_chrg_681l0r49ib6c3g4fgs6""]",10,ROUTING_CAUSE_CANDIDATE,,,,,0,,CURRENT_MONTH,CANCELLATION,RCL,1,true,true,false,2d4a8986-68fe-480c-b09a-12ea118bbd84,LEAD_STATUS_PURCHASED,2340286,2_chrg_681l0r49ib6c3g4fgs6,1,paid,MOTOR_TYPE_1,true,L80326899,L80326899-V1,1,2026-08-06 06:37:58,2026-06-17,SAP_PAYMENT_DATE_FOR_CANCELLED_DOCUMENT,,INSTALLMENT,RABBIT_CARE_INSTALLMENT,,products/car-insurance,2_chrg_681l0r49ib6c3g4fgs6,,CANCEL_MULTIPLE_ROWS_SAME_PERIOD,MISSING_TERMINAL_SAP_EVIDENCE,11,1260.0,2026-06-17,2,2,paid,2026-06-24 00:00:00,RABBIT_LENDING,10,ITEM_SUBMISSION_STATUS_SUBMITTED,0,,63e13c3b-dab0-4574-a90d-07808f4009ce,,,true,false,Two live cancel producers checked; output membership does not prove export or import.
CANCEL_SAP_DOCUMENT,DOCUMENT_STATE_ONLY,ITEM_APPROVAL_STATUS_POLICY_UPLOADED,2026-09-26 16:06:06,2026-10-01,2026-09-01,Motor,2026-09-17,2340287,2026-09-17 15:31:18,"[""2_chrg_683mv19dgr9c2myrfx6""]",10,ROUTING_CAUSE_CANDIDATE,,,,,0,,CURRENT_MONTH,CANCELLATION,RCL,1,true,true,false,2d4a8986-68fe-480c-b09a-12ea118bbd84,LEAD_STATUS_PURCHASED,2340287,2_chrg_683mv19dgr9c2myrfx6,1,paid,MOTOR_TYPE_1,true,L80326899,L80326899-V1,1,2026-08-06 06:37:58,2026-06-23,SAP_PAYMENT_DATE_FOR_CANCELLED_DOCUMENT,,INSTALLMENT,RABBIT_CARE_INSTALLMENT,,products/car-insurance,2_chrg_683mv19dgr9c2myrfx6,,CANCEL_MULTIPLE_ROWS_SAME_PERIOD,MISSING_TERMINAL_SAP_EVIDENCE,11,160.0,2026-06-23,2,2,paid,2026-06-24 00:00:00,RABBIT_LENDING,10,ITEM_SUBMISSION_STATUS_SUBMITTED,0,,63e13c3b-dab0-4574-a90d-07808f4009ce,,,true,true,Two live cancel producers checked; output membership does not prove export or import.
CANCEL_SAP_DOCUMENT,DOCUMENT_STATE_ONLY,ITEM_APPROVAL_STATUS_POLICY_UPLOADED,2026-09-26 16:06:06,2026-10-01,2026-09-01,NonMotor,2026-09-21,2372756,2026-09-21 10:49:12,"[""chrg_6894b36ckclkjbj4daa""]",10,ROUTING_CAUSE_CANDIDATE,,,,,0,,CURRENT_MONTH,CANCELLATION,RCL,1,true,true,false,bc033815-e0b7-4542-81b0-188c01865cf7,,2372756,chrg_6894b36ckclkjbj4daa,1,paid,,true,L80421949,L80421949-1,1,2026-08-13 15:10:44,2026-07-06,SAP_PAYMENT_DATE_FOR_CANCELLED_DOCUMENT,,INSTALLMENT,RABBIT_CARE_INSTALLMENT,,products/health-insurance,chrg_6894b36ckclkjbj4daa,,CANCEL_MULTIPLE_ROWS_SAME_PERIOD,MISSING_TERMINAL_SAP_EVIDENCE,11,1845.0,2026-07-06,2,2,paid,2026-07-15 00:00:00,RABBIT_LENDING,10,ITEM_SUBMISSION_STATUS_SUBMITTED,0,,11231318-3d56-4a75-8492-c389f2a927f0,,,true,false,Two live cancel producers checked; output membership does not prove export or import.
CANCEL_SAP_DOCUMENT,DOCUMENT_STATE_ONLY,ITEM_APPROVAL_STATUS_POLICY_UPLOADED,2026-09-26 16:06:06,2026-10-01,2026-09-01,NonMotor,2026-09-21,2372757,2026-09-21 10:49:12,"[""chrg_68a8nztdl5rnboysjzi""]",10,ROUTING_CAUSE_CANDIDATE,,,,,0,,CURRENT_MONTH,CANCELLATION,RCL,1,true,true,false,bc033815-e0b7-4542-81b0-188c01865cf7,,2372757,chrg_68a8nztdl5rnboysjzi,1,paid,,true,L80421949,L80421949-1,1,2026-08-13 15:10:44,2026-07-09,SAP_PAYMENT_DATE_FOR_CANCELLED_DOCUMENT,,INSTALLMENT,RABBIT_CARE_INSTALLMENT,,products/health-insurance,chrg_68a8nztdl5rnboysjzi,,CANCEL_MULTIPLE_ROWS_SAME_PERIOD,MISSING_TERMINAL_SAP_EVIDENCE,11,1105.0,2026-07-09,2,2,paid,2026-07-15 00:00:00,RABBIT_LENDING,10,ITEM_SUBMISSION_STATUS_SUBMITTED,0,,11231318-3d56-4a75-8492-c389f2a927f0,,,true,true,Two live cancel producers checked; output membership does not prove export or import.
CANCEL_SAP_DOCUMENT,DOCUMENT_STATE_ONLY,ITEM_APPROVAL_STATUS_POLICY_UPLOADED,2026-09-26 16:06:06,2026-10-01,2026-09-01,Motor,2026-09-01,2392448,2026-09-01 16:52:11,"[""2_chrg_68emk3le37wy9ylnuy8""]",10,ROUTING_CAUSE_CANDIDATE,,,,,0,,CURRENT_MONTH,CANCELLATION,RCL,1,true,true,false,c9300059-f12b-4b8f-a977-56926bd0b797,LEAD_STATUS_PURCHASED,2392448,2_chrg_68emk3le37wy9ylnuy8,1,paid,MOTOR_TYPE_1,true,L80489632,L80489632-V1,1,2026-07-21 10:15:11,2026-07-20,SAP_PAYMENT_DATE_FOR_CANCELLED_DOCUMENT,,INSTALLMENT,RABBIT_CARE_INSTALLMENT,,products/car-insurance,2_chrg_68emk3le37wy9ylnuy8,,CANCEL_MULTIPLE_ROWS_SAME_PERIOD,MISSING_TERMINAL_SAP_EVIDENCE,11,3200.0,2026-07-20,2,2,paid,2026-07-24 00:00:00,RABBIT_LENDING,10,ITEM_SUBMISSION_STATUS_SUBMITTED,0,,892ec461-5766-4ae6-9c11-56f8cf332855,,,true,false,Two live cancel producers checked; output membership does not prove export or import.
CANCEL_SAP_DOCUMENT,DOCUMENT_STATE_ONLY,ITEM_APPROVAL_STATUS_POLICY_UPLOADED,2026-09-26 16:06:06,2026-10-01,2026-09-01,Motor,2026-09-01,2392449,2026-09-01 16:52:11,"[""2_chrg_68eym28sjsm6q622c43""]",10,ROUTING_CAUSE_CANDIDATE,,,,,0,,CURRENT_MONTH,CANCELLATION,RCL,1,true,true,false,c9300059-f12b-4b8f-a977-56926bd0b797,LEAD_STATUS_PURCHASED,2392449,2_chrg_68eym28sjsm6q622c43,1,paid,MOTOR_TYPE_1,true,L80489632,L80489632-V1,1,2026-07-21 10:15:11,2026-07-21,SAP_PAYMENT_DATE_FOR_CANCELLED_DOCUMENT,,INSTALLMENT,RABBIT_CARE_INSTALLMENT,,products/car-insurance,2_chrg_68eym28sjsm6q622c43,,CANCEL_MULTIPLE_ROWS_SAME_PERIOD,MISSING_TERMINAL_SAP_EVIDENCE,11,250.0,2026-07-21,2,2,paid,2026-07-24 00:00:00,RABBIT_LENDING,10,ITEM_SUBMISSION_STATUS_SUBMITTED,0,,892ec461-5766-4ae6-9c11-56f8cf332855,,,true,true,Two live cancel producers checked; output membership does not prove export or import.
CANCEL_SAP_DOCUMENT,DOCUMENT_STATE_ONLY,ITEM_APPROVAL_STATUS_POLICY_UPLOADED,2026-09-26 16:06:06,2026-10-01,2026-09-01,NonMotor,2026-09-10,2402576,2026-09-10 16:56:05,"[""chrg_67veoqb7dco6t1d5tj4""]",3,ROUTING_CAUSE_CANDIDATE,,,,,0,,CURRENT_MONTH,CANCELLATION,RCL,1,true,true,false,71ca919e-29fb-4a4a-a85f-9b89a51cdc9a,,2402576,chrg_67veoqb7dco6t1d5tj4,1,paid,,true,L80517642,L80517642-1,1,2026-06-08 10:59:09,2026-07-01,SAP_PAYMENT_DATE_FOR_CANCELLED_DOCUMENT,,INSTALLMENT,RABBIT_CARE_INSTALLMENT,,products/health-insurance,chrg_67veoqb7dco6t1d5tj4,,CANCEL_MULTIPLE_ROWS_SAME_PERIOD,MISSING_TERMINAL_SAP_EVIDENCE,4,1074.28,2026-07-01,2,2,paid,2026-07-31 00:00:00,RABBIT_LENDING,3,ITEM_SUBMISSION_STATUS_SUBMITTED,0,,f91dc989-846a-421a-9888-1cc86f8b004c,,,true,false,Two live cancel producers checked; output membership does not prove export or import.
CANCEL_SAP_DOCUMENT,DOCUMENT_STATE_ONLY,ITEM_APPROVAL_STATUS_POLICY_UPLOADED,2026-09-26 16:06:06,2026-10-01,2026-09-01,NonMotor,2026-09-10,2402577,2026-09-10 16:56:05,"[""chrg_67y277kbasuqx9lrh3m""]",3,ROUTING_CAUSE_CANDIDATE,,,,,0,,CURRENT_MONTH,CANCELLATION,RCL,1,true,true,false,71ca919e-29fb-4a4a-a85f-9b89a51cdc9a,,2402577,chrg_67y277kbasuqx9lrh3m,1,paid,,true,L80517642,L80517642-1,1,2026-06-08 10:59:09,2026-07-01,SAP_PAYMENT_DATE_FOR_CANCELLED_DOCUMENT,,INSTALLMENT,RABBIT_CARE_INSTALLMENT,,products/health-insurance,chrg_67y277kbasuqx9lrh3m,,CANCEL_MULTIPLE_ROWS_SAME_PERIOD,MISSING_TERMINAL_SAP_EVIDENCE,4,358.1,2026-07-01,2,2,paid,2026-09-20 00:00:00,RABBIT_LENDING,3,ITEM_SUBMISSION_STATUS_SUBMITTED,0,,f91dc989-846a-421a-9888-1cc86f8b004c,,,true,true,Two live cancel producers checked; output membership does not prove export or import.
CANCEL_SAP_DOCUMENT,DOCUMENT_STATE_ONLY,ITEM_APPROVAL_STATUS_POLICY_UPLOADED,2026-09-26 16:06:06,2026-10-01,2026-09-01,Motor,2026-09-07,2423123,2026-09-07 11:21:30,"[""chrg_68oe5o7ouio1kgpabh9""]",1,OBSERVED_DATA_STATE,,,,,0,,CURRENT_MONTH,CANCELLATION,RCB,1,true,false,false,a9bc3402-6469-4196-aea0-8a11d55d7196,LEAD_STATUS_PURCHASED,2423123,chrg_68oe5o7ouio1kgpabh9,1,paid,MOTOR_TYPE_3,true,L78708191,L78708191-V1,1,2026-08-14 11:03:13,2026-08-14,SAP_PAYMENT_DATE_FOR_CANCELLED_DOCUMENT,,ONETIME,FULL_PAYMENT,,products/car-insurance,chrg_68oe5o7ouio1kgpabh9,,CANCEL_PARTIALLY_APPLIED,MISSING_TERMINAL_SAP_EVIDENCE,3,2499.52,2026-08-14,2,3,"cancelled,paid",2026-08-15 00:00:00,RCB,1,ITEM_SUBMISSION_STATUS_SUBMITTED,0,,f05feb28-9cf4-4675-8fdc-2b9695129c8f,,,false,false,Two live cancel producers checked; output membership does not prove export or import.
CANCEL_SAP_DOCUMENT,DOCUMENT_STATE_ONLY,ITEM_APPROVAL_STATUS_PENDING,2026-09-26 16:06:06,2026-10-01,2026-09-01,Motor,2026-09-18,2488106,2026-09-17 18:05:27,"[""chrg_690rw41vpu3cc7s22xm""]",1,OBSERVED_DATA_STATE,,,,,1,,CURRENT_MONTH,CANCELLATION,RCB,1,true,false,true,30019a93-5b98-4c73-9015-3e4f2dbe17a7,LEAD_STATUS_PURCHASED,2488106,chrg_690rw41vpu3cc7s22xm,1,paid,MOTOR_TYPE_1,true,L79160014,L79160014-V1,2,2026-09-15 02:26:39,2026-09-15,SAP_PAYMENT_DATE_FOR_CANCELLED_DOCUMENT,,ONETIME,FULL_PAYMENT,,products/car-insurance,chrg_690rw41vpu3cc7s22xm,,CANCEL_PARTIALLY_APPLIED,MISSING_TERMINAL_SAP_EVIDENCE,3,319.06,2026-09-15,2,3,"cancelled (change order / rejected),paid",2026-09-16 00:00:00,RCB,1,ITEM_SUBMISSION_STATUS_SUBMITTED,0,,2f6693b2-c606-4fb3-92e7-1c25524b1939,,,false,false,Two live cancel producers checked; output membership does not prove export or import.
CANCEL_SAP_DOCUMENT,DOCUMENT_STATE_ONLY,ITEM_APPROVAL_STATUS_POLICY_UPLOADED,2026-09-26 16:06:06,2026-10-01,2026-09-01,Motor,2026-09-19,2415434,2026-09-18 17:54:07,"[""chrg_68k355mgfvbo4f35dza""]",1,OBSERVED_DATA_STATE,,,,,0,,CURRENT_MONTH,CANCELLATION,RCB,1,true,true,false,ffcd44e7-16b1-4257-bf58-33b1b24513b9,LEAD_STATUS_PURCHASED,2415434,chrg_68k355mgfvbo4f35dza,1,paid,MOTOR_TYPE_3,true,L80555318,L80555318-V1,1,2026-08-03 12:37:32,2026-08-04,SAP_PAYMENT_DATE_FOR_CANCELLED_DOCUMENT,,ONETIME,FULL_PAYMENT,,products/car-insurance,chrg_68k355mgfvbo4f35dza,,CANCEL_PARTIALLY_APPLIED,MISSING_TERMINAL_SAP_EVIDENCE,3,509.32,2026-08-04,2,3,"cancelled,paid",2026-08-05 00:00:00,RCB,1,ITEM_SUBMISSION_STATUS_SUBMITTED,0,,9986df52-7079-4e89-bc72-6b1ea0c1efdd,,,false,false,Two live cancel producers checked; output membership does not prove export or import.
CANCEL_SAP_DOCUMENT,DOCUMENT_STATE_ONLY,ITEM_APPROVAL_STATUS_PENDING,2026-09-26 16:06:06,2026-10-01,2026-09-01,Motor,2026-09-10,2480910,2026-09-10 15:34:04,"[""chrg_68odo6snkgy8b50faqk""]",1,OBSERVED_DATA_STATE,,,,,1,,CURRENT_MONTH,CANCELLATION,RCB,1,true,true,true,304abcd5-3bb3-4a82-8178-d610d0a3df0d,LEAD_STATUS_PURCHASED,2480910,chrg_68odo6snkgy8b50faqk,1,paid,MOTOR_TYPE_1,true,L80814206,L80814206-V1,2,2026-09-09 09:50:18,2026-09-01,SAP_PAYMENT_DATE_FOR_CANCELLED_DOCUMENT,,ONETIME,FULL_PAYMENT,,products/car-insurance,chrg_68odo6snkgy8b50faqk,,CANCEL_PARTIALLY_APPLIED,MISSING_TERMINAL_SAP_EVIDENCE,3,14520.0,2026-09-01,2,3,"cancelled (change order / rejected),paid",2026-09-11 00:00:00,RCB,1,ITEM_SUBMISSION_STATUS_SUBMITTED,0,,767738b1-3809-4bf4-8ed6-3f2da2f8c743,,,false,false,Two live cancel producers checked; output membership does not prove export or import.
CANCEL_SAP_DOCUMENT,DOCUMENT_STATE_ONLY,ITEM_APPROVAL_STATUS_PENDING,2026-09-26 16:06:06,2026-10-01,2026-09-01,Motor,2026-09-11,2482565,2026-09-11 14:59:37,"[""chrg_68odo6snkgy8b50faqk""]",1,OBSERVED_DATA_STATE,,,,,1,,CURRENT_MONTH,CANCELLATION,RCB,1,true,true,true,5b1794f0-f1df-447a-b436-b227a9f0fda9,LEAD_STATUS_PURCHASED,2482565,chrg_68odo6snkgy8b50faqk,1,paid,MOTOR_TYPE_1,true,L80843969,L80843969-V1,2,2026-09-09 09:50:18,2026-09-01,SAP_PAYMENT_DATE_FOR_CANCELLED_DOCUMENT,,ONETIME,FULL_PAYMENT,,products/car-insurance,chrg_68odo6snkgy8b50faqk,,CANCEL_PARTIALLY_APPLIED,MISSING_TERMINAL_SAP_EVIDENCE,3,14520.0,2026-09-01,2,3,"cancelled (change order / rejected),paid",2026-09-12 00:00:00,RCB,1,ITEM_SUBMISSION_STATUS_PENDING,0,,3f2dd47d-8507-4304-a705-a8fb4f38cbec,,,false,false,Two live cancel producers checked; output membership does not prove export or import.
CANCEL_SAP_DOCUMENT,DOCUMENT_STATE_ONLY,ITEM_APPROVAL_STATUS_PENDING,2026-09-26 16:06:06,2026-10-01,2026-09-01,Motor,2026-09-24,2503594,2026-09-24 15:57:41,"[""2_L80930174-V1""]",1,OBSERVED_DATA_STATE,,,,,1,,CURRENT_MONTH,CANCELLATION,RCB,1,true,true,true,dd16fd42-7d3b-4405-a1b5-fddc16bb31ed,LEAD_STATUS_PURCHASED,2503594,2_L80930174-V1,1,paid,MOTOR_TYPE_2_PLUS,true,L80930174,L80930174-V1,2,2026-09-24 00:00:00,2026-09-24,SAP_PAYMENT_DATE_FOR_CANCELLED_DOCUMENT,,ONETIME,FULL_PAYMENT,,products/car-insurance,2_L80930174-V1,,CANCEL_PARTIALLY_APPLIED,MISSING_TERMINAL_SAP_EVIDENCE,3,69.59,2026-09-24,2,3,"cancelled (change order / rejected),paid",2026-09-25 00:00:00,"KASIKORN,RCB",1,ITEM_SUBMISSION_STATUS_PENDING,0,,e4fc5f47-e474-4a3f-8821-a38a37f24cfa,,,false,false,Two live cancel producers checked; output membership does not prove export or import.
CANCEL_SAP_DOCUMENT,DOCUMENT_STATE_ONLY,ITEM_APPROVAL_STATUS_PENDING,2026-09-26 16:06:06,2026-10-01,2026-09-01,Motor,2026-09-26,2505099,2026-09-25 17:16:06,"[""2_chrg_6940dsepazd4fu8y3e3""]",6,OBSERVED_DATA_STATE,,,,,0,,CURRENT_MONTH,CANCELLATION,RCL,1,true,false,false,4fdcac51-17c8-4b9d-af8b-ddc4261fdefd,LEAD_STATUS_PURCHASED,2505099,2_chrg_6940dsepazd4fu8y3e3,1,paid,MOTOR_TYPE_2_PLUS,true,L78733385,L78733385-V1,1,2026-09-24 10:30:44,2026-09-24,SAP_PAYMENT_DATE_FOR_CANCELLED_DOCUMENT,,INSTALLMENT,RABBIT_CARE_INSTALLMENT,,products/car-insurance,2_chrg_6940dsepazd4fu8y3e3,,CANCEL_STATUS_NOT_APPLIED,MISSING_TERMINAL_SAP_EVIDENCE,6,1266.54,2026-09-24,1,1,paid,2026-09-26 00:00:00,RABBIT_LENDING,6,ITEM_SUBMISSION_STATUS_PENDING,0,,e5abb8b3-f0dc-4e96-946b-4e0444522299,,,true,true,Two live cancel producers checked; output membership does not prove export or import.
CANCEL_SAP_DOCUMENT,DOCUMENT_STATE_ONLY,ITEM_APPROVAL_STATUS_PENDING,2026-09-26 16:06:06,2026-10-01,2026-09-01,Motor,2026-09-26,2505100,2026-09-25 17:16:06,[null],6,OBSERVED_DATA_STATE,,,,,0,,CURRENT_MONTH,CANCELLATION,RCL,2,true,false,false,4fdcac51-17c8-4b9d-af8b-ddc4261fdefd,LEAD_STATUS_PURCHASED,2505100,,1,pending,MOTOR_TYPE_2_PLUS,true,L78733385,L78733385-V1,1,2026-09-24 10:30:44,,SAP_PAYMENT_DATE_FOR_CANCELLED_DOCUMENT,,INSTALLMENT,RABBIT_CARE_INSTALLMENT,,products/car-insurance,,,CANCEL_STATUS_NOT_APPLIED,MISSING_TERMINAL_SAP_EVIDENCE,6,0.0,,0,1,pending,2026-09-26 00:00:00,RABBIT_LENDING,6,ITEM_SUBMISSION_STATUS_PENDING,0,,e5abb8b3-f0dc-4e96-946b-4e0444522299,,,true,true,Two live cancel producers checked; output membership does not prove export or import.
CANCEL_SAP_DOCUMENT,DOCUMENT_STATE_ONLY,ITEM_APPROVAL_STATUS_PENDING,2026-09-26 16:06:06,2026-10-01,2026-09-01,Motor,2026-09-26,2505101,2026-09-25 17:16:06,[null],6,OBSERVED_DATA_STATE,,,,,0,,CURRENT_MONTH,CANCELLATION,RCL,3,true,false,false,4fdcac51-17c8-4b9d-af8b-ddc4261fdefd,LEAD_STATUS_PURCHASED,2505101,,1,pending,MOTOR_TYPE_2_PLUS,true,L78733385,L78733385-V1,1,2026-09-24 10:30:44,,SAP_PAYMENT_DATE_FOR_CANCELLED_DOCUMENT,,INSTALLMENT,RABBIT_CARE_INSTALLMENT,,products/car-insurance,,,CANCEL_STATUS_NOT_APPLIED,MISSING_TERMINAL_SAP_EVIDENCE,6,0.0,,0,1,pending,2026-09-26 00:00:00,RABBIT_LENDING,6,ITEM_SUBMISSION_STATUS_PENDING,0,,e5abb8b3-f0dc-4e96-946b-4e0444522299,,,true,true,Two live cancel producers checked; output membership does not prove export or import.
CANCEL_SAP_DOCUMENT,DOCUMENT_STATE_ONLY,ITEM_APPROVAL_STATUS_PENDING,2026-09-26 16:06:06,2026-10-01,2026-09-01,Motor,2026-09-26,2505102,2026-09-25 17:16:06,[null],6,OBSERVED_DATA_STATE,,,,,0,,CURRENT_MONTH,CANCELLATION,RCL,4,true,false,false,4fdcac51-17c8-4b9d-af8b-ddc4261fdefd,LEAD_STATUS_PURCHASED,2505102,,1,pending,MOTOR_TYPE_2_PLUS,true,L78733385,L78733385-V1,1,2026-09-24 10:30:44,,SAP_PAYMENT_DATE_FOR_CANCELLED_DOCUMENT,,INSTALLMENT,RABBIT_CARE_INSTALLMENT,,products/car-insurance,,,CANCEL_STATUS_NOT_APPLIED,MISSING_TERMINAL_SAP_EVIDENCE,6,0.0,,0,1,pending,2026-09-26 00:00:00,RABBIT_LENDING,6,ITEM_SUBMISSION_STATUS_PENDING,0,,e5abb8b3-f0dc-4e96-946b-4e0444522299,,,true,true,Two live cancel producers checked; output membership does not prove export or import.
CANCEL_SAP_DOCUMENT,DOCUMENT_STATE_ONLY,ITEM_APPROVAL_STATUS_PENDING,2026-09-26 16:06:06,2026-10-01,2026-09-01,Motor,2026-09-26,2505103,2026-09-25 17:16:06,[null],6,OBSERVED_DATA_STATE,,,,,0,,CURRENT_MONTH,CANCELLATION,RCL,5,true,false,false,4fdcac51-17c8-4b9d-af8b-ddc4261fdefd,LEAD_STATUS_PURCHASED,2505103,,1,pending,MOTOR_TYPE_2_PLUS,true,L78733385,L78733385-V1,1,2026-09-24 10:30:44,,SAP_PAYMENT_DATE_FOR_CANCELLED_DOCUMENT,,INSTALLMENT,RABBIT_CARE_INSTALLMENT,,products/car-insurance,,,CANCEL_STATUS_NOT_APPLIED,MISSING_TERMINAL_SAP_EVIDENCE,6,0.0,,0,1,pending,2026-09-26 00:00:00,RABBIT_LENDING,6,ITEM_SUBMISSION_STATUS_PENDING,0,,e5abb8b3-f0dc-4e96-946b-4e0444522299,,,true,true,Two live cancel producers checked; output membership does not prove export or import.
CANCEL_SAP_DOCUMENT,DOCUMENT_STATE_ONLY,ITEM_APPROVAL_STATUS_PENDING,2026-09-26 16:06:06,2026-10-01,2026-09-01,Motor,2026-09-26,2505104,2026-09-25 17:16:06,[null],6,OBSERVED_DATA_STATE,,,,,0,,CURRENT_MONTH,CANCELLATION,RCL,6,true,false,false,4fdcac51-17c8-4b9d-af8b-ddc4261fdefd,LEAD_STATUS_PURCHASED,2505104,,1,pending,MOTOR_TYPE_2_PLUS,true,L78733385,L78733385-V1,1,2026-09-24 10:30:44,,SAP_PAYMENT_DATE_FOR_CANCELLED_DOCUMENT,,INSTALLMENT,RABBIT_CARE_INSTALLMENT,,products/car-insurance,,,CANCEL_STATUS_NOT_APPLIED,MISSING_TERMINAL_SAP_EVIDENCE,6,0.0,,0,1,pending,2026-09-26 00:00:00,RABBIT_LENDING,6,ITEM_SUBMISSION_STATUS_PENDING,0,,e5abb8b3-f0dc-4e96-946b-4e0444522299,,,true,true,Two live cancel producers checked; output membership does not prove export or import.
CANCEL_SAP_DOCUMENT,DOCUMENT_STATE_ONLY,ITEM_APPROVAL_STATUS_PENDING,2026-09-26 16:06:06,2026-10-01,2026-09-01,NonMotor,2026-09-26,2481041,2026-09-26 14:16:47,"[""dpm_L79049981-1""]",1,OBSERVED_DATA_STATE,,,,,0,,CURRENT_MONTH,CANCELLATION,RCB,1,true,false,false,23b477ae-d46c-4c08-9108-877f2f3eb603,,2481041,dpm_L79049981-1,1,paid,,true,L79049981,L79049981-1,1,2026-08-09 00:00:00,2026-09-01,SAP_PAYMENT_DATE_FOR_CANCELLED_DOCUMENT,,ONETIME,FULL_PAYMENT,,products/health-insurance,dpm_L79049981-1,,CANCEL_STATUS_NOT_APPLIED,MISSING_TERMINAL_SAP_EVIDENCE,1,22404.0,2026-09-01,1,1,paid,2026-09-11 00:00:00,SERVICE_PROVIDER_UNSPECIFIED,1,ITEM_SUBMISSION_STATUS_SUBMITTED,0,,61cafa5f-ee02-40f5-b372-29b4840388f8,,,true,true,Two live cancel producers checked; output membership does not prove export or import.
CANCEL_SAP_DOCUMENT,DOCUMENT_STATE_ONLY,ITEM_APPROVAL_STATUS_POLICY_UPLOADED,2026-09-26 16:06:06,2026-10-01,2026-09-01,NonMotor,2026-09-14,2029766,2026-09-14 13:23:02,"[""chrg_669w25e7yo18ewkj0hn""]",10,OBSERVED_DATA_STATE,,,,,0,,CURRENT_MONTH,CANCELLATION,RCL,1,true,false,false,188ae15d-5ef6-4461-b427-7c55f89ea136,,2029766,chrg_669w25e7yo18ewkj0hn,1,paid,,true,L79157509,L79157509-1,1,2026-08-02 03:00:24,2026-01-05,SAP_PAYMENT_DATE_FOR_CANCELLED_DOCUMENT,,INSTALLMENT,RABBIT_CARE_INSTALLMENT,,products/health-insurance,chrg_669w25e7yo18ewkj0hn,,CANCEL_STATUS_NOT_APPLIED,MISSING_TERMINAL_SAP_EVIDENCE,10,1221.5,2026-01-05,1,1,paid,2026-01-06 00:00:00,RABBIT_LENDING,10,ITEM_SUBMISSION_STATUS_SUBMITTED,0,,8a5f9383-916e-446b-82da-a738618b02b4,,,true,true,Two live cancel producers checked; output membership does not prove export or import.
CANCEL_SAP_DOCUMENT,DOCUMENT_STATE_ONLY,ITEM_APPROVAL_STATUS_POLICY_UPLOADED,2026-09-26 16:06:06,2026-10-01,2026-09-01,NonMotor,2026-09-14,2029767,2026-09-14 13:23:02,"[""chrg_66nmkrgzrp2z486tnbw""]",10,OBSERVED_DATA_STATE,,,,,0,,CURRENT_MONTH,CANCELLATION,RCL,2,true,false,false,188ae15d-5ef6-4461-b427-7c55f89ea136,,2029767,chrg_66nmkrgzrp2z486tnbw,1,paid,,true,L79157509,L79157509-1,1,2026-08-02 03:00:24,2026-02-09,SAP_PAYMENT_DATE_FOR_CANCELLED_DOCUMENT,,INSTALLMENT,RABBIT_CARE_INSTALLMENT,,products/health-insurance,chrg_66nmkrgzrp2z486tnbw,,CANCEL_STATUS_NOT_APPLIED,MISSING_TERMINAL_SAP_EVIDENCE,10,1221.5,2026-02-09,1,1,paid,2026-02-10 00:00:00,RABBIT_LENDING,10,ITEM_SUBMISSION_STATUS_SUBMITTED,0,,8a5f9383-916e-446b-82da-a738618b02b4,,,true,true,Two live cancel producers checked; output membership does not prove export or import.
CANCEL_SAP_DOCUMENT,DOCUMENT_STATE_ONLY,ITEM_APPROVAL_STATUS_POLICY_UPLOADED,2026-09-26 16:06:06,2026-10-01,2026-09-01,NonMotor,2026-09-14,2029768,2026-09-14 13:23:02,"[""chrg_66yx1by6hcxqz4dmn37""]",10,OBSERVED_DATA_STATE,,,,,0,,CURRENT_MONTH,CANCELLATION,RCL,3,true,false,false,188ae15d-5ef6-4461-b427-7c55f89ea136,,2029768,chrg_66yx1by6hcxqz4dmn37,1,paid,,true,L79157509,L79157509-1,1,2026-08-02 03:00:24,2026-03-10,SAP_PAYMENT_DATE_FOR_CANCELLED_DOCUMENT,,INSTALLMENT,RABBIT_CARE_INSTALLMENT,,products/health-insurance,chrg_66yx1by6hcxqz4dmn37,,CANCEL_STATUS_NOT_APPLIED,MISSING_TERMINAL_SAP_EVIDENCE,10,1221.5,2026-03-10,1,1,paid,2026-03-22 00:00:00,RABBIT_LENDING,10,ITEM_SUBMISSION_STATUS_SUBMITTED,0,,8a5f9383-916e-446b-82da-a738618b02b4,,,true,true,Two live cancel producers checked; output membership does not prove export or import.
CANCEL_SAP_DOCUMENT,DOCUMENT_STATE_ONLY,ITEM_APPROVAL_STATUS_POLICY_UPLOADED,2026-09-26 16:06:06,2026-10-01,2026-09-01,NonMotor,2026-09-14,2029769,2026-09-14 13:23:02,"[""chrg_67amd70y8yi1ij7imkj""]",10,OBSERVED_DATA_STATE,,,,,0,,CURRENT_MONTH,CANCELLATION,RCL,4,true,false,false,188ae15d-5ef6-4461-b427-7c55f89ea136,,2029769,chrg_67amd70y8yi1ij7imkj,1,paid,,true,L79157509,L79157509-1,1,2026-08-02 03:00:24,2026-04-09,SAP_PAYMENT_DATE_FOR_CANCELLED_DOCUMENT,,INSTALLMENT,RABBIT_CARE_INSTALLMENT,,products/health-insurance,chrg_67amd70y8yi1ij7imkj,,CANCEL_STATUS_NOT_APPLIED,MISSING_TERMINAL_SAP_EVIDENCE,10,1221.5,2026-04-09,1,1,paid,2026-04-17 00:00:00,RABBIT_LENDING,10,ITEM_SUBMISSION_STATUS_SUBMITTED,0,,8a5f9383-916e-446b-82da-a738618b02b4,,,true,true,Two live cancel producers checked; output membership does not prove export or import.
CANCEL_SAP_DOCUMENT,DOCUMENT_STATE_ONLY,ITEM_APPROVAL_STATUS_POLICY_UPLOADED,2026-09-26 16:06:06,2026-10-01,2026-09-01,NonMotor,2026-09-14,2029770,2026-09-14 13:23:02,"[""chrg_67j9s60va6ugww16fus""]",10,OBSERVED_DATA_STATE,,,,,0,,CURRENT_MONTH,CANCELLATION,RCL,5,true,false,false,188ae15d-5ef6-4461-b427-7c55f89ea136,,2029770,chrg_67j9s60va6ugww16fus,1,paid,,true,L79157509,L79157509-1,1,2026-08-02 03:00:24,2026-05-01,SAP_PAYMENT_DATE_FOR_CANCELLED_DOCUMENT,,INSTALLMENT,RABBIT_CARE_INSTALLMENT,,products/health-insurance,chrg_67j9s60va6ugww16fus,,CANCEL_STATUS_NOT_APPLIED,MISSING_TERMINAL_SAP_EVIDENCE,10,1221.5,2026-05-01,1,1,paid,2026-05-02 00:00:00,RABBIT_LENDING,10,ITEM_SUBMISSION_STATUS_SUBMITTED,0,,8a5f9383-916e-446b-82da-a738618b02b4,,,true,true,Two live cancel producers checked; output membership does not prove export or import.
CANCEL_SAP_DOCUMENT,DOCUMENT_STATE_ONLY,ITEM_APPROVAL_STATUS_POLICY_UPLOADED,2026-09-26 16:06:06,2026-10-01,2026-09-01,NonMotor,2026-09-14,2029771,2026-09-14 13:23:02,"[""chrg_67wbu5dw6zxpv6w2jop""]",10,OBSERVED_DATA_STATE,,,,,0,,CURRENT_MONTH,CANCELLATION,RCL,6,true,false,false,188ae15d-5ef6-4461-b427-7c55f89ea136,,2029771,chrg_67wbu5dw6zxpv6w2jop,1,paid,,true,L79157509,L79157509-1,1,2026-08-02 03:00:24,2026-06-03,SAP_PAYMENT_DATE_FOR_CANCELLED_DOCUMENT,,INSTALLMENT,RABBIT_CARE_INSTALLMENT,,products/health-insurance,chrg_67wbu5dw6zxpv6w2jop,,CANCEL_STATUS_NOT_APPLIED,MISSING_TERMINAL_SAP_EVIDENCE,10,1221.5,2026-06-03,1,1,paid,2026-06-05 00:00:00,RABBIT_LENDING,10,ITEM_SUBMISSION_STATUS_SUBMITTED,0,,8a5f9383-916e-446b-82da-a738618b02b4,,,true,true,Two live cancel producers checked; output membership does not prove export or import.
CANCEL_SAP_DOCUMENT,DOCUMENT_STATE_ONLY,ITEM_APPROVAL_STATUS_POLICY_UPLOADED,2026-09-26 16:06:06,2026-10-01,2026-09-01,NonMotor,2026-09-14,2029772,2026-09-14 13:23:02,[null],10,OBSERVED_DATA_STATE,,,,,0,,CURRENT_MONTH,CANCELLATION,RCL,7,true,false,false,188ae15d-5ef6-4461-b427-7c55f89ea136,,2029772,,1,pending,,true,L79157509,L79157509-1,1,2026-08-02 03:00:24,,SAP_PAYMENT_DATE_FOR_CANCELLED_DOCUMENT,,INSTALLMENT,RABBIT_CARE_INSTALLMENT,,products/health-insurance,,,CANCEL_STATUS_NOT_APPLIED,MISSING_TERMINAL_SAP_EVIDENCE,10,1221.5,,0,1,pending,2026-06-05 00:00:00,RABBIT_LENDING,10,ITEM_SUBMISSION_STATUS_SUBMITTED,0,,8a5f9383-916e-446b-82da-a738618b02b4,,,true,true,Two live cancel producers checked; output membership does not prove export or import.
CANCEL_SAP_DOCUMENT,DOCUMENT_STATE_ONLY,ITEM_APPROVAL_STATUS_POLICY_UPLOADED,2026-09-26 16:06:06,2026-10-01,2026-09-01,NonMotor,2026-09-14,2029773,2026-09-14 13:23:02,"[""chrg_68jkqbmopqh3zcd8ir2""]",10,OBSERVED_DATA_STATE,,,,,0,,CURRENT_MONTH,CANCELLATION,RCL,8,true,false,false,188ae15d-5ef6-4461-b427-7c55f89ea136,,2029773,chrg_68jkqbmopqh3zcd8ir2,1,paid,,true,L79157509,L79157509-1,1,2026-08-02 03:00:24,2026-08-02,SAP_PAYMENT_DATE_FOR_CANCELLED_DOCUMENT,,INSTALLMENT,RABBIT_CARE_INSTALLMENT,,products/health-insurance,chrg_68jkqbmopqh3zcd8ir2,,CANCEL_STATUS_NOT_APPLIED,MISSING_TERMINAL_SAP_EVIDENCE,10,1221.5,2026-08-02,1,1,paid,2026-08-08 00:00:00,RABBIT_LENDING,10,ITEM_SUBMISSION_STATUS_SUBMITTED,0,,8a5f9383-916e-446b-82da-a738618b02b4,,,true,true,Two live cancel producers checked; output membership does not prove export or import.
CANCEL_SAP_DOCUMENT,DOCUMENT_STATE_ONLY,ITEM_APPROVAL_STATUS_POLICY_UPLOADED,2026-09-26 16:06:06,2026-10-01,2026-09-01,NonMotor,2026-09-14,2029774,2026-09-14 13:23:02,[null],10,OBSERVED_DATA_STATE,,,,,0,,CURRENT_MONTH,CANCELLATION,RCL,9,true,false,false,188ae15d-5ef6-4461-b427-7c55f89ea136,,2029774,,1,pending,,true,L79157509,L79157509-1,1,2026-08-02 03:00:24,,SAP_PAYMENT_DATE_FOR_CANCELLED_DOCUMENT,,INSTALLMENT,RABBIT_CARE_INSTALLMENT,,products/health-insurance,,,CANCEL_STATUS_NOT_APPLIED,MISSING_TERMINAL_SAP_EVIDENCE,10,1221.5,,0,1,pending,2026-08-08 00:00:00,RABBIT_LENDING,10,ITEM_SUBMISSION_STATUS_SUBMITTED,0,,8a5f9383-916e-446b-82da-a738618b02b4,,,true,true,Two live cancel producers checked; output membership does not prove export or import.
CANCEL_SAP_DOCUMENT,DOCUMENT_STATE_ONLY,ITEM_APPROVAL_STATUS_POLICY_UPLOADED,2026-09-26 16:06:06,2026-10-01,2026-09-01,NonMotor,2026-09-14,2029775,2026-09-14 13:23:02,[null],10,OBSERVED_DATA_STATE,,,,,0,,CURRENT_MONTH,CANCELLATION,RCL,10,true,false,false,188ae15d-5ef6-4461-b427-7c55f89ea136,,2029775,,1,pending,,true,L79157509,L79157509-1,1,2026-08-02 03:00:24,,SAP_PAYMENT_DATE_FOR_CANCELLED_DOCUMENT,,INSTALLMENT,RABBIT_CARE_INSTALLMENT,,products/health-insurance,,,CANCEL_STATUS_NOT_APPLIED,MISSING_TERMINAL_SAP_EVIDENCE,10,1221.5,,0,1,pending,2026-08-08 00:00:00,RABBIT_LENDING,10,ITEM_SUBMISSION_STATUS_SUBMITTED,0,,8a5f9383-916e-446b-82da-a738618b02b4,,,true,true,Two live cancel producers checked; output membership does not prove export or import.
CANCEL_SAP_DOCUMENT,DOCUMENT_STATE_ONLY,ITEM_APPROVAL_STATUS_POLICY_UPLOADED,2026-09-26 16:06:06,2026-10-01,2026-09-01,NonMotor,2026-09-08,2147971,2026-09-08 14:27:33,"[""chrg_66ru639s5bmwim63m6l""]",8,OBSERVED_DATA_STATE,,,,,0,,CURRENT_MONTH,CANCELLATION,RCL,1,true,false,false,701d408f-bd24-46f8-9aa7-869aa8defb46,,2147971,chrg_66ru639s5bmwim63m6l,1,paid,,true,L79180940,L79180940-1,1,2026-08-05 11:10:24,2026-03-01,SAP_PAYMENT_DATE_FOR_CANCELLED_DOCUMENT,,INSTALLMENT,RABBIT_CARE_INSTALLMENT,,products/health-insurance,chrg_66ru639s5bmwim63m6l,,CANCEL_STATUS_NOT_APPLIED,MISSING_TERMINAL_SAP_EVIDENCE,8,915.0,2026-03-01,1,1,paid,2026-03-16 00:00:00,RABBIT_LENDING,8,ITEM_SUBMISSION_STATUS_SUBMITTED,0,,6835f1ae-dfb1-4786-a7d9-8a7bfa77facb,,,true,true,Two live cancel producers checked; output membership does not prove export or import.
CANCEL_SAP_DOCUMENT,DOCUMENT_STATE_ONLY,ITEM_APPROVAL_STATUS_POLICY_UPLOADED,2026-09-26 16:06:06,2026-10-01,2026-09-01,NonMotor,2026-09-08,2147972,2026-09-08 14:27:33,"[""chrg_677g237nv9w28xfy36l""]",8,OBSERVED_DATA_STATE,,,,,0,,CURRENT_MONTH,CANCELLATION,RCL,2,true,false,false,701d408f-bd24-46f8-9aa7-869aa8defb46,,2147972,chrg_677g237nv9w28xfy36l,1,paid,,true,L79180940,L79180940-1,1,2026-08-05 11:10:24,2026-04-01,SAP_PAYMENT_DATE_FOR_CANCELLED_DOCUMENT,,INSTALLMENT,RABBIT_CARE_INSTALLMENT,,products/health-insurance,chrg_677g237nv9w28xfy36l,,CANCEL_STATUS_NOT_APPLIED,MISSING_TERMINAL_SAP_EVIDENCE,8,915.0,2026-04-01,1,1,paid,2026-04-17 00:00:00,RABBIT_LENDING,8,ITEM_SUBMISSION_STATUS_SUBMITTED,0,,6835f1ae-dfb1-4786-a7d9-8a7bfa77facb,,,true,true,Two live cancel producers checked; output membership does not prove export or import.
CANCEL_SAP_DOCUMENT,DOCUMENT_STATE_ONLY,ITEM_APPROVAL_STATUS_POLICY_UPLOADED,2026-09-26 16:06:06,2026-10-01,2026-09-01,NonMotor,2026-09-08,2147973,2026-09-08 14:27:33,"[""chrg_67kvni4xzjefrobuk3p""]",8,OBSERVED_DATA_STATE,,,,,0,,CURRENT_MONTH,CANCELLATION,RCL,3,true,false,false,701d408f-bd24-46f8-9aa7-869aa8defb46,,2147973,chrg_67kvni4xzjefrobuk3p,1,paid,,true,L79180940,L79180940-1,1,2026-08-05 11:10:24,2026-05-06,SAP_PAYMENT_DATE_FOR_CANCELLED_DOCUMENT,,INSTALLMENT,RABBIT_CARE_INSTALLMENT,,products/health-insurance,chrg_67kvni4xzjefrobuk3p,,CANCEL_STATUS_NOT_APPLIED,MISSING_TERMINAL_SAP_EVIDENCE,8,915.0,2026-05-06,1,1,paid,2026-05-21 00:00:00,RABBIT_LENDING,8,ITEM_SUBMISSION_STATUS_SUBMITTED,0,,6835f1ae-dfb1-4786-a7d9-8a7bfa77facb,,,true,true,Two live cancel producers checked; output membership does not prove export or import.
CANCEL_SAP_DOCUMENT,DOCUMENT_STATE_ONLY,ITEM_APPROVAL_STATUS_POLICY_UPLOADED,2026-09-26 16:06:06,2026-10-01,2026-09-01,NonMotor,2026-09-08,2147974,2026-09-08 14:27:33,"[""chrg_67wkv0vf1e5jsvimuom""]",8,OBSERVED_DATA_STATE,,,,,0,,CURRENT_MONTH,CANCELLATION,RCL,4,true,false,false,701d408f-bd24-46f8-9aa7-869aa8defb46,,2147974,chrg_67wkv0vf1e5jsvimuom,1,paid,,true,L79180940,L79180940-1,1,2026-08-05 11:10:24,2026-06-04,SAP_PAYMENT_DATE_FOR_CANCELLED_DOCUMENT,,INSTALLMENT,RABBIT_CARE_INSTALLMENT,,products/health-insurance,chrg_67wkv0vf1e5jsvimuom,,CANCEL_STATUS_NOT_APPLIED,MISSING_TERMINAL_SAP_EVIDENCE,8,915.0,2026-06-04,1,1,paid,2026-06-05 00:00:00,RABBIT_LENDING,8,ITEM_SUBMISSION_STATUS_SUBMITTED,0,,6835f1ae-dfb1-4786-a7d9-8a7bfa77facb,,,true,true,Two live cancel producers checked; output membership does not prove export or import.
CANCEL_SAP_DOCUMENT,DOCUMENT_STATE_ONLY,ITEM_APPROVAL_STATUS_POLICY_UPLOADED,2026-09-26 16:06:06,2026-10-01,2026-09-01,NonMotor,2026-09-08,2147975,2026-09-08 14:27:33,[null],8,OBSERVED_DATA_STATE,,,,,0,,CURRENT_MONTH,CANCELLATION,RCL,5,true,false,false,701d408f-bd24-46f8-9aa7-869aa8defb46,,2147975,,1,pending,,true,L79180940,L79180940-1,1,2026-08-05 11:10:24,,SAP_PAYMENT_DATE_FOR_CANCELLED_DOCUMENT,,INSTALLMENT,RABBIT_CARE_INSTALLMENT,,products/health-insurance,,,CANCEL_STATUS_NOT_APPLIED,MISSING_TERMINAL_SAP_EVIDENCE,8,915.0,,0,1,pending,2026-06-05 00:00:00,RABBIT_LENDING,8,ITEM_SUBMISSION_STATUS_SUBMITTED,0,,6835f1ae-dfb1-4786-a7d9-8a7bfa77facb,,,true,true,Two live cancel producers checked; output membership does not prove export or import.
CANCEL_SAP_DOCUMENT,DOCUMENT_STATE_ONLY,ITEM_APPROVAL_STATUS_POLICY_UPLOADED,2026-09-26 16:06:06,2026-10-01,2026-09-01,NonMotor,2026-09-08,2147976,2026-09-08 14:27:33,"[""chrg_68kvsg4mf73abyx0h7b""]",8,OBSERVED_DATA_STATE,,,,,0,,CURRENT_MONTH,CANCELLATION,RCL,6,true,false,false,701d408f-bd24-46f8-9aa7-869aa8defb46,,2147976,chrg_68kvsg4mf73abyx0h7b,1,paid,,true,L79180940,L79180940-1,1,2026-08-05 11:10:24,2026-08-05,SAP_PAYMENT_DATE_FOR_CANCELLED_DOCUMENT,,INSTALLMENT,RABBIT_CARE_INSTALLMENT,,products/health-insurance,chrg_68kvsg4mf73abyx0h7b,,CANCEL_STATUS_NOT_APPLIED,MISSING_TERMINAL_SAP_EVIDENCE,8,915.0,2026-08-05,1,1,paid,2026-08-08 00:00:00,RABBIT_LENDING,8,ITEM_SUBMISSION_STATUS_SUBMITTED,0,,6835f1ae-dfb1-4786-a7d9-8a7bfa77facb,,,true,true,Two live cancel producers checked; output membership does not prove export or import.
CANCEL_SAP_DOCUMENT,DOCUMENT_STATE_ONLY,ITEM_APPROVAL_STATUS_POLICY_UPLOADED,2026-09-26 16:06:06,2026-10-01,2026-09-01,NonMotor,2026-09-08,2147977,2026-09-08 14:27:33,[null],8,OBSERVED_DATA_STATE,,,,,0,,CURRENT_MONTH,CANCELLATION,RCL,7,true,false,false,701d408f-bd24-46f8-9aa7-869aa8defb46,,2147977,,1,pending,,true,L79180940,L79180940-1,1,2026-08-05 11:10:24,,SAP_PAYMENT_DATE_FOR_CANCELLED_DOCUMENT,,INSTALLMENT,RABBIT_CARE_INSTALLMENT,,products/health-insurance,,,CANCEL_STATUS_NOT_APPLIED,MISSING_TERMINAL_SAP_EVIDENCE,8,915.0,,0,1,pending,2026-08-08 00:00:00,RABBIT_LENDING,8,ITEM_SUBMISSION_STATUS_SUBMITTED,0,,6835f1ae-dfb1-4786-a7d9-8a7bfa77facb,,,true,true,Two live cancel producers checked; output membership does not prove export or import.
CANCEL_SAP_DOCUMENT,DOCUMENT_STATE_ONLY,ITEM_APPROVAL_STATUS_POLICY_UPLOADED,2026-09-26 16:06:06,2026-10-01,2026-09-01,NonMotor,2026-09-08,2147978,2026-09-08 14:27:33,[null],8,OBSERVED_DATA_STATE,,,,,0,,CURRENT_MONTH,CANCELLATION,RCL,8,true,false,false,701d408f-bd24-46f8-9aa7-869aa8defb46,,2147978,,1,pending,,true,L79180940,L79180940-1,1,2026-08-05 11:10:24,,SAP_PAYMENT_DATE_FOR_CANCELLED_DOCUMENT,,INSTALLMENT,RABBIT_CARE_INSTALLMENT,,products/health-insurance,,,CANCEL_STATUS_NOT_APPLIED,MISSING_TERMINAL_SAP_EVIDENCE,8,915.0,,0,1,pending,2026-08-08 00:00:00,RABBIT_LENDING,8,ITEM_SUBMISSION_STATUS_SUBMITTED,0,,6835f1ae-dfb1-4786-a7d9-8a7bfa77facb,,,true,true,Two live cancel producers checked; output membership does not prove export or import.
CANCEL_SAP_DOCUMENT,DOCUMENT_STATE_ONLY,ITEM_APPROVAL_STATUS_POLICY_UPLOADED,2026-09-26 16:06:06,2026-10-01,2026-09-01,NonMotor,2026-09-09,2097819,2026-09-09 13:28:59,"[""chrg_66i154rwwt7xosjtq7r""]",10,OBSERVED_DATA_STATE,,,,,0,,CURRENT_MONTH,CANCELLATION,RCL,1,true,false,false,090db99b-b230-48a4-bfc2-0c0c34093ce3,,2097819,chrg_66i154rwwt7xosjtq7r,1,paid,,true,L79510340,L79510340-1,1,2026-08-05 11:38:15,2026-02-01,SAP_PAYMENT_DATE_FOR_CANCELLED_DOCUMENT,,INSTALLMENT,RABBIT_CARE_INSTALLMENT,,products/health-insurance,chrg_66i154rwwt7xosjtq7r,,CANCEL_STATUS_NOT_APPLIED,MISSING_TERMINAL_SAP_EVIDENCE,10,2201.5,2026-02-01,1,1,paid,2026-02-10 00:00:00,RABBIT_LENDING,10,ITEM_SUBMISSION_STATUS_SUBMITTED,0,,139ff9d8-978e-4784-9c36-33ae59ff904b,,,true,true,Two live cancel producers checked; output membership does not prove export or import.
CANCEL_SAP_DOCUMENT,DOCUMENT_STATE_ONLY,ITEM_APPROVAL_STATUS_POLICY_UPLOADED,2026-09-26 16:06:06,2026-10-01,2026-09-01,NonMotor,2026-09-09,2097820,2026-09-09 13:28:59,"[""chrg_66wk2y22tiwtr48uppo""]",10,OBSERVED_DATA_STATE,,,,,0,,CURRENT_MONTH,CANCELLATION,RCL,2,true,false,false,090db99b-b230-48a4-bfc2-0c0c34093ce3,,2097820,chrg_66wk2y22tiwtr48uppo,1,paid,,true,L79510340,L79510340-1,1,2026-08-05 11:38:15,2026-03-04,SAP_PAYMENT_DATE_FOR_CANCELLED_DOCUMENT,,INSTALLMENT,RABBIT_CARE_INSTALLMENT,,products/health-insurance,chrg_66wk2y22tiwtr48uppo,,CANCEL_STATUS_NOT_APPLIED,MISSING_TERMINAL_SAP_EVIDENCE,10,2201.5,2026-03-04,1,1,paid,2026-03-22 00:00:00,RABBIT_LENDING,10,ITEM_SUBMISSION_STATUS_SUBMITTED,0,,139ff9d8-978e-4784-9c36-33ae59ff904b,,,true,true,Two live cancel producers checked; output membership does not prove export or import.
CANCEL_SAP_DOCUMENT,DOCUMENT_STATE_ONLY,ITEM_APPROVAL_STATUS_POLICY_UPLOADED,2026-09-26 16:06:06,2026-10-01,2026-09-01,NonMotor,2026-09-09,2097821,2026-09-09 13:28:59,"[""chrg_677wja4hzmtqkv23qve""]",10,OBSERVED_DATA_STATE,,,,,0,,CURRENT_MONTH,CANCELLATION,RCL,3,true,false,false,090db99b-b230-48a4-bfc2-0c0c34093ce3,,2097821,chrg_677wja4hzmtqkv23qve,1,paid,,true,L79510340,L79510340-1,1,2026-08-05 11:38:15,2026-04-02,SAP_PAYMENT_DATE_FOR_CANCELLED_DOCUMENT,,INSTALLMENT,RABBIT_CARE_INSTALLMENT,,products/health-insurance,chrg_677wja4hzmtqkv23qve,,CANCEL_STATUS_NOT_APPLIED,MISSING_TERMINAL_SAP_EVIDENCE,10,2201.5,2026-04-02,1,1,paid,2026-04-17 00:00:00,RABBIT_LENDING,10,ITEM_SUBMISSION_STATUS_SUBMITTED,0,,139ff9d8-978e-4784-9c36-33ae59ff904b,,,true,true,Two live cancel producers checked; output membership does not prove export or import.
CANCEL_SAP_DOCUMENT,DOCUMENT_STATE_ONLY,ITEM_APPROVAL_STATUS_POLICY_UPLOADED,2026-09-26 16:06:06,2026-10-01,2026-09-01,NonMotor,2026-09-09,2097822,2026-09-09 13:28:59,"[""chrg_67lbuice9dzacc3w69w""]",10,OBSERVED_DATA_STATE,,,,,0,,CURRENT_MONTH,CANCELLATION,RCL,4,true,false,false,090db99b-b230-48a4-bfc2-0c0c34093ce3,,2097822,chrg_67lbuice9dzacc3w69w,1,paid,,true,L79510340,L79510340-1,1,2026-08-05 11:38:15,2026-05-06,SAP_PAYMENT_DATE_FOR_CANCELLED_DOCUMENT,,INSTALLMENT,RABBIT_CARE_INSTALLMENT,,products/health-insurance,chrg_67lbuice9dzacc3w69w,,CANCEL_STATUS_NOT_APPLIED,MISSING_TERMINAL_SAP_EVIDENCE,10,2201.5,2026-05-06,1,1,paid,2026-05-21 00:00:00,RABBIT_LENDING,10,ITEM_SUBMISSION_STATUS_SUBMITTED,0,,139ff9d8-978e-4784-9c36-33ae59ff904b,,,true,true,Two live cancel producers checked; output membership does not prove export or import.
CANCEL_SAP_DOCUMENT,DOCUMENT_STATE_ONLY,ITEM_APPROVAL_STATUS_POLICY_UPLOADED,2026-09-26 16:06:06,2026-10-01,2026-09-01,NonMotor,2026-09-09,2097823,2026-09-09 13:28:59,"[""chrg_67wpvi8orq1xwgrbybr""]",10,OBSERVED_DATA_STATE,,,,,0,,CURRENT_MONTH,CANCELLATION,RCL,5,true,false,false,090db99b-b230-48a4-bfc2-0c0c34093ce3,,2097823,chrg_67wpvi8orq1xwgrbybr,1,paid,,true,L79510340,L79510340-1,1,2026-08-05 11:38:15,2026-06-04,SAP_PAYMENT_DATE_FOR_CANCELLED_DOCUMENT,,INSTALLMENT,RABBIT_CARE_INSTALLMENT,,products/health-insurance,chrg_67wpvi8orq1xwgrbybr,,CANCEL_STATUS_NOT_APPLIED,MISSING_TERMINAL_SAP_EVIDENCE,10,2201.5,2026-06-04,1,1,paid,2026-06-06 00:00:00,RABBIT_LENDING,10,ITEM_SUBMISSION_STATUS_SUBMITTED,0,,139ff9d8-978e-4784-9c36-33ae59ff904b,,,true,true,Two live cancel producers checked; output membership does not prove export or import.
CANCEL_SAP_DOCUMENT,DOCUMENT_STATE_ONLY,ITEM_APPROVAL_STATUS_POLICY_UPLOADED,2026-09-26 16:06:06,2026-10-01,2026-09-01,NonMotor,2026-09-09,2097824,2026-09-09 13:28:59,[null],10,OBSERVED_DATA_STATE,,,,,0,,CURRENT_MONTH,CANCELLATION,RCL,6,true,false,false,090db99b-b230-48a4-bfc2-0c0c34093ce3,,2097824,,1,pending,,true,L79510340,L79510340-1,1,2026-08-05 11:38:15,,SAP_PAYMENT_DATE_FOR_CANCELLED_DOCUMENT,,INSTALLMENT,RABBIT_CARE_INSTALLMENT,,products/health-insurance,,,CANCEL_STATUS_NOT_APPLIED,MISSING_TERMINAL_SAP_EVIDENCE,10,2201.5,,0,1,pending,2026-06-06 00:00:00,RABBIT_LENDING,10,ITEM_SUBMISSION_STATUS_SUBMITTED,0,,139ff9d8-978e-4784-9c36-33ae59ff904b,,,true,true,Two live cancel producers checked; output membership does not prove export or import.
CANCEL_SAP_DOCUMENT,DOCUMENT_STATE_ONLY,ITEM_APPROVAL_STATUS_POLICY_UPLOADED,2026-09-26 16:06:06,2026-10-01,2026-09-01,NonMotor,2026-09-09,2097825,2026-09-09 13:28:59,"[""chrg_68kw29kadojeoy9878y""]",10,OBSERVED_DATA_STATE,,,,,0,,CURRENT_MONTH,CANCELLATION,RCL,7,true,false,false,090db99b-b230-48a4-bfc2-0c0c34093ce3,,2097825,chrg_68kw29kadojeoy9878y,1,paid,,true,L79510340,L79510340-1,1,2026-08-05 11:38:15,2026-08-05,SAP_PAYMENT_DATE_FOR_CANCELLED_DOCUMENT,,INSTALLMENT,RABBIT_CARE_INSTALLMENT,,products/health-insurance,chrg_68kw29kadojeoy9878y,,CANCEL_STATUS_NOT_APPLIED,MISSING_TERMINAL_SAP_EVIDENCE,10,2201.5,2026-08-05,1,1,paid,2026-08-08 00:00:00,RABBIT_LENDING,10,ITEM_SUBMISSION_STATUS_SUBMITTED,0,,139ff9d8-978e-4784-9c36-33ae59ff904b,,,true,true,Two live cancel producers checked; output membership does not prove export or import.
CANCEL_SAP_DOCUMENT,DOCUMENT_STATE_ONLY,ITEM_APPROVAL_STATUS_POLICY_UPLOADED,2026-09-26 16:06:06,2026-10-01,2026-09-01,NonMotor,2026-09-09,2097826,2026-09-09 13:28:59,[null],10,OBSERVED_DATA_STATE,,,,,0,,CURRENT_MONTH,CANCELLATION,RCL,8,true,false,false,090db99b-b230-48a4-bfc2-0c0c34093ce3,,2097826,,1,pending,,true,L79510340,L79510340-1,1,2026-08-05 11:38:15,,SAP_PAYMENT_DATE_FOR_CANCELLED_DOCUMENT,,INSTALLMENT,RABBIT_CARE_INSTALLMENT,,products/health-insurance,,,CANCEL_STATUS_NOT_APPLIED,MISSING_TERMINAL_SAP_EVIDENCE,10,2201.5,,0,1,pending,2026-08-08 00:00:00,RABBIT_LENDING,10,ITEM_SUBMISSION_STATUS_SUBMITTED,0,,139ff9d8-978e-4784-9c36-33ae59ff904b,,,true,true,Two live cancel producers checked; output membership does not prove export or import.
CANCEL_SAP_DOCUMENT,DOCUMENT_STATE_ONLY,ITEM_APPROVAL_STATUS_POLICY_UPLOADED,2026-09-26 16:06:06,2026-10-01,2026-09-01,NonMotor,2026-09-09,2097827,2026-09-09 13:28:59,[null],10,OBSERVED_DATA_STATE,,,,,0,,CURRENT_MONTH,CANCELLATION,RCL,9,true,false,false,090db99b-b230-48a4-bfc2-0c0c34093ce3,,2097827,,1,pending,,true,L79510340,L79510340-1,1,2026-08-05 11:38:15,,SAP_PAYMENT_DATE_FOR_CANCELLED_DOCUMENT,,INSTALLMENT,RABBIT_CARE_INSTALLMENT,,products/health-insurance,,,CANCEL_STATUS_NOT_APPLIED,MISSING_TERMINAL_SAP_EVIDENCE,10,2201.5,,0,1,pending,2026-08-08 00:00:00,RABBIT_LENDING,10,ITEM_SUBMISSION_STATUS_SUBMITTED,0,,139ff9d8-978e-4784-9c36-33ae59ff904b,,,true,true,Two live cancel producers checked; output membership does not prove export or import.
CANCEL_SAP_DOCUMENT,DOCUMENT_STATE_ONLY,ITEM_APPROVAL_STATUS_POLICY_UPLOADED,2026-09-26 16:06:06,2026-10-01,2026-09-01,NonMotor,2026-09-09,2097828,2026-09-09 13:28:59,[null],10,OBSERVED_DATA_STATE,,,,,0,,CURRENT_MONTH,CANCELLATION,RCL,10,true,false,false,090db99b-b230-48a4-bfc2-0c0c34093ce3,,2097828,,1,pending,,true,L79510340,L79510340-1,1,2026-08-05 11:38:15,,SAP_PAYMENT_DATE_FOR_CANCELLED_DOCUMENT,,INSTALLMENT,RABBIT_CARE_INSTALLMENT,,products/health-insurance,,,CANCEL_STATUS_NOT_APPLIED,MISSING_TERMINAL_SAP_EVIDENCE,10,2201.5,,0,1,pending,2026-08-08 00:00:00,RABBIT_LENDING,10,ITEM_SUBMISSION_STATUS_SUBMITTED,0,,139ff9d8-978e-4784-9c36-33ae59ff904b,,,true,true,Two live cancel producers checked; output membership does not prove export or import.
CANCEL_SAP_DOCUMENT,DOCUMENT_STATE_ONLY,ITEM_APPROVAL_STATUS_POLICY_UPLOADED,2026-09-26 16:06:06,2026-10-01,2026-09-01,NonMotor,2026-09-17,2220863,2026-09-17 15:53:38,"[""chrg_66uzwd6n0rl861xi10t""]",10,OBSERVED_DATA_STATE,,,,,0,,CURRENT_MONTH,CANCELLATION,RCL,1,true,false,false,498697b7-558b-40d7-ae7a-34dda86e427d,,2220863,chrg_66uzwd6n0rl861xi10t,1,paid,,true,L79538331,L79538331-1,1,2026-08-13 14:39:10,2026-04-01,SAP_PAYMENT_DATE_FOR_CANCELLED_DOCUMENT,,INSTALLMENT,RABBIT_CARE_INSTALLMENT,,products/health-insurance,chrg_66uzwd6n0rl861xi10t,,CANCEL_STATUS_NOT_APPLIED,MISSING_TERMINAL_SAP_EVIDENCE,10,1476.0,2026-04-01,1,1,paid,2026-04-17 00:00:00,RABBIT_LENDING,10,ITEM_SUBMISSION_STATUS_SUBMITTED,0,,25853ff2-38c6-4625-9983-f707e04741c0,,,true,true,Two live cancel producers checked; output membership does not prove export or import.
CANCEL_SAP_DOCUMENT,DOCUMENT_STATE_ONLY,ITEM_APPROVAL_STATUS_POLICY_UPLOADED,2026-09-26 16:06:06,2026-10-01,2026-09-01,NonMotor,2026-09-17,2220864,2026-09-17 15:53:38,"[""chrg_67amxbxjx3u12ctrdg6""]",10,OBSERVED_DATA_STATE,,,,,0,,CURRENT_MONTH,CANCELLATION,RCL,2,true,false,false,498697b7-558b-40d7-ae7a-34dda86e427d,,2220864,chrg_67amxbxjx3u12ctrdg6,1,paid,,true,L79538331,L79538331-1,1,2026-08-13 14:39:10,2026-04-09,SAP_PAYMENT_DATE_FOR_CANCELLED_DOCUMENT,,INSTALLMENT,RABBIT_CARE_INSTALLMENT,,products/health-insurance,chrg_67amxbxjx3u12ctrdg6,,CANCEL_STATUS_NOT_APPLIED,MISSING_TERMINAL_SAP_EVIDENCE,10,1476.0,2026-04-09,1,1,paid,2026-04-17 00:00:00,RABBIT_LENDING,10,ITEM_SUBMISSION_STATUS_SUBMITTED,0,,25853ff2-38c6-4625-9983-f707e04741c0,,,true,true,Two live cancel producers checked; output membership does not prove export or import.
CANCEL_SAP_DOCUMENT,DOCUMENT_STATE_ONLY,ITEM_APPROVAL_STATUS_POLICY_UPLOADED,2026-09-26 16:06:06,2026-10-01,2026-09-01,NonMotor,2026-09-17,2220865,2026-09-17 15:53:38,"[""chrg_67k3g1dl7cvlf6klyvw""]",10,OBSERVED_DATA_STATE,,,,,0,,CURRENT_MONTH,CANCELLATION,RCL,3,true,false,false,498697b7-558b-40d7-ae7a-34dda86e427d,,2220865,chrg_67k3g1dl7cvlf6klyvw,1,paid,,true,L79538331,L79538331-1,1,2026-08-13 14:39:10,2026-05-03,SAP_PAYMENT_DATE_FOR_CANCELLED_DOCUMENT,,INSTALLMENT,RABBIT_CARE_INSTALLMENT,,products/health-insurance,chrg_67k3g1dl7cvlf6klyvw,,CANCEL_STATUS_NOT_APPLIED,MISSING_TERMINAL_SAP_EVIDENCE,10,1476.0,2026-05-03,1,1,paid,2026-05-21 00:00:00,RABBIT_LENDING,10,ITEM_SUBMISSION_STATUS_SUBMITTED,0,,25853ff2-38c6-4625-9983-f707e04741c0,,,true,true,Two live cancel producers checked; output membership does not prove export or import.
CANCEL_SAP_DOCUMENT,DOCUMENT_STATE_ONLY,ITEM_APPROVAL_STATUS_POLICY_UPLOADED,2026-09-26 16:06:06,2026-10-01,2026-09-01,NonMotor,2026-09-17,2220866,2026-09-17 15:53:38,"[""chrg_67u61td6g6dsekk254z""]",10,OBSERVED_DATA_STATE,,,,,0,,CURRENT_MONTH,CANCELLATION,RCL,4,true,false,false,498697b7-558b-40d7-ae7a-34dda86e427d,,2220866,chrg_67u61td6g6dsekk254z,1,paid,,true,L79538331,L79538331-1,1,2026-08-13 14:39:10,2026-05-29,SAP_PAYMENT_DATE_FOR_CANCELLED_DOCUMENT,,INSTALLMENT,RABBIT_CARE_INSTALLMENT,,products/health-insurance,chrg_67u61td6g6dsekk254z,,CANCEL_STATUS_NOT_APPLIED,MISSING_TERMINAL_SAP_EVIDENCE,10,1476.0,2026-05-29,1,1,paid,2026-05-30 00:00:00,RABBIT_LENDING,10,ITEM_SUBMISSION_STATUS_SUBMITTED,0,,25853ff2-38c6-4625-9983-f707e04741c0,,,true,true,Two live cancel producers checked; output membership does not prove export or import.
CANCEL_SAP_DOCUMENT,DOCUMENT_STATE_ONLY,ITEM_APPROVAL_STATUS_POLICY_UPLOADED,2026-09-26 16:06:06,2026-10-01,2026-09-01,NonMotor,2026-09-17,2220867,2026-09-17 15:53:38,[null],10,OBSERVED_DATA_STATE,,,,,0,,CURRENT_MONTH,CANCELLATION,RCL,5,true,false,false,498697b7-558b-40d7-ae7a-34dda86e427d,,2220867,,1,pending,,true,L79538331,L79538331-1,1,2026-08-13 14:39:10,,SAP_PAYMENT_DATE_FOR_CANCELLED_DOCUMENT,,INSTALLMENT,RABBIT_CARE_INSTALLMENT,,products/health-insurance,,,CANCEL_STATUS_NOT_APPLIED,MISSING_TERMINAL_SAP_EVIDENCE,10,1476.0,,0,1,pending,2026-05-30 00:00:00,RABBIT_LENDING,10,ITEM_SUBMISSION_STATUS_SUBMITTED,0,,25853ff2-38c6-4625-9983-f707e04741c0,,,true,true,Two live cancel producers checked; output membership does not prove export or import.
CANCEL_SAP_DOCUMENT,DOCUMENT_STATE_ONLY,ITEM_APPROVAL_STATUS_POLICY_UPLOADED,2026-09-26 16:06:06,2026-10-01,2026-09-01,NonMotor,2026-09-17,2220868,2026-09-17 15:53:38,"[""chrg_68o2h2icwi8uezkodap""]",10,OBSERVED_DATA_STATE,,,,,0,,CURRENT_MONTH,CANCELLATION,RCL,6,true,false,false,498697b7-558b-40d7-ae7a-34dda86e427d,,2220868,chrg_68o2h2icwi8uezkodap,1,paid,,true,L79538331,L79538331-1,1,2026-08-13 14:39:10,2026-08-13,SAP_PAYMENT_DATE_FOR_CANCELLED_DOCUMENT,,INSTALLMENT,RABBIT_CARE_INSTALLMENT,,products/health-insurance,chrg_68o2h2icwi8uezkodap,,CANCEL_STATUS_NOT_APPLIED,MISSING_TERMINAL_SAP_EVIDENCE,10,1476.0,2026-08-13,1,1,paid,2026-08-15 00:00:00,RABBIT_LENDING,10,ITEM_SUBMISSION_STATUS_SUBMITTED,0,,25853ff2-38c6-4625-9983-f707e04741c0,,,true,true,Two live cancel producers checked; output membership does not prove export or import.
CANCEL_SAP_DOCUMENT,DOCUMENT_STATE_ONLY,ITEM_APPROVAL_STATUS_POLICY_UPLOADED,2026-09-26 16:06:06,2026-10-01,2026-09-01,NonMotor,2026-09-17,2220869,2026-09-17 15:53:38,[null],10,OBSERVED_DATA_STATE,,,,,0,,CURRENT_MONTH,CANCELLATION,RCL,7,true,false,false,498697b7-558b-40d7-ae7a-34dda86e427d,,2220869,,1,pending,,true,L79538331,L79538331-1,1,2026-08-13 14:39:10,,SAP_PAYMENT_DATE_FOR_CANCELLED_DOCUMENT,,INSTALLMENT,RABBIT_CARE_INSTALLMENT,,products/health-insurance,,,CANCEL_STATUS_NOT_APPLIED,MISSING_TERMINAL_SAP_EVIDENCE,10,1476.0,,0,1,pending,2026-08-15 00:00:00,RABBIT_LENDING,10,ITEM_SUBMISSION_STATUS_SUBMITTED,0,,25853ff2-38c6-4625-9983-f707e04741c0,,,true,true,Two live cancel producers checked; output membership does not prove export or import.
CANCEL_SAP_DOCUMENT,DOCUMENT_STATE_ONLY,ITEM_APPROVAL_STATUS_POLICY_UPLOADED,2026-09-26 16:06:06,2026-10-01,2026-09-01,NonMotor,2026-09-17,2220870,2026-09-17 15:53:38,[null],10,OBSERVED_DATA_STATE,,,,,0,,CURRENT_MONTH,CANCELLATION,RCL,8,true,false,false,498697b7-558b-40d7-ae7a-34dda86e427d,,2220870,,1,pending,,true,L79538331,L79538331-1,1,2026-08-13 14:39:10,,SAP_PAYMENT_DATE_FOR_CANCELLED_DOCUMENT,,INSTALLMENT,RABBIT_CARE_INSTALLMENT,,products/health-insurance,,,CANCEL_STATUS_NOT_APPLIED,MISSING_TERMINAL_SAP_EVIDENCE,10,1476.0,,0,1,pending,2026-08-15 00:00:00,RABBIT_LENDING,10,ITEM_SUBMISSION_STATUS_SUBMITTED,0,,25853ff2-38c6-4625-9983-f707e04741c0,,,true,true,Two live cancel producers checked; output membership does not prove export or import.
CANCEL_SAP_DOCUMENT,DOCUMENT_STATE_ONLY,ITEM_APPROVAL_STATUS_POLICY_UPLOADED,2026-09-26 16:06:06,2026-10-01,2026-09-01,NonMotor,2026-09-17,2220871,2026-09-17 15:53:38,[null],10,OBSERVED_DATA_STATE,,,,,0,,CURRENT_MONTH,CANCELLATION,RCL,9,true,false,false,498697b7-558b-40d7-ae7a-34dda86e427d,,2220871,,1,pending,,true,L79538331,L79538331-1,1,2026-08-13 14:39:10,,SAP_PAYMENT_DATE_FOR_CANCELLED_DOCUMENT,,INSTALLMENT,RABBIT_CARE_INSTALLMENT,,products/health-insurance,,,CANCEL_STATUS_NOT_APPLIED,MISSING_TERMINAL_SAP_EVIDENCE,10,1476.0,,0,1,pending,2026-08-15 00:00:00,RABBIT_LENDING,10,ITEM_SUBMISSION_STATUS_SUBMITTED,0,,25853ff2-38c6-4625-9983-f707e04741c0,,,true,true,Two live cancel producers checked; output membership does not prove export or import.
CANCEL_SAP_DOCUMENT,DOCUMENT_STATE_ONLY,ITEM_APPROVAL_STATUS_POLICY_UPLOADED,2026-09-26 16:06:06,2026-10-01,2026-09-01,NonMotor,2026-09-17,2220872,2026-09-17 15:53:38,[null],10,OBSERVED_DATA_STATE,,,,,0,,CURRENT_MONTH,CANCELLATION,RCL,10,true,false,false,498697b7-558b-40d7-ae7a-34dda86e427d,,2220872,,1,pending,,true,L79538331,L79538331-1,1,2026-08-13 14:39:10,,SAP_PAYMENT_DATE_FOR_CANCELLED_DOCUMENT,,INSTALLMENT,RABBIT_CARE_INSTALLMENT,,products/health-insurance,,,CANCEL_STATUS_NOT_APPLIED,MISSING_TERMINAL_SAP_EVIDENCE,10,1476.0,,0,1,pending,2026-08-15 00:00:00,RABBIT_LENDING,10,ITEM_SUBMISSION_STATUS_SUBMITTED,0,,25853ff2-38c6-4625-9983-f707e04741c0,,,true,true,Two live cancel producers checked; output membership does not prove export or import.
CANCEL_SAP_DOCUMENT,DOCUMENT_STATE_ONLY,ITEM_APPROVAL_STATUS_POLICY_UPLOADED,2026-09-26 16:06:06,2026-10-01,2026-09-01,NonMotor,2026-09-15,2098110,2026-09-15 15:00:48,"[""chrg_66lb6jerf7lztk9lxh9""]",10,OBSERVED_DATA_STATE,,,,,0,,CURRENT_MONTH,CANCELLATION,RCL,1,true,false,false,d55778b2-421d-4588-9d35-24b4c5169d15,,2098110,chrg_66lb6jerf7lztk9lxh9,1,paid,,true,L79587523,L79587523-1,1,2026-08-04 09:09:58,2026-02-03,SAP_PAYMENT_DATE_FOR_CANCELLED_DOCUMENT,,INSTALLMENT,RABBIT_CARE_INSTALLMENT,,products/health-insurance,chrg_66lb6jerf7lztk9lxh9,,CANCEL_STATUS_NOT_APPLIED,MISSING_TERMINAL_SAP_EVIDENCE,10,2201.5,2026-02-03,1,1,paid,2026-02-10 00:00:00,RABBIT_LENDING,10,ITEM_SUBMISSION_STATUS_SUBMITTED,0,,2b8a7c81-32e9-485b-8e35-908a353210ef,,,false,false,Two live cancel producers checked; output membership does not prove export or import.
CANCEL_SAP_DOCUMENT,DOCUMENT_STATE_ONLY,ITEM_APPROVAL_STATUS_POLICY_UPLOADED,2026-09-26 16:06:06,2026-10-01,2026-09-01,NonMotor,2026-09-15,2098111,2026-09-15 15:00:48,"[""chrg_66vh1hz5xepkypjudce""]",10,OBSERVED_DATA_STATE,,,,,0,,CURRENT_MONTH,CANCELLATION,RCL,2,true,false,false,d55778b2-421d-4588-9d35-24b4c5169d15,,2098111,chrg_66vh1hz5xepkypjudce,1,paid,,true,L79587523,L79587523-1,1,2026-08-04 09:09:58,2026-03-01,SAP_PAYMENT_DATE_FOR_CANCELLED_DOCUMENT,,INSTALLMENT,RABBIT_CARE_INSTALLMENT,,products/health-insurance,chrg_66vh1hz5xepkypjudce,,CANCEL_STATUS_NOT_APPLIED,MISSING_TERMINAL_SAP_EVIDENCE,10,2201.5,2026-03-01,1,1,paid,2026-03-03 00:00:00,RABBIT_LENDING,10,ITEM_SUBMISSION_STATUS_SUBMITTED,0,,2b8a7c81-32e9-485b-8e35-908a353210ef,,,false,false,Two live cancel producers checked; output membership does not prove export or import.
CANCEL_SAP_DOCUMENT,DOCUMENT_STATE_ONLY,ITEM_APPROVAL_STATUS_POLICY_UPLOADED,2026-09-26 16:06:06,2026-10-01,2026-09-01,NonMotor,2026-09-15,2098112,2026-09-15 15:00:48,"[""chrg_677h8qzfjyynahg60jh""]",10,OBSERVED_DATA_STATE,,,,,0,,CURRENT_MONTH,CANCELLATION,RCL,3,true,false,false,d55778b2-421d-4588-9d35-24b4c5169d15,,2098112,chrg_677h8qzfjyynahg60jh,1,paid,,true,L79587523,L79587523-1,1,2026-08-04 09:09:58,2026-04-01,SAP_PAYMENT_DATE_FOR_CANCELLED_DOCUMENT,,INSTALLMENT,RABBIT_CARE_INSTALLMENT,,products/health-insurance,chrg_677h8qzfjyynahg60jh,,CANCEL_STATUS_NOT_APPLIED,MISSING_TERMINAL_SAP_EVIDENCE,10,2201.5,2026-04-01,1,1,paid,2026-04-17 00:00:00,RABBIT_LENDING,10,ITEM_SUBMISSION_STATUS_SUBMITTED,0,,2b8a7c81-32e9-485b-8e35-908a353210ef,,,false,false,Two live cancel producers checked; output membership does not prove export or import.
CANCEL_SAP_DOCUMENT,DOCUMENT_STATE_ONLY,ITEM_APPROVAL_STATUS_POLICY_UPLOADED,2026-09-26 16:06:06,2026-10-01,2026-09-01,NonMotor,2026-09-15,2098113,2026-09-15 15:00:48,"[""chrg_67j0j6si6vhtsy84yby""]",10,OBSERVED_DATA_STATE,,,,,0,,CURRENT_MONTH,CANCELLATION,RCL,4,true,false,false,d55778b2-421d-4588-9d35-24b4c5169d15,,2098113,chrg_67j0j6si6vhtsy84yby,1,paid,,true,L79587523,L79587523-1,1,2026-08-04 09:09:58,2026-04-30,SAP_PAYMENT_DATE_FOR_CANCELLED_DOCUMENT,,INSTALLMENT,RABBIT_CARE_INSTALLMENT,,products/health-insurance,chrg_67j0j6si6vhtsy84yby,,CANCEL_STATUS_NOT_APPLIED,MISSING_TERMINAL_SAP_EVIDENCE,10,2201.5,2026-04-30,1,1,paid,2026-05-02 00:00:00,RABBIT_LENDING,10,ITEM_SUBMISSION_STATUS_SUBMITTED,0,,2b8a7c81-32e9-485b-8e35-908a353210ef,,,false,false,Two live cancel producers checked; output membership does not prove export or import.
CANCEL_SAP_DOCUMENT,DOCUMENT_STATE_ONLY,ITEM_APPROVAL_STATUS_POLICY_UPLOADED,2026-09-26 16:06:06,2026-10-01,2026-09-01,NonMotor,2026-09-15,2098114,2026-09-15 15:00:48,"[""chrg_67yjcb8b6vapaxjj1h0""]",10,OBSERVED_DATA_STATE,,,,,0,,CURRENT_MONTH,CANCELLATION,RCL,5,true,false,false,d55778b2-421d-4588-9d35-24b4c5169d15,,2098114,chrg_67yjcb8b6vapaxjj1h0,1,paid,,true,L79587523,L79587523-1,1,2026-08-04 09:09:58,2026-06-09,SAP_PAYMENT_DATE_FOR_CANCELLED_DOCUMENT,,INSTALLMENT,RABBIT_CARE_INSTALLMENT,,products/health-insurance,chrg_67yjcb8b6vapaxjj1h0,,CANCEL_STATUS_NOT_APPLIED,MISSING_TERMINAL_SAP_EVIDENCE,10,2201.5,2026-06-09,1,1,paid,2026-06-10 00:00:00,RABBIT_LENDING,10,ITEM_SUBMISSION_STATUS_SUBMITTED,0,,2b8a7c81-32e9-485b-8e35-908a353210ef,,,false,false,Two live cancel producers checked; output membership does not prove export or import.
CANCEL_SAP_DOCUMENT,DOCUMENT_STATE_ONLY,ITEM_APPROVAL_STATUS_POLICY_UPLOADED,2026-09-26 16:06:06,2026-10-01,2026-09-01,NonMotor,2026-09-15,2098115,2026-09-15 15:00:48,[null],10,OBSERVED_DATA_STATE,,,,,0,,CURRENT_MONTH,CANCELLATION,RCL,6,true,false,false,d55778b2-421d-4588-9d35-24b4c5169d15,,2098115,,1,pending,,true,L79587523,L79587523-1,1,2026-08-04 09:09:58,,SAP_PAYMENT_DATE_FOR_CANCELLED_DOCUMENT,,INSTALLMENT,RABBIT_CARE_INSTALLMENT,,products/health-insurance,,,CANCEL_STATUS_NOT_APPLIED,MISSING_TERMINAL_SAP_EVIDENCE,10,2201.5,,0,1,pending,2026-06-11 00:00:00,RABBIT_LENDING,10,ITEM_SUBMISSION_STATUS_SUBMITTED,0,,2b8a7c81-32e9-485b-8e35-908a353210ef,,,false,false,Two live cancel producers checked; output membership does not prove export or import.
CANCEL_SAP_DOCUMENT,DOCUMENT_STATE_ONLY,ITEM_APPROVAL_STATUS_POLICY_UPLOADED,2026-09-26 16:06:06,2026-10-01,2026-09-01,NonMotor,2026-09-15,2098116,2026-09-15 15:00:48,"[""chrg_68kgj2nt4ihfed0feep""]",10,OBSERVED_DATA_STATE,,,,,0,,CURRENT_MONTH,CANCELLATION,RCL,7,true,false,false,d55778b2-421d-4588-9d35-24b4c5169d15,,2098116,chrg_68kgj2nt4ihfed0feep,1,paid,,true,L79587523,L79587523-1,1,2026-08-04 09:09:58,2026-08-04,SAP_PAYMENT_DATE_FOR_CANCELLED_DOCUMENT,,INSTALLMENT,RABBIT_CARE_INSTALLMENT,,products/health-insurance,chrg_68kgj2nt4ihfed0feep,,CANCEL_STATUS_NOT_APPLIED,MISSING_TERMINAL_SAP_EVIDENCE,10,2201.5,2026-08-04,1,1,paid,2026-08-08 00:00:00,RABBIT_LENDING,10,ITEM_SUBMISSION_STATUS_SUBMITTED,0,,2b8a7c81-32e9-485b-8e35-908a353210ef,,,false,false,Two live cancel producers checked; output membership does not prove export or import.
CANCEL_SAP_DOCUMENT,DOCUMENT_STATE_ONLY,ITEM_APPROVAL_STATUS_POLICY_UPLOADED,2026-09-26 16:06:06,2026-10-01,2026-09-01,NonMotor,2026-09-15,2098117,2026-09-15 15:00:48,[null],10,OBSERVED_DATA_STATE,,,,,0,,CURRENT_MONTH,CANCELLATION,RCL,8,true,false,false,d55778b2-421d-4588-9d35-24b4c5169d15,,2098117,,1,pending,,true,L79587523,L79587523-1,1,2026-08-04 09:09:58,,SAP_PAYMENT_DATE_FOR_CANCELLED_DOCUMENT,,INSTALLMENT,RABBIT_CARE_INSTALLMENT,,products/health-insurance,,,CANCEL_STATUS_NOT_APPLIED,MISSING_TERMINAL_SAP_EVIDENCE,10,2201.5,,0,1,pending,2026-08-08 00:00:00,RABBIT_LENDING,10,ITEM_SUBMISSION_STATUS_SUBMITTED,0,,2b8a7c81-32e9-485b-8e35-908a353210ef,,,false,false,Two live cancel producers checked; output membership does not prove export or import.
CANCEL_SAP_DOCUMENT,DOCUMENT_STATE_ONLY,ITEM_APPROVAL_STATUS_POLICY_UPLOADED,2026-09-26 16:06:06,2026-10-01,2026-09-01,NonMotor,2026-09-15,2098118,2026-09-15 15:00:48,[null],10,OBSERVED_DATA_STATE,,,,,0,,CURRENT_MONTH,CANCELLATION,RCL,9,true,false,false,d55778b2-421d-4588-9d35-24b4c5169d15,,2098118,,1,pending,,true,L79587523,L79587523-1,1,2026-08-04 09:09:58,,SAP_PAYMENT_DATE_FOR_CANCELLED_DOCUMENT,,INSTALLMENT,RABBIT_CARE_INSTALLMENT,,products/health-insurance,,,CANCEL_STATUS_NOT_APPLIED,MISSING_TERMINAL_SAP_EVIDENCE,10,2201.5,,0,1,pending,2026-08-08 00:00:00,RABBIT_LENDING,10,ITEM_SUBMISSION_STATUS_SUBMITTED,0,,2b8a7c81-32e9-485b-8e35-908a353210ef,,,false,false,Two live cancel producers checked; output membership does not prove export or import.
CANCEL_SAP_DOCUMENT,DOCUMENT_STATE_ONLY,ITEM_APPROVAL_STATUS_POLICY_UPLOADED,2026-09-26 16:06:06,2026-10-01,2026-09-01,NonMotor,2026-09-15,2098119,2026-09-15 15:00:48,[null],10,OBSERVED_DATA_STATE,,,,,0,,CURRENT_MONTH,CANCELLATION,RCL,10,true,false,false,d55778b2-421d-4588-9d35-24b4c5169d15,,2098119,,1,pending,,true,L79587523,L79587523-1,1,2026-08-04 09:09:58,,SAP_PAYMENT_DATE_FOR_CANCELLED_DOCUMENT,,INSTALLMENT,RABBIT_CARE_INSTALLMENT,,products/health-insurance,,,CANCEL_STATUS_NOT_APPLIED,MISSING_TERMINAL_SAP_EVIDENCE,10,2201.5,,0,1,pending,2026-08-08 00:00:00,RABBIT_LENDING,10,ITEM_SUBMISSION_STATUS_SUBMITTED,0,,2b8a7c81-32e9-485b-8e35-908a353210ef,,,false,false,Two live cancel producers checked; output membership does not prove export or import.
CANCEL_SAP_DOCUMENT,DOCUMENT_STATE_ONLY,ITEM_APPROVAL_STATUS_POLICY_UPLOADED,2026-09-26 16:06:06,2026-10-01,2026-09-01,Motor,2026-09-08,2181180,2026-09-08 15:37:07,"[""chrg_67jkxmectlguiwu0n1p""]",10,OBSERVED_DATA_STATE,,,,,0,,CURRENT_MONTH,CANCELLATION,RCL,2,true,true,false,751f0116-aa7c-4c1c-a9ab-ac5c5e603020,LEAD_STATUS_PURCHASED,2181180,chrg_67jkxmectlguiwu0n1p,1,paid,MOTOR_TYPE_1,true,L79959262,L79959262-V1,1,2026-08-01 01:47:03,2026-05-04,SAP_PAYMENT_DATE_FOR_CANCELLED_DOCUMENT,,INSTALLMENT,RABBIT_CARE_INSTALLMENT,,products/car-insurance,chrg_67jkxmectlguiwu0n1p,,CANCEL_STATUS_NOT_APPLIED,MISSING_TERMINAL_SAP_EVIDENCE,11,4500.0,2026-05-04,1,1,paid,2026-05-07 00:00:00,RABBIT_LENDING,10,ITEM_SUBMISSION_STATUS_SUBMITTED,0,,1c8c5772-bd44-4d6f-a16e-3a99809c1109,,,true,true,Two live cancel producers checked; output membership does not prove export or import.
CANCEL_SAP_DOCUMENT,DOCUMENT_STATE_ONLY,ITEM_APPROVAL_STATUS_POLICY_UPLOADED,2026-09-26 16:06:06,2026-10-01,2026-09-01,Motor,2026-09-08,2181181,2026-09-08 15:37:07,"[""chrg_67ujet30km048yhvy2u""]",10,OBSERVED_DATA_STATE,,,,,0,,CURRENT_MONTH,CANCELLATION,RCL,3,true,true,false,751f0116-aa7c-4c1c-a9ab-ac5c5e603020,LEAD_STATUS_PURCHASED,2181181,chrg_67ujet30km048yhvy2u,1,paid,MOTOR_TYPE_1,true,L79959262,L79959262-V1,1,2026-08-01 01:47:03,2026-05-30,SAP_PAYMENT_DATE_FOR_CANCELLED_DOCUMENT,,INSTALLMENT,RABBIT_CARE_INSTALLMENT,,products/car-insurance,chrg_67ujet30km048yhvy2u,,CANCEL_STATUS_NOT_APPLIED,MISSING_TERMINAL_SAP_EVIDENCE,11,4500.0,2026-05-30,1,1,paid,2026-06-01 00:00:00,RABBIT_LENDING,10,ITEM_SUBMISSION_STATUS_SUBMITTED,0,,1c8c5772-bd44-4d6f-a16e-3a99809c1109,,,true,true,Two live cancel producers checked; output membership does not prove export or import.
CANCEL_SAP_DOCUMENT,DOCUMENT_STATE_ONLY,ITEM_APPROVAL_STATUS_POLICY_UPLOADED,2026-09-26 16:06:06,2026-10-01,2026-09-01,Motor,2026-09-08,2181182,2026-09-08 15:37:07,"[""chrg_687gjn9p95t6d5t1cwu""]",10,OBSERVED_DATA_STATE,,,,,0,,CURRENT_MONTH,CANCELLATION,RCL,4,true,true,false,751f0116-aa7c-4c1c-a9ab-ac5c5e603020,LEAD_STATUS_PURCHASED,2181182,chrg_687gjn9p95t6d5t1cwu,1,paid,MOTOR_TYPE_1,true,L79959262,L79959262-V1,1,2026-08-01 01:47:03,2026-07-03,SAP_PAYMENT_DATE_FOR_CANCELLED_DOCUMENT,,INSTALLMENT,RABBIT_CARE_INSTALLMENT,,products/car-insurance,chrg_687gjn9p95t6d5t1cwu,,CANCEL_STATUS_NOT_APPLIED,MISSING_TERMINAL_SAP_EVIDENCE,11,4500.0,2026-07-03,1,1,paid,2026-07-17 00:00:00,RABBIT_LENDING,10,ITEM_SUBMISSION_STATUS_SUBMITTED,0,,1c8c5772-bd44-4d6f-a16e-3a99809c1109,,,true,true,Two live cancel producers checked; output membership does not prove export or import.
CANCEL_SAP_DOCUMENT,DOCUMENT_STATE_ONLY,ITEM_APPROVAL_STATUS_POLICY_UPLOADED,2026-09-26 16:06:06,2026-10-01,2026-09-01,Motor,2026-09-08,2181183,2026-09-08 15:37:07,"[""chrg_68j5v517zvcyp6xwcmt""]",10,OBSERVED_DATA_STATE,,,,,0,,CURRENT_MONTH,CANCELLATION,RCL,5,true,true,false,751f0116-aa7c-4c1c-a9ab-ac5c5e603020,LEAD_STATUS_PURCHASED,2181183,chrg_68j5v517zvcyp6xwcmt,1,paid,MOTOR_TYPE_1,true,L79959262,L79959262-V1,1,2026-08-01 01:47:03,2026-08-01,SAP_PAYMENT_DATE_FOR_CANCELLED_DOCUMENT,,INSTALLMENT,RABBIT_CARE_INSTALLMENT,,products/car-insurance,chrg_68j5v517zvcyp6xwcmt,,CANCEL_STATUS_NOT_APPLIED,MISSING_TERMINAL_SAP_EVIDENCE,11,4500.0,2026-08-01,1,1,paid,2026-08-21 00:00:00,RABBIT_LENDING,10,ITEM_SUBMISSION_STATUS_SUBMITTED,0,,1c8c5772-bd44-4d6f-a16e-3a99809c1109,,,true,true,Two live cancel producers checked; output membership does not prove export or import.
CANCEL_SAP_DOCUMENT,DOCUMENT_STATE_ONLY,ITEM_APPROVAL_STATUS_POLICY_UPLOADED,2026-09-26 16:06:06,2026-10-01,2026-09-01,Motor,2026-09-08,2181184,2026-09-08 15:37:07,[null],10,OBSERVED_DATA_STATE,,,,,0,,CURRENT_MONTH,CANCELLATION,RCL,6,true,true,false,751f0116-aa7c-4c1c-a9ab-ac5c5e603020,LEAD_STATUS_PURCHASED,2181184,,1,pending,MOTOR_TYPE_1,true,L79959262,L79959262-V1,1,2026-08-01 01:47:03,,SAP_PAYMENT_DATE_FOR_CANCELLED_DOCUMENT,,INSTALLMENT,RABBIT_CARE_INSTALLMENT,,products/car-insurance,,,CANCEL_STATUS_NOT_APPLIED,MISSING_TERMINAL_SAP_EVIDENCE,11,0.0,,0,1,pending,2026-08-21 00:00:00,RABBIT_LENDING,10,ITEM_SUBMISSION_STATUS_SUBMITTED,0,,1c8c5772-bd44-4d6f-a16e-3a99809c1109,,,true,true,Two live cancel producers checked; output membership does not prove export or import.
CANCEL_SAP_DOCUMENT,DOCUMENT_STATE_ONLY,ITEM_APPROVAL_STATUS_POLICY_UPLOADED,2026-09-26 16:06:06,2026-10-01,2026-09-01,Motor,2026-09-08,2181185,2026-09-08 15:37:07,[null],10,OBSERVED_DATA_STATE,,,,,0,,CURRENT_MONTH,CANCELLATION,RCL,7,true,true,false,751f0116-aa7c-4c1c-a9ab-ac5c5e603020,LEAD_STATUS_PURCHASED,2181185,,1,pending,MOTOR_TYPE_1,true,L79959262,L79959262-V1,1,2026-08-01 01:47:03,,SAP_PAYMENT_DATE_FOR_CANCELLED_DOCUMENT,,INSTALLMENT,RABBIT_CARE_INSTALLMENT,,products/car-insurance,,,CANCEL_STATUS_NOT_APPLIED,MISSING_TERMINAL_SAP_EVIDENCE,11,0.0,,0,1,pending,2026-08-21 00:00:00,RABBIT_LENDING,10,ITEM_SUBMISSION_STATUS_SUBMITTED,0,,1c8c5772-bd44-4d6f-a16e-3a99809c1109,,,true,true,Two live cancel producers checked; output membership does not prove export or import.
CANCEL_SAP_DOCUMENT,DOCUMENT_STATE_ONLY,ITEM_APPROVAL_STATUS_POLICY_UPLOADED,2026-09-26 16:06:06,2026-10-01,2026-09-01,Motor,2026-09-08,2181186,2026-09-08 15:37:07,[null],10,OBSERVED_DATA_STATE,,,,,0,,CURRENT_MONTH,CANCELLATION,RCL,8,true,true,false,751f0116-aa7c-4c1c-a9ab-ac5c5e603020,LEAD_STATUS_PURCHASED,2181186,,1,pending,MOTOR_TYPE_1,true,L79959262,L79959262-V1,1,2026-08-01 01:47:03,,SAP_PAYMENT_DATE_FOR_CANCELLED_DOCUMENT,,INSTALLMENT,RABBIT_CARE_INSTALLMENT,,products/car-insurance,,,CANCEL_STATUS_NOT_APPLIED,MISSING_TERMINAL_SAP_EVIDENCE,11,0.0,,0,1,pending,2026-08-21 00:00:00,RABBIT_LENDING,10,ITEM_SUBMISSION_STATUS_SUBMITTED,0,,1c8c5772-bd44-4d6f-a16e-3a99809c1109,,,true,true,Two live cancel producers checked; output membership does not prove export or import.
CANCEL_SAP_DOCUMENT,DOCUMENT_STATE_ONLY,ITEM_APPROVAL_STATUS_POLICY_UPLOADED,2026-09-26 16:06:06,2026-10-01,2026-09-01,Motor,2026-09-08,2181187,2026-09-08 15:37:07,[null],10,OBSERVED_DATA_STATE,,,,,0,,CURRENT_MONTH,CANCELLATION,RCL,9,true,true,false,751f0116-aa7c-4c1c-a9ab-ac5c5e603020,LEAD_STATUS_PURCHASED,2181187,,1,pending,MOTOR_TYPE_1,true,L79959262,L79959262-V1,1,2026-08-01 01:47:03,,SAP_PAYMENT_DATE_FOR_CANCELLED_DOCUMENT,,INSTALLMENT,RABBIT_CARE_INSTALLMENT,,products/car-insurance,,,CANCEL_STATUS_NOT_APPLIED,MISSING_TERMINAL_SAP_EVIDENCE,11,0.0,,0,1,pending,2026-08-21 00:00:00,RABBIT_LENDING,10,ITEM_SUBMISSION_STATUS_SUBMITTED,0,,1c8c5772-bd44-4d6f-a16e-3a99809c1109,,,true,true,Two live cancel producers checked; output membership does not prove export or import.
CANCEL_SAP_DOCUMENT,DOCUMENT_STATE_ONLY,ITEM_APPROVAL_STATUS_POLICY_UPLOADED,2026-09-26 16:06:06,2026-10-01,2026-09-01,Motor,2026-09-08,2181188,2026-09-08 15:37:07,[null],10,OBSERVED_DATA_STATE,,,,,0,,CURRENT_MONTH,CANCELLATION,RCL,10,true,true,false,751f0116-aa7c-4c1c-a9ab-ac5c5e603020,LEAD_STATUS_PURCHASED,2181188,,1,pending,MOTOR_TYPE_1,true,L79959262,L79959262-V1,1,2026-08-01 01:47:03,,SAP_PAYMENT_DATE_FOR_CANCELLED_DOCUMENT,,INSTALLMENT,RABBIT_CARE_INSTALLMENT,,products/car-insurance,,,CANCEL_STATUS_NOT_APPLIED,MISSING_TERMINAL_SAP_EVIDENCE,11,0.0,,0,1,pending,2026-08-21 00:00:00,RABBIT_LENDING,10,ITEM_SUBMISSION_STATUS_SUBMITTED,0,,1c8c5772-bd44-4d6f-a16e-3a99809c1109,,,true,true,Two live cancel producers checked; output membership does not prove export or import.
CANCEL_SAP_DOCUMENT,DOCUMENT_STATE_ONLY,ITEM_APPROVAL_STATUS_POLICY_UPLOADED,2026-09-26 16:06:06,2026-10-01,2026-09-01,NonMotor,2026-09-17,2220675,2026-09-17 16:15:36,"[""chrg_679x68j1u3r50i6yb1m""]",10,OBSERVED_DATA_STATE,,,,,0,,CURRENT_MONTH,CANCELLATION,RCL,1,true,false,false,29188f14-ee6d-4b5b-a75f-79a6a0238d90,,2220675,chrg_679x68j1u3r50i6yb1m,1,paid,,true,L79988124,L79988124-1,1,2026-08-04 04:01:45,2026-04-07,SAP_PAYMENT_DATE_FOR_CANCELLED_DOCUMENT,,INSTALLMENT,RABBIT_CARE_INSTALLMENT,,products/health-insurance,chrg_679x68j1u3r50i6yb1m,,CANCEL_STATUS_NOT_APPLIED,MISSING_TERMINAL_SAP_EVIDENCE,10,1896.0,2026-04-07,1,1,paid,2026-04-17 00:00:00,RABBIT_LENDING,10,ITEM_SUBMISSION_STATUS_SUBMITTED,0,,95eddd16-5cd4-45ba-8b17-df0f70a491e5,,,false,false,Two live cancel producers checked; output membership does not prove export or import.
CANCEL_SAP_DOCUMENT,DOCUMENT_STATE_ONLY,ITEM_APPROVAL_STATUS_POLICY_UPLOADED,2026-09-26 16:06:06,2026-10-01,2026-09-01,NonMotor,2026-09-17,2220676,2026-09-17 16:15:36,"[""chrg_67ktl2tn2j5u8tvtud2""]",10,OBSERVED_DATA_STATE,,,,,0,,CURRENT_MONTH,CANCELLATION,RCL,2,true,false,false,29188f14-ee6d-4b5b-a75f-79a6a0238d90,,2220676,chrg_67ktl2tn2j5u8tvtud2,1,paid,,true,L79988124,L79988124-1,1,2026-08-04 04:01:45,2026-05-05,SAP_PAYMENT_DATE_FOR_CANCELLED_DOCUMENT,,INSTALLMENT,RABBIT_CARE_INSTALLMENT,,products/health-insurance,chrg_67ktl2tn2j5u8tvtud2,,CANCEL_STATUS_NOT_APPLIED,MISSING_TERMINAL_SAP_EVIDENCE,10,1896.0,2026-05-05,1,1,paid,2026-05-21 00:00:00,RABBIT_LENDING,10,ITEM_SUBMISSION_STATUS_SUBMITTED,0,,95eddd16-5cd4-45ba-8b17-df0f70a491e5,,,false,false,Two live cancel producers checked; output membership does not prove export or import.
CANCEL_SAP_DOCUMENT,DOCUMENT_STATE_ONLY,ITEM_APPROVAL_STATUS_POLICY_UPLOADED,2026-09-26 16:06:06,2026-10-01,2026-09-01,NonMotor,2026-09-17,2220677,2026-09-17 16:15:36,"[""chrg_67vivhibccivc6w89ng""]",10,OBSERVED_DATA_STATE,,,,,0,,CURRENT_MONTH,CANCELLATION,RCL,3,true,false,false,29188f14-ee6d-4b5b-a75f-79a6a0238d90,,2220677,chrg_67vivhibccivc6w89ng,1,paid,,true,L79988124,L79988124-1,1,2026-08-04 04:01:45,2026-06-01,SAP_PAYMENT_DATE_FOR_CANCELLED_DOCUMENT,,INSTALLMENT,RABBIT_CARE_INSTALLMENT,,products/health-insurance,chrg_67vivhibccivc6w89ng,,CANCEL_STATUS_NOT_APPLIED,MISSING_TERMINAL_SAP_EVIDENCE,10,1896.0,2026-06-01,1,1,paid,2026-06-03 00:00:00,RABBIT_LENDING,10,ITEM_SUBMISSION_STATUS_SUBMITTED,0,,95eddd16-5cd4-45ba-8b17-df0f70a491e5,,,false,false,Two live cancel producers checked; output membership does not prove export or import.
CANCEL_SAP_DOCUMENT,DOCUMENT_STATE_ONLY,ITEM_APPROVAL_STATUS_POLICY_UPLOADED,2026-09-26 16:06:06,2026-10-01,2026-09-01,NonMotor,2026-09-17,2220678,2026-09-17 16:15:36,[null],10,OBSERVED_DATA_STATE,,,,,0,,CURRENT_MONTH,CANCELLATION,RCL,4,true,false,false,29188f14-ee6d-4b5b-a75f-79a6a0238d90,,2220678,,1,pending,,true,L79988124,L79988124-1,1,2026-08-04 04:01:45,,SAP_PAYMENT_DATE_FOR_CANCELLED_DOCUMENT,,INSTALLMENT,RABBIT_CARE_INSTALLMENT,,products/health-insurance,,,CANCEL_STATUS_NOT_APPLIED,MISSING_TERMINAL_SAP_EVIDENCE,10,1896.0,,0,1,pending,2026-06-03 00:00:00,RABBIT_LENDING,10,ITEM_SUBMISSION_STATUS_SUBMITTED,0,,95eddd16-5cd4-45ba-8b17-df0f70a491e5,,,false,false,Two live cancel producers checked; output membership does not prove export or import.
CANCEL_SAP_DOCUMENT,DOCUMENT_STATE_ONLY,ITEM_APPROVAL_STATUS_POLICY_UPLOADED,2026-09-26 16:06:06,2026-10-01,2026-09-01,NonMotor,2026-09-17,2220679,2026-09-17 16:15:36,"[""chrg_68kdimmv6jolpgweeg1""]",10,OBSERVED_DATA_STATE,,,,,0,,CURRENT_MONTH,CANCELLATION,RCL,5,true,false,false,29188f14-ee6d-4b5b-a75f-79a6a0238d90,,2220679,chrg_68kdimmv6jolpgweeg1,1,paid,,true,L79988124,L79988124-1,1,2026-08-04 04:01:45,2026-08-04,SAP_PAYMENT_DATE_FOR_CANCELLED_DOCUMENT,,INSTALLMENT,RABBIT_CARE_INSTALLMENT,,products/health-insurance,chrg_68kdimmv6jolpgweeg1,,CANCEL_STATUS_NOT_APPLIED,MISSING_TERMINAL_SAP_EVIDENCE,10,1896.0,2026-08-04,1,1,paid,2026-08-08 00:00:00,RABBIT_LENDING,10,ITEM_SUBMISSION_STATUS_SUBMITTED,0,,95eddd16-5cd4-45ba-8b17-df0f70a491e5,,,false,false,Two live cancel producers checked; output membership does not prove export or import.
CANCEL_SAP_DOCUMENT,DOCUMENT_STATE_ONLY,ITEM_APPROVAL_STATUS_POLICY_UPLOADED,2026-09-26 16:06:06,2026-10-01,2026-09-01,NonMotor,2026-09-17,2220680,2026-09-17 16:15:36,[null],10,OBSERVED_DATA_STATE,,,,,0,,CURRENT_MONTH,CANCELLATION,RCL,6,true,false,false,29188f14-ee6d-4b5b-a75f-79a6a0238d90,,2220680,,1,pending,,true,L79988124,L79988124-1,1,2026-08-04 04:01:45,,SAP_PAYMENT_DATE_FOR_CANCELLED_DOCUMENT,,INSTALLMENT,RABBIT_CARE_INSTALLMENT,,products/health-insurance,,,CANCEL_STATUS_NOT_APPLIED,MISSING_TERMINAL_SAP_EVIDENCE,10,1896.0,,0,1,pending,2026-08-08 00:00:00,RABBIT_LENDING,10,ITEM_SUBMISSION_STATUS_SUBMITTED,0,,95eddd16-5cd4-45ba-8b17-df0f70a491e5,,,false,false,Two live cancel producers checked; output membership does not prove export or import.
CANCEL_SAP_DOCUMENT,DOCUMENT_STATE_ONLY,ITEM_APPROVAL_STATUS_POLICY_UPLOADED,2026-09-26 16:06:06,2026-10-01,2026-09-01,NonMotor,2026-09-17,2220681,2026-09-17 16:15:36,[null],10,OBSERVED_DATA_STATE,,,,,0,,CURRENT_MONTH,CANCELLATION,RCL,7,true,false,false,29188f14-ee6d-4b5b-a75f-79a6a0238d90,,2220681,,1,pending,,true,L79988124,L79988124-1,1,2026-08-04 04:01:45,,SAP_PAYMENT_DATE_FOR_CANCELLED_DOCUMENT,,INSTALLMENT,RABBIT_CARE_INSTALLMENT,,products/health-insurance,,,CANCEL_STATUS_NOT_APPLIED,MISSING_TERMINAL_SAP_EVIDENCE,10,1896.0,,0,1,pending,2026-08-08 00:00:00,RABBIT_LENDING,10,ITEM_SUBMISSION_STATUS_SUBMITTED,0,,95eddd16-5cd4-45ba-8b17-df0f70a491e5,,,false,false,Two live cancel producers checked; output membership does not prove export or import.
CANCEL_SAP_DOCUMENT,DOCUMENT_STATE_ONLY,ITEM_APPROVAL_STATUS_POLICY_UPLOADED,2026-09-26 16:06:06,2026-10-01,2026-09-01,NonMotor,2026-09-17,2220682,2026-09-17 16:15:36,[null],10,OBSERVED_DATA_STATE,,,,,0,,CURRENT_MONTH,CANCELLATION,RCL,8,true,false,false,29188f14-ee6d-4b5b-a75f-79a6a0238d90,,2220682,,1,pending,,true,L79988124,L79988124-1,1,2026-08-04 04:01:45,,SAP_PAYMENT_DATE_FOR_CANCELLED_DOCUMENT,,INSTALLMENT,RABBIT_CARE_INSTALLMENT,,products/health-insurance,,,CANCEL_STATUS_NOT_APPLIED,MISSING_TERMINAL_SAP_EVIDENCE,10,1896.0,,0,1,pending,2026-08-08 00:00:00,RABBIT_LENDING,10,ITEM_SUBMISSION_STATUS_SUBMITTED,0,,95eddd16-5cd4-45ba-8b17-df0f70a491e5,,,false,false,Two live cancel producers checked; output membership does not prove export or import.
CANCEL_SAP_DOCUMENT,DOCUMENT_STATE_ONLY,ITEM_APPROVAL_STATUS_POLICY_UPLOADED,2026-09-26 16:06:06,2026-10-01,2026-09-01,NonMotor,2026-09-17,2220683,2026-09-17 16:15:36,[null],10,OBSERVED_DATA_STATE,,,,,0,,CURRENT_MONTH,CANCELLATION,RCL,9,true,false,false,29188f14-ee6d-4b5b-a75f-79a6a0238d90,,2220683,,1,pending,,true,L79988124,L79988124-1,1,2026-08-04 04:01:45,,SAP_PAYMENT_DATE_FOR_CANCELLED_DOCUMENT,,INSTALLMENT,RABBIT_CARE_INSTALLMENT,,products/health-insurance,,,CANCEL_STATUS_NOT_APPLIED,MISSING_TERMINAL_SAP_EVIDENCE,10,1896.0,,0,1,pending,2026-08-08 00:00:00,RABBIT_LENDING,10,ITEM_SUBMISSION_STATUS_SUBMITTED,0,,95eddd16-5cd4-45ba-8b17-df0f70a491e5,,,false,false,Two live cancel producers checked; output membership does not prove export or import.
CANCEL_SAP_DOCUMENT,DOCUMENT_STATE_ONLY,ITEM_APPROVAL_STATUS_POLICY_UPLOADED,2026-09-26 16:06:06,2026-10-01,2026-09-01,NonMotor,2026-09-17,2220684,2026-09-17 16:15:36,[null],10,OBSERVED_DATA_STATE,,,,,0,,CURRENT_MONTH,CANCELLATION,RCL,10,true,false,false,29188f14-ee6d-4b5b-a75f-79a6a0238d90,,2220684,,1,pending,,true,L79988124,L79988124-1,1,2026-08-04 04:01:45,,SAP_PAYMENT_DATE_FOR_CANCELLED_DOCUMENT,,INSTALLMENT,RABBIT_CARE_INSTALLMENT,,products/health-insurance,,,CANCEL_STATUS_NOT_APPLIED,MISSING_TERMINAL_SAP_EVIDENCE,10,1896.0,,0,1,pending,2026-08-08 00:00:00,RABBIT_LENDING,10,ITEM_SUBMISSION_STATUS_SUBMITTED,0,,95eddd16-5cd4-45ba-8b17-df0f70a491e5,,,false,false,Two live cancel producers checked; output membership does not prove export or import.
CANCEL_SAP_DOCUMENT,DOCUMENT_STATE_ONLY,ITEM_APPROVAL_STATUS_POLICY_UPLOADED,2026-09-26 16:06:06,2026-10-01,2026-09-01,Motor,2026-09-10,2235867,2026-09-09 17:18:01,"[""chrg_67r24h1eh7p9bc8ltpa""]",10,OBSERVED_DATA_STATE,,,,,0,,CURRENT_MONTH,CANCELLATION,RCL,2,true,true,false,404b61ad-82e4-45ac-a4c9-555ce70341ae,LEAD_STATUS_PURCHASED,2235867,chrg_67r24h1eh7p9bc8ltpa,1,paid,MOTOR_TYPE_1,true,L80035402,L80035402-V1,1,2026-07-20 09:53:35,2026-05-21,SAP_PAYMENT_DATE_FOR_CANCELLED_DOCUMENT,,INSTALLMENT,RABBIT_CARE_INSTALLMENT,,products/car-insurance,chrg_67r24h1eh7p9bc8ltpa,,CANCEL_STATUS_NOT_APPLIED,MISSING_TERMINAL_SAP_EVIDENCE,11,1790.0,2026-05-21,1,1,paid,2026-05-28 00:00:00,RABBIT_LENDING,10,ITEM_SUBMISSION_STATUS_SUBMITTED,0,,351e849f-66a2-4253-9006-a53f59565b38,,,true,true,Two live cancel producers checked; output membership does not prove export or import.
CANCEL_SAP_DOCUMENT,DOCUMENT_STATE_ONLY,ITEM_APPROVAL_STATUS_POLICY_UPLOADED,2026-09-26 16:06:06,2026-10-01,2026-09-01,Motor,2026-09-10,2235868,2026-09-09 17:18:01,"[""chrg_67xud29ov5aj254gy4g""]",10,OBSERVED_DATA_STATE,,,,,0,,CURRENT_MONTH,CANCELLATION,RCL,3,true,true,false,404b61ad-82e4-45ac-a4c9-555ce70341ae,LEAD_STATUS_PURCHASED,2235868,chrg_67xud29ov5aj254gy4g,1,paid,MOTOR_TYPE_1,true,L80035402,L80035402-V1,1,2026-07-20 09:53:35,2026-06-07,SAP_PAYMENT_DATE_FOR_CANCELLED_DOCUMENT,,INSTALLMENT,RABBIT_CARE_INSTALLMENT,,products/car-insurance,chrg_67xud29ov5aj254gy4g,,CANCEL_STATUS_NOT_APPLIED,MISSING_TERMINAL_SAP_EVIDENCE,11,1790.0,2026-06-07,1,1,paid,2026-06-17 00:00:00,RABBIT_LENDING,10,ITEM_SUBMISSION_STATUS_SUBMITTED,0,,351e849f-66a2-4253-9006-a53f59565b38,,,true,true,Two live cancel producers checked; output membership does not prove export or import.
CANCEL_SAP_DOCUMENT,DOCUMENT_STATE_ONLY,ITEM_APPROVAL_STATUS_POLICY_UPLOADED,2026-09-26 16:06:06,2026-10-01,2026-09-01,Motor,2026-09-10,2235869,2026-09-09 17:18:01,"[""chrg_68elqqvc299zoywpy54""]",10,OBSERVED_DATA_STATE,,,,,0,,CURRENT_MONTH,CANCELLATION,RCL,4,true,true,false,404b61ad-82e4-45ac-a4c9-555ce70341ae,LEAD_STATUS_PURCHASED,2235869,chrg_68elqqvc299zoywpy54,1,paid,MOTOR_TYPE_1,true,L80035402,L80035402-V1,1,2026-07-20 09:53:35,2026-07-20,SAP_PAYMENT_DATE_FOR_CANCELLED_DOCUMENT,,INSTALLMENT,RABBIT_CARE_INSTALLMENT,,products/car-insurance,chrg_68elqqvc299zoywpy54,,CANCEL_STATUS_NOT_APPLIED,MISSING_TERMINAL_SAP_EVIDENCE,11,1790.0,2026-07-20,1,1,paid,2026-08-03 00:00:00,RABBIT_LENDING,10,ITEM_SUBMISSION_STATUS_SUBMITTED,0,,351e849f-66a2-4253-9006-a53f59565b38,,,true,true,Two live cancel producers checked; output membership does not prove export or import.
CANCEL_SAP_DOCUMENT,DOCUMENT_STATE_ONLY,ITEM_APPROVAL_STATUS_POLICY_UPLOADED,2026-09-26 16:06:06,2026-10-01,2026-09-01,Motor,2026-09-10,2235870,2026-09-09 17:18:01,[null],10,OBSERVED_DATA_STATE,,,,,0,,CURRENT_MONTH,CANCELLATION,RCL,5,true,true,false,404b61ad-82e4-45ac-a4c9-555ce70341ae,LEAD_STATUS_PURCHASED,2235870,,1,pending,MOTOR_TYPE_1,true,L80035402,L80035402-V1,1,2026-07-20 09:53:35,,SAP_PAYMENT_DATE_FOR_CANCELLED_DOCUMENT,,INSTALLMENT,RABBIT_CARE_INSTALLMENT,,products/car-insurance,,,CANCEL_STATUS_NOT_APPLIED,MISSING_TERMINAL_SAP_EVIDENCE,11,1790.0,,0,1,pending,2026-08-03 00:00:00,RABBIT_LENDING,10,ITEM_SUBMISSION_STATUS_SUBMITTED,0,,351e849f-66a2-4253-9006-a53f59565b38,,,true,true,Two live cancel producers checked; output membership does not prove export or import.
CANCEL_SAP_DOCUMENT,DOCUMENT_STATE_ONLY,ITEM_APPROVAL_STATUS_POLICY_UPLOADED,2026-09-26 16:06:06,2026-10-01,2026-09-01,Motor,2026-09-10,2235871,2026-09-09 17:18:01,[null],10,OBSERVED_DATA_STATE,,,,,0,,CURRENT_MONTH,CANCELLATION,RCL,6,true,true,false,404b61ad-82e4-45ac-a4c9-555ce70341ae,LEAD_STATUS_PURCHASED,2235871,,1,pending,MOTOR_TYPE_1,true,L80035402,L80035402-V1,1,2026-07-20 09:53:35,,SAP_PAYMENT_DATE_FOR_CANCELLED_DOCUMENT,,INSTALLMENT,RABBIT_CARE_INSTALLMENT,,products/car-insurance,,,CANCEL_STATUS_NOT_APPLIED,MISSING_TERMINAL_SAP_EVIDENCE,11,1790.0,,0,1,pending,2026-08-03 00:00:00,RABBIT_LENDING,10,ITEM_SUBMISSION_STATUS_SUBMITTED,0,,351e849f-66a2-4253-9006-a53f59565b38,,,true,true,Two live cancel producers checked; output membership does not prove export or import.
CANCEL_SAP_DOCUMENT,DOCUMENT_STATE_ONLY,ITEM_APPROVAL_STATUS_POLICY_UPLOADED,2026-09-26 16:06:06,2026-10-01,2026-09-01,Motor,2026-09-10,2235872,2026-09-09 17:18:01,[null],10,OBSERVED_DATA_STATE,,,,,0,,CURRENT_MONTH,CANCELLATION,RCL,7,true,true,false,404b61ad-82e4-45ac-a4c9-555ce70341ae,LEAD_STATUS_PURCHASED,2235872,,1,pending,MOTOR_TYPE_1,true,L80035402,L80035402-V1,1,2026-07-20 09:53:35,,SAP_PAYMENT_DATE_FOR_CANCELLED_DOCUMENT,,INSTALLMENT,RABBIT_CARE_INSTALLMENT,,products/car-insurance,,,CANCEL_STATUS_NOT_APPLIED,MISSING_TERMINAL_SAP_EVIDENCE,11,1790.0,,0,1,pending,2026-08-03 00:00:00,RABBIT_LENDING,10,ITEM_SUBMISSION_STATUS_SUBMITTED,0,,351e849f-66a2-4253-9006-a53f59565b38,,,true,true,Two live cancel producers checked; output membership does not prove export or import.
CANCEL_SAP_DOCUMENT,DOCUMENT_STATE_ONLY,ITEM_APPROVAL_STATUS_POLICY_UPLOADED,2026-09-26 16:06:06,2026-10-01,2026-09-01,Motor,2026-09-10,2235873,2026-09-09 17:18:01,[null],10,OBSERVED_DATA_STATE,,,,,0,,CURRENT_MONTH,CANCELLATION,RCL,8,true,true,false,404b61ad-82e4-45ac-a4c9-555ce70341ae,LEAD_STATUS_PURCHASED,2235873,,1,pending,MOTOR_TYPE_1,true,L80035402,L80035402-V1,1,2026-07-20 09:53:35,,SAP_PAYMENT_DATE_FOR_CANCELLED_DOCUMENT,,INSTALLMENT,RABBIT_CARE_INSTALLMENT,,products/car-insurance,,,CANCEL_STATUS_NOT_APPLIED,MISSING_TERMINAL_SAP_EVIDENCE,11,1790.0,,0,1,pending,2026-08-03 00:00:00,RABBIT_LENDING,10,ITEM_SUBMISSION_STATUS_SUBMITTED,0,,351e849f-66a2-4253-9006-a53f59565b38,,,true,true,Two live cancel producers checked; output membership does not prove export or import.
CANCEL_SAP_DOCUMENT,DOCUMENT_STATE_ONLY,ITEM_APPROVAL_STATUS_POLICY_UPLOADED,2026-09-26 16:06:06,2026-10-01,2026-09-01,Motor,2026-09-10,2235874,2026-09-09 17:18:01,[null],10,OBSERVED_DATA_STATE,,,,,0,,CURRENT_MONTH,CANCELLATION,RCL,9,true,true,false,404b61ad-82e4-45ac-a4c9-555ce70341ae,LEAD_STATUS_PURCHASED,2235874,,1,pending,MOTOR_TYPE_1,true,L80035402,L80035402-V1,1,2026-07-20 09:53:35,,SAP_PAYMENT_DATE_FOR_CANCELLED_DOCUMENT,,INSTALLMENT,RABBIT_CARE_INSTALLMENT,,products/car-insurance,,,CANCEL_STATUS_NOT_APPLIED,MISSING_TERMINAL_SAP_EVIDENCE,11,1790.0,,0,1,pending,2026-08-03 00:00:00,RABBIT_LENDING,10,ITEM_SUBMISSION_STATUS_SUBMITTED,0,,351e849f-66a2-4253-9006-a53f59565b38,,,true,true,Two live cancel producers checked; output membership does not prove export or import.
CANCEL_SAP_DOCUMENT,DOCUMENT_STATE_ONLY,ITEM_APPROVAL_STATUS_POLICY_UPLOADED,2026-09-26 16:06:06,2026-10-01,2026-09-01,Motor,2026-09-10,2235875,2026-09-09 17:18:01,[null],10,OBSERVED_DATA_STATE,,,,,0,,CURRENT_MONTH,CANCELLATION,RCL,10,true,true,false,404b61ad-82e4-45ac-a4c9-555ce70341ae,LEAD_STATUS_PURCHASED,2235875,,1,pending,MOTOR_TYPE_1,true,L80035402,L80035402-V1,1,2026-07-20 09:53:35,,SAP_PAYMENT_DATE_FOR_CANCELLED_DOCUMENT,,INSTALLMENT,RABBIT_CARE_INSTALLMENT,,products/car-insurance,,,CANCEL_STATUS_NOT_APPLIED,MISSING_TERMINAL_SAP_EVIDENCE,11,1790.0,,0,1,pending,2026-08-03 00:00:00,RABBIT_LENDING,10,ITEM_SUBMISSION_STATUS_SUBMITTED,0,,351e849f-66a2-4253-9006-a53f59565b38,,,true,true,Two live cancel producers checked; output membership does not prove export or import.
CANCEL_SAP_DOCUMENT,DOCUMENT_STATE_ONLY,ITEM_APPROVAL_STATUS_POLICY_UPLOADED,2026-09-26 16:06:06,2026-10-01,2026-09-01,Motor,2026-09-25,2310782,2026-09-25 15:42:33,"[""chrg_686brlcxr3ch6uoczbz""]",6,OBSERVED_DATA_STATE,,,,,0,,CURRENT_MONTH,CANCELLATION,RCL,2,true,true,false,75d3cb48-166b-40b3-afc9-70c270b594d4,LEAD_STATUS_PURCHASED,2310782,chrg_686brlcxr3ch6uoczbz,1,paid,MOTOR_TYPE_1,true,L80236849,L80236849-V1,1,2026-08-29 07:00:27,2026-06-29,SAP_PAYMENT_DATE_FOR_CANCELLED_DOCUMENT,,INSTALLMENT,RABBIT_CARE_INSTALLMENT,,products/car-insurance,chrg_686brlcxr3ch6uoczbz,,CANCEL_STATUS_NOT_APPLIED,MISSING_TERMINAL_SAP_EVIDENCE,8,2595.28,2026-06-29,1,1,paid,2026-07-01 00:00:00,RABBIT_LENDING,6,ITEM_SUBMISSION_STATUS_SUBMITTED,0,,1afd39dd-cfb0-45a0-9995-b05530a7c6e9,,,true,true,Two live cancel producers checked; output membership does not prove export or import.
CANCEL_SAP_DOCUMENT,DOCUMENT_STATE_ONLY,ITEM_APPROVAL_STATUS_POLICY_UPLOADED,2026-09-26 16:06:06,2026-10-01,2026-09-01,Motor,2026-09-25,2310783,2026-09-25 15:42:33,"[""chrg_68i8aeiwi67gq97q70f""]",6,OBSERVED_DATA_STATE,,,,,0,,CURRENT_MONTH,CANCELLATION,RCL,3,true,true,false,75d3cb48-166b-40b3-afc9-70c270b594d4,LEAD_STATUS_PURCHASED,2310783,chrg_68i8aeiwi67gq97q70f,1,paid,MOTOR_TYPE_1,true,L80236849,L80236849-V1,1,2026-08-29 07:00:27,2026-07-29,SAP_PAYMENT_DATE_FOR_CANCELLED_DOCUMENT,,INSTALLMENT,RABBIT_CARE_INSTALLMENT,,products/car-insurance,chrg_68i8aeiwi67gq97q70f,,CANCEL_STATUS_NOT_APPLIED,MISSING_TERMINAL_SAP_EVIDENCE,8,2595.28,2026-07-29,1,1,paid,2026-08-03 00:00:00,RABBIT_LENDING,6,ITEM_SUBMISSION_STATUS_SUBMITTED,0,,1afd39dd-cfb0-45a0-9995-b05530a7c6e9,,,true,true,Two live cancel producers checked; output membership does not prove export or import.
CANCEL_SAP_DOCUMENT,DOCUMENT_STATE_ONLY,ITEM_APPROVAL_STATUS_POLICY_UPLOADED,2026-09-26 16:06:06,2026-10-01,2026-09-01,Motor,2026-09-25,2310784,2026-09-25 15:42:33,"[""chrg_68u79xo1wznh5f57m2o""]",6,OBSERVED_DATA_STATE,,,,,0,,CURRENT_MONTH,CANCELLATION,RCL,4,true,true,false,75d3cb48-166b-40b3-afc9-70c270b594d4,LEAD_STATUS_PURCHASED,2310784,chrg_68u79xo1wznh5f57m2o,1,paid,MOTOR_TYPE_1,true,L80236849,L80236849-V1,1,2026-08-29 07:00:27,2026-08-29,SAP_PAYMENT_DATE_FOR_CANCELLED_DOCUMENT,,INSTALLMENT,RABBIT_CARE_INSTALLMENT,,products/car-insurance,chrg_68u79xo1wznh5f57m2o,,CANCEL_STATUS_NOT_APPLIED,MISSING_TERMINAL_SAP_EVIDENCE,8,2595.28,2026-08-29,1,1,paid,2026-08-31 00:00:00,RABBIT_LENDING,6,ITEM_SUBMISSION_STATUS_SUBMITTED,0,,1afd39dd-cfb0-45a0-9995-b05530a7c6e9,,,true,true,Two live cancel producers checked; output membership does not prove export or import.
CANCEL_SAP_DOCUMENT,DOCUMENT_STATE_ONLY,ITEM_APPROVAL_STATUS_POLICY_UPLOADED,2026-09-26 16:06:06,2026-10-01,2026-09-01,Motor,2026-09-25,2310785,2026-09-25 15:42:33,[null],6,OBSERVED_DATA_STATE,,,,,0,,CURRENT_MONTH,CANCELLATION,RCL,5,true,true,false,75d3cb48-166b-40b3-afc9-70c270b594d4,LEAD_STATUS_PURCHASED,2310785,,1,pending,MOTOR_TYPE_1,true,L80236849,L80236849-V1,1,2026-08-29 07:00:27,,SAP_PAYMENT_DATE_FOR_CANCELLED_DOCUMENT,,INSTALLMENT,RABBIT_CARE_INSTALLMENT,,products/car-insurance,,,CANCEL_STATUS_NOT_APPLIED,MISSING_TERMINAL_SAP_EVIDENCE,8,0.0,,0,1,pending,2026-08-31 00:00:00,RABBIT_LENDING,6,ITEM_SUBMISSION_STATUS_SUBMITTED,0,,1afd39dd-cfb0-45a0-9995-b05530a7c6e9,,,true,true,Two live cancel producers checked; output membership does not prove export or import.
CANCEL_SAP_DOCUMENT,DOCUMENT_STATE_ONLY,ITEM_APPROVAL_STATUS_POLICY_UPLOADED,2026-09-26 16:06:06,2026-10-01,2026-09-01,Motor,2026-09-25,2310786,2026-09-25 15:42:33,[null],6,OBSERVED_DATA_STATE,,,,,0,,CURRENT_MONTH,CANCELLATION,RCL,6,true,true,false,75d3cb48-166b-40b3-afc9-70c270b594d4,LEAD_STATUS_PURCHASED,2310786,,1,pending,MOTOR_TYPE_1,true,L80236849,L80236849-V1,1,2026-08-29 07:00:27,,SAP_PAYMENT_DATE_FOR_CANCELLED_DOCUMENT,,INSTALLMENT,RABBIT_CARE_INSTALLMENT,,products/car-insurance,,,CANCEL_STATUS_NOT_APPLIED,MISSING_TERMINAL_SAP_EVIDENCE,8,0.0,,0,1,pending,2026-08-31 00:00:00,RABBIT_LENDING,6,ITEM_SUBMISSION_STATUS_SUBMITTED,0,,1afd39dd-cfb0-45a0-9995-b05530a7c6e9,,,true,true,Two live cancel producers checked; output membership does not prove export or import.
CANCEL_SAP_DOCUMENT,DOCUMENT_STATE_ONLY,ITEM_APPROVAL_STATUS_POLICY_UPLOADED,2026-09-26 16:06:06,2026-10-01,2026-09-01,Motor,2026-09-17,2340288,2026-09-17 15:31:18,"[""chrg_68l773c54oac8mqzy9g""]",10,OBSERVED_DATA_STATE,,,,,0,,CURRENT_MONTH,CANCELLATION,RCL,2,true,true,false,2d4a8986-68fe-480c-b09a-12ea118bbd84,LEAD_STATUS_PURCHASED,2340288,chrg_68l773c54oac8mqzy9g,1,paid,MOTOR_TYPE_1,true,L80326899,L80326899-V1,1,2026-08-06 06:37:58,2026-08-06,SAP_PAYMENT_DATE_FOR_CANCELLED_DOCUMENT,,INSTALLMENT,RABBIT_CARE_INSTALLMENT,,products/car-insurance,chrg_68l773c54oac8mqzy9g,,CANCEL_STATUS_NOT_APPLIED,MISSING_TERMINAL_SAP_EVIDENCE,11,1420.0,2026-08-06,1,1,paid,2026-08-21 00:00:00,RABBIT_LENDING,10,ITEM_SUBMISSION_STATUS_SUBMITTED,0,,63e13c3b-dab0-4574-a90d-07808f4009ce,,,true,true,Two live cancel producers checked; output membership does not prove export or import.
CANCEL_SAP_DOCUMENT,DOCUMENT_STATE_ONLY,ITEM_APPROVAL_STATUS_POLICY_UPLOADED,2026-09-26 16:06:06,2026-10-01,2026-09-01,Motor,2026-09-17,2340289,2026-09-17 15:31:18,[null],10,OBSERVED_DATA_STATE,,,,,0,,CURRENT_MONTH,CANCELLATION,RCL,3,true,true,false,2d4a8986-68fe-480c-b09a-12ea118bbd84,LEAD_STATUS_PURCHASED,2340289,,1,pending,MOTOR_TYPE_1,true,L80326899,L80326899-V1,1,2026-08-06 06:37:58,,SAP_PAYMENT_DATE_FOR_CANCELLED_DOCUMENT,,INSTALLMENT,RABBIT_CARE_INSTALLMENT,,products/car-insurance,,,CANCEL_STATUS_NOT_APPLIED,MISSING_TERMINAL_SAP_EVIDENCE,11,0.0,,0,1,pending,2026-08-21 00:00:00,RABBIT_LENDING,10,ITEM_SUBMISSION_STATUS_SUBMITTED,0,,63e13c3b-dab0-4574-a90d-07808f4009ce,,,true,true,Two live cancel producers checked; output membership does not prove export or import.
CANCEL_SAP_DOCUMENT,DOCUMENT_STATE_ONLY,ITEM_APPROVAL_STATUS_POLICY_UPLOADED,2026-09-26 16:06:06,2026-10-01,2026-09-01,Motor,2026-09-17,2340290,2026-09-17 15:31:18,[null],10,OBSERVED_DATA_STATE,,,,,0,,CURRENT_MONTH,CANCELLATION,RCL,4,true,true,false,2d4a8986-68fe-480c-b09a-12ea118bbd84,LEAD_STATUS_PURCHASED,2340290,,1,pending,MOTOR_TYPE_1,true,L80326899,L80326899-V1,1,2026-08-06 06:37:58,,SAP_PAYMENT_DATE_FOR_CANCELLED_DOCUMENT,,INSTALLMENT,RABBIT_CARE_INSTALLMENT,,products/car-insurance,,,CANCEL_STATUS_NOT_APPLIED,MISSING_TERMINAL_SAP_EVIDENCE,11,0.0,,0,1,pending,2026-08-21 00:00:00,RABBIT_LENDING,10,ITEM_SUBMISSION_STATUS_SUBMITTED,0,,63e13c3b-dab0-4574-a90d-07808f4009ce,,,true,true,Two live cancel producers checked; output membership does not prove export or import.
CANCEL_SAP_DOCUMENT,DOCUMENT_STATE_ONLY,ITEM_APPROVAL_STATUS_POLICY_UPLOADED,2026-09-26 16:06:06,2026-10-01,2026-09-01,Motor,2026-09-17,2340291,2026-09-17 15:31:18,[null],10,OBSERVED_DATA_STATE,,,,,0,,CURRENT_MONTH,CANCELLATION,RCL,5,true,true,false,2d4a8986-68fe-480c-b09a-12ea118bbd84,LEAD_STATUS_PURCHASED,2340291,,1,pending,MOTOR_TYPE_1,true,L80326899,L80326899-V1,1,2026-08-06 06:37:58,,SAP_PAYMENT_DATE_FOR_CANCELLED_DOCUMENT,,INSTALLMENT,RABBIT_CARE_INSTALLMENT,,products/car-insurance,,,CANCEL_STATUS_NOT_APPLIED,MISSING_TERMINAL_SAP_EVIDENCE,11,0.0,,0,1,pending,2026-08-21 00:00:00,RABBIT_LENDING,10,ITEM_SUBMISSION_STATUS_SUBMITTED,0,,63e13c3b-dab0-4574-a90d-07808f4009ce,,,true,true,Two live cancel producers checked; output membership does not prove export or import.
CANCEL_SAP_DOCUMENT,DOCUMENT_STATE_ONLY,ITEM_APPROVAL_STATUS_POLICY_UPLOADED,2026-09-26 16:06:06,2026-10-01,2026-09-01,Motor,2026-09-17,2340292,2026-09-17 15:31:18,[null],10,OBSERVED_DATA_STATE,,,,,0,,CURRENT_MONTH,CANCELLATION,RCL,6,true,true,false,2d4a8986-68fe-480c-b09a-12ea118bbd84,LEAD_STATUS_PURCHASED,2340292,,1,pending,MOTOR_TYPE_1,true,L80326899,L80326899-V1,1,2026-08-06 06:37:58,,SAP_PAYMENT_DATE_FOR_CANCELLED_DOCUMENT,,INSTALLMENT,RABBIT_CARE_INSTALLMENT,,products/car-insurance,,,CANCEL_STATUS_NOT_APPLIED,MISSING_TERMINAL_SAP_EVIDENCE,11,0.0,,0,1,pending,2026-08-21 00:00:00,RABBIT_LENDING,10,ITEM_SUBMISSION_STATUS_SUBMITTED,0,,63e13c3b-dab0-4574-a90d-07808f4009ce,,,true,true,Two live cancel producers checked; output membership does not prove export or import.
CANCEL_SAP_DOCUMENT,DOCUMENT_STATE_ONLY,ITEM_APPROVAL_STATUS_POLICY_UPLOADED,2026-09-26 16:06:06,2026-10-01,2026-09-01,Motor,2026-09-17,2340293,2026-09-17 15:31:18,[null],10,OBSERVED_DATA_STATE,,,,,0,,CURRENT_MONTH,CANCELLATION,RCL,7,true,true,false,2d4a8986-68fe-480c-b09a-12ea118bbd84,LEAD_STATUS_PURCHASED,2340293,,1,pending,MOTOR_TYPE_1,true,L80326899,L80326899-V1,1,2026-08-06 06:37:58,,SAP_PAYMENT_DATE_FOR_CANCELLED_DOCUMENT,,INSTALLMENT,RABBIT_CARE_INSTALLMENT,,products/car-insurance,,,CANCEL_STATUS_NOT_APPLIED,MISSING_TERMINAL_SAP_EVIDENCE,11,0.0,,0,1,pending,2026-08-21 00:00:00,RABBIT_LENDING,10,ITEM_SUBMISSION_STATUS_SUBMITTED,0,,63e13c3b-dab0-4574-a90d-07808f4009ce,,,true,true,Two live cancel producers checked; output membership does not prove export or import.
CANCEL_SAP_DOCUMENT,DOCUMENT_STATE_ONLY,ITEM_APPROVAL_STATUS_POLICY_UPLOADED,2026-09-26 16:06:06,2026-10-01,2026-09-01,Motor,2026-09-17,2340294,2026-09-17 15:31:18,[null],10,OBSERVED_DATA_STATE,,,,,0,,CURRENT_MONTH,CANCELLATION,RCL,8,true,true,false,2d4a8986-68fe-480c-b09a-12ea118bbd84,LEAD_STATUS_PURCHASED,2340294,,1,pending,MOTOR_TYPE_1,true,L80326899,L80326899-V1,1,2026-08-06 06:37:58,,SAP_PAYMENT_DATE_FOR_CANCELLED_DOCUMENT,,INSTALLMENT,RABBIT_CARE_INSTALLMENT,,products/car-insurance,,,CANCEL_STATUS_NOT_APPLIED,MISSING_TERMINAL_SAP_EVIDENCE,11,0.0,,0,1,pending,2026-08-21 00:00:00,RABBIT_LENDING,10,ITEM_SUBMISSION_STATUS_SUBMITTED,0,,63e13c3b-dab0-4574-a90d-07808f4009ce,,,true,true,Two live cancel producers checked; output membership does not prove export or import.
CANCEL_SAP_DOCUMENT,DOCUMENT_STATE_ONLY,ITEM_APPROVAL_STATUS_POLICY_UPLOADED,2026-09-26 16:06:06,2026-10-01,2026-09-01,Motor,2026-09-17,2340295,2026-09-17 15:31:18,[null],10,OBSERVED_DATA_STATE,,,,,0,,CURRENT_MONTH,CANCELLATION,RCL,9,true,true,false,2d4a8986-68fe-480c-b09a-12ea118bbd84,LEAD_STATUS_PURCHASED,2340295,,1,pending,MOTOR_TYPE_1,true,L80326899,L80326899-V1,1,2026-08-06 06:37:58,,SAP_PAYMENT_DATE_FOR_CANCELLED_DOCUMENT,,INSTALLMENT,RABBIT_CARE_INSTALLMENT,,products/car-insurance,,,CANCEL_STATUS_NOT_APPLIED,MISSING_TERMINAL_SAP_EVIDENCE,11,0.0,,0,1,pending,2026-08-21 00:00:00,RABBIT_LENDING,10,ITEM_SUBMISSION_STATUS_SUBMITTED,0,,63e13c3b-dab0-4574-a90d-07808f4009ce,,,true,true,Two live cancel producers checked; output membership does not prove export or import.
CANCEL_SAP_DOCUMENT,DOCUMENT_STATE_ONLY,ITEM_APPROVAL_STATUS_POLICY_UPLOADED,2026-09-26 16:06:06,2026-10-01,2026-09-01,Motor,2026-09-17,2340296,2026-09-17 15:31:18,[null],10,OBSERVED_DATA_STATE,,,,,0,,CURRENT_MONTH,CANCELLATION,RCL,10,true,true,false,2d4a8986-68fe-480c-b09a-12ea118bbd84,LEAD_STATUS_PURCHASED,2340296,,1,pending,MOTOR_TYPE_1,true,L80326899,L80326899-V1,1,2026-08-06 06:37:58,,SAP_PAYMENT_DATE_FOR_CANCELLED_DOCUMENT,,INSTALLMENT,RABBIT_CARE_INSTALLMENT,,products/car-insurance,,,CANCEL_STATUS_NOT_APPLIED,MISSING_TERMINAL_SAP_EVIDENCE,11,0.0,,0,1,pending,2026-08-21 00:00:00,RABBIT_LENDING,10,ITEM_SUBMISSION_STATUS_SUBMITTED,0,,63e13c3b-dab0-4574-a90d-07808f4009ce,,,true,true,Two live cancel producers checked; output membership does not prove export or import.
CANCEL_SAP_DOCUMENT,DOCUMENT_STATE_ONLY,ITEM_APPROVAL_STATUS_POLICY_UPLOADED,2026-09-26 16:06:06,2026-10-01,2026-09-01,NonMotor,2026-09-21,2372758,2026-09-21 10:49:12,"[""chrg_68o2sdqk2gn9wymufez""]",10,OBSERVED_DATA_STATE,,,,,0,,CURRENT_MONTH,CANCELLATION,RCL,2,true,true,false,bc033815-e0b7-4542-81b0-188c01865cf7,,2372758,chrg_68o2sdqk2gn9wymufez,1,paid,,true,L80421949,L80421949-1,1,2026-08-13 15:10:44,2026-08-13,SAP_PAYMENT_DATE_FOR_CANCELLED_DOCUMENT,,INSTALLMENT,RABBIT_CARE_INSTALLMENT,,products/health-insurance,chrg_68o2sdqk2gn9wymufez,,CANCEL_STATUS_NOT_APPLIED,MISSING_TERMINAL_SAP_EVIDENCE,11,2950.0,2026-08-13,1,1,paid,2026-08-15 00:00:00,RABBIT_LENDING,10,ITEM_SUBMISSION_STATUS_SUBMITTED,0,,11231318-3d56-4a75-8492-c389f2a927f0,,,true,true,Two live cancel producers checked; output membership does not prove export or import.
CANCEL_SAP_DOCUMENT,DOCUMENT_STATE_ONLY,ITEM_APPROVAL_STATUS_POLICY_UPLOADED,2026-09-26 16:06:06,2026-10-01,2026-09-01,NonMotor,2026-09-21,2372759,2026-09-21 10:49:12,[null],10,OBSERVED_DATA_STATE,,,,,0,,CURRENT_MONTH,CANCELLATION,RCL,3,true,true,false,bc033815-e0b7-4542-81b0-188c01865cf7,,2372759,,1,pending,,true,L80421949,L80421949-1,1,2026-08-13 15:10:44,,SAP_PAYMENT_DATE_FOR_CANCELLED_DOCUMENT,,INSTALLMENT,RABBIT_CARE_INSTALLMENT,,products/health-insurance,,,CANCEL_STATUS_NOT_APPLIED,MISSING_TERMINAL_SAP_EVIDENCE,11,2950.0,,0,1,pending,2026-08-15 00:00:00,RABBIT_LENDING,10,ITEM_SUBMISSION_STATUS_SUBMITTED,0,,11231318-3d56-4a75-8492-c389f2a927f0,,,true,true,Two live cancel producers checked; output membership does not prove export or import.
CANCEL_SAP_DOCUMENT,DOCUMENT_STATE_ONLY,ITEM_APPROVAL_STATUS_POLICY_UPLOADED,2026-09-26 16:06:06,2026-10-01,2026-09-01,NonMotor,2026-09-21,2372760,2026-09-21 10:49:12,[null],10,OBSERVED_DATA_STATE,,,,,0,,CURRENT_MONTH,CANCELLATION,RCL,4,true,true,false,bc033815-e0b7-4542-81b0-188c01865cf7,,2372760,,1,pending,,true,L80421949,L80421949-1,1,2026-08-13 15:10:44,,SAP_PAYMENT_DATE_FOR_CANCELLED_DOCUMENT,,INSTALLMENT,RABBIT_CARE_INSTALLMENT,,products/health-insurance,,,CANCEL_STATUS_NOT_APPLIED,MISSING_TERMINAL_SAP_EVIDENCE,11,2950.0,,0,1,pending,2026-08-15 00:00:00,RABBIT_LENDING,10,ITEM_SUBMISSION_STATUS_SUBMITTED,0,,11231318-3d56-4a75-8492-c389f2a927f0,,,true,true,Two live cancel producers checked; output membership does not prove export or import.
CANCEL_SAP_DOCUMENT,DOCUMENT_STATE_ONLY,ITEM_APPROVAL_STATUS_POLICY_UPLOADED,2026-09-26 16:06:06,2026-10-01,2026-09-01,NonMotor,2026-09-21,2372761,2026-09-21 10:49:12,[null],10,OBSERVED_DATA_STATE,,,,,0,,CURRENT_MONTH,CANCELLATION,RCL,5,true,true,false,bc033815-e0b7-4542-81b0-188c01865cf7,,2372761,,1,pending,,true,L80421949,L80421949-1,1,2026-08-13 15:10:44,,SAP_PAYMENT_DATE_FOR_CANCELLED_DOCUMENT,,INSTALLMENT,RABBIT_CARE_INSTALLMENT,,products/health-insurance,,,CANCEL_STATUS_NOT_APPLIED,MISSING_TERMINAL_SAP_EVIDENCE,11,2950.0,,0,1,pending,2026-08-15 00:00:00,RABBIT_LENDING,10,ITEM_SUBMISSION_STATUS_SUBMITTED,0,,11231318-3d56-4a75-8492-c389f2a927f0,,,true,true,Two live cancel producers checked; output membership does not prove export or import.
CANCEL_SAP_DOCUMENT,DOCUMENT_STATE_ONLY,ITEM_APPROVAL_STATUS_POLICY_UPLOADED,2026-09-26 16:06:06,2026-10-01,2026-09-01,NonMotor,2026-09-21,2372762,2026-09-21 10:49:12,[null],10,OBSERVED_DATA_STATE,,,,,0,,CURRENT_MONTH,CANCELLATION,RCL,6,true,true,false,bc033815-e0b7-4542-81b0-188c01865cf7,,2372762,,1,pending,,true,L80421949,L80421949-1,1,2026-08-13 15:10:44,,SAP_PAYMENT_DATE_FOR_CANCELLED_DOCUMENT,,INSTALLMENT,RABBIT_CARE_INSTALLMENT,,products/health-insurance,,,CANCEL_STATUS_NOT_APPLIED,MISSING_TERMINAL_SAP_EVIDENCE,11,2950.0,,0,1,pending,2026-08-15 00:00:00,RABBIT_LENDING,10,ITEM_SUBMISSION_STATUS_SUBMITTED,0,,11231318-3d56-4a75-8492-c389f2a927f0,,,true,true,Two live cancel producers checked; output membership does not prove export or import.
CANCEL_SAP_DOCUMENT,DOCUMENT_STATE_ONLY,ITEM_APPROVAL_STATUS_POLICY_UPLOADED,2026-09-26 16:06:06,2026-10-01,2026-09-01,NonMotor,2026-09-21,2372763,2026-09-21 10:49:12,[null],10,OBSERVED_DATA_STATE,,,,,0,,CURRENT_MONTH,CANCELLATION,RCL,7,true,true,false,bc033815-e0b7-4542-81b0-188c01865cf7,,2372763,,1,pending,,true,L80421949,L80421949-1,1,2026-08-13 15:10:44,,SAP_PAYMENT_DATE_FOR_CANCELLED_DOCUMENT,,INSTALLMENT,RABBIT_CARE_INSTALLMENT,,products/health-insurance,,,CANCEL_STATUS_NOT_APPLIED,MISSING_TERMINAL_SAP_EVIDENCE,11,2950.0,,0,1,pending,2026-08-15 00:00:00,RABBIT_LENDING,10,ITEM_SUBMISSION_STATUS_SUBMITTED,0,,11231318-3d56-4a75-8492-c389f2a927f0,,,true,true,Two live cancel producers checked; output membership does not prove export or import.
CANCEL_SAP_DOCUMENT,DOCUMENT_STATE_ONLY,ITEM_APPROVAL_STATUS_POLICY_UPLOADED,2026-09-26 16:06:06,2026-10-01,2026-09-01,NonMotor,2026-09-21,2372764,2026-09-21 10:49:12,[null],10,OBSERVED_DATA_STATE,,,,,0,,CURRENT_MONTH,CANCELLATION,RCL,8,true,true,false,bc033815-e0b7-4542-81b0-188c01865cf7,,2372764,,1,pending,,true,L80421949,L80421949-1,1,2026-08-13 15:10:44,,SAP_PAYMENT_DATE_FOR_CANCELLED_DOCUMENT,,INSTALLMENT,RABBIT_CARE_INSTALLMENT,,products/health-insurance,,,CANCEL_STATUS_NOT_APPLIED,MISSING_TERMINAL_SAP_EVIDENCE,11,2950.0,,0,1,pending,2026-08-15 00:00:00,RABBIT_LENDING,10,ITEM_SUBMISSION_STATUS_SUBMITTED,0,,11231318-3d56-4a75-8492-c389f2a927f0,,,true,true,Two live cancel producers checked; output membership does not prove export or import.
CANCEL_SAP_DOCUMENT,DOCUMENT_STATE_ONLY,ITEM_APPROVAL_STATUS_POLICY_UPLOADED,2026-09-26 16:06:06,2026-10-01,2026-09-01,NonMotor,2026-09-21,2372765,2026-09-21 10:49:12,[null],10,OBSERVED_DATA_STATE,,,,,0,,CURRENT_MONTH,CANCELLATION,RCL,9,true,true,false,bc033815-e0b7-4542-81b0-188c01865cf7,,2372765,,1,pending,,true,L80421949,L80421949-1,1,2026-08-13 15:10:44,,SAP_PAYMENT_DATE_FOR_CANCELLED_DOCUMENT,,INSTALLMENT,RABBIT_CARE_INSTALLMENT,,products/health-insurance,,,CANCEL_STATUS_NOT_APPLIED,MISSING_TERMINAL_SAP_EVIDENCE,11,2950.0,,0,1,pending,2026-08-15 00:00:00,RABBIT_LENDING,10,ITEM_SUBMISSION_STATUS_SUBMITTED,0,,11231318-3d56-4a75-8492-c389f2a927f0,,,true,true,Two live cancel producers checked; output membership does not prove export or import.
CANCEL_SAP_DOCUMENT,DOCUMENT_STATE_ONLY,ITEM_APPROVAL_STATUS_POLICY_UPLOADED,2026-09-26 16:06:06,2026-10-01,2026-09-01,NonMotor,2026-09-21,2372766,2026-09-21 10:49:12,[null],10,OBSERVED_DATA_STATE,,,,,0,,CURRENT_MONTH,CANCELLATION,RCL,10,true,true,false,bc033815-e0b7-4542-81b0-188c01865cf7,,2372766,,1,pending,,true,L80421949,L80421949-1,1,2026-08-13 15:10:44,,SAP_PAYMENT_DATE_FOR_CANCELLED_DOCUMENT,,INSTALLMENT,RABBIT_CARE_INSTALLMENT,,products/health-insurance,,,CANCEL_STATUS_NOT_APPLIED,MISSING_TERMINAL_SAP_EVIDENCE,11,2950.0,,0,1,pending,2026-08-15 00:00:00,RABBIT_LENDING,10,ITEM_SUBMISSION_STATUS_SUBMITTED,0,,11231318-3d56-4a75-8492-c389f2a927f0,,,true,true,Two live cancel producers checked; output membership does not prove export or import.
CANCEL_SAP_DOCUMENT,DOCUMENT_STATE_ONLY,ITEM_APPROVAL_STATUS_POLICY_UPLOADED,2026-09-26 16:06:06,2026-10-01,2026-09-01,Motor,2026-09-01,2392450,2026-09-01 16:52:11,[null],10,OBSERVED_DATA_STATE,,,,,0,,CURRENT_MONTH,CANCELLATION,RCL,2,true,true,false,c9300059-f12b-4b8f-a977-56926bd0b797,LEAD_STATUS_PURCHASED,2392450,,1,pending,MOTOR_TYPE_1,true,L80489632,L80489632-V1,1,2026-07-21 10:15:11,,SAP_PAYMENT_DATE_FOR_CANCELLED_DOCUMENT,,INSTALLMENT,RABBIT_CARE_INSTALLMENT,,products/car-insurance,,,CANCEL_STATUS_NOT_APPLIED,MISSING_TERMINAL_SAP_EVIDENCE,11,3450.0,,0,1,pending,2026-07-24 00:00:00,RABBIT_LENDING,10,ITEM_SUBMISSION_STATUS_SUBMITTED,0,,892ec461-5766-4ae6-9c11-56f8cf332855,,,true,true,Two live cancel producers checked; output membership does not prove export or import.
CANCEL_SAP_DOCUMENT,DOCUMENT_STATE_ONLY,ITEM_APPROVAL_STATUS_POLICY_UPLOADED,2026-09-26 16:06:06,2026-10-01,2026-09-01,Motor,2026-09-01,2392451,2026-09-01 16:52:11,[null],10,OBSERVED_DATA_STATE,,,,,0,,CURRENT_MONTH,CANCELLATION,RCL,3,true,true,false,c9300059-f12b-4b8f-a977-56926bd0b797,LEAD_STATUS_PURCHASED,2392451,,1,pending,MOTOR_TYPE_1,true,L80489632,L80489632-V1,1,2026-07-21 10:15:11,,SAP_PAYMENT_DATE_FOR_CANCELLED_DOCUMENT,,INSTALLMENT,RABBIT_CARE_INSTALLMENT,,products/car-insurance,,,CANCEL_STATUS_NOT_APPLIED,MISSING_TERMINAL_SAP_EVIDENCE,11,3450.0,,0,1,pending,2026-07-24 00:00:00,RABBIT_LENDING,10,ITEM_SUBMISSION_STATUS_SUBMITTED,0,,892ec461-5766-4ae6-9c11-56f8cf332855,,,true,true,Two live cancel producers checked; output membership does not prove export or import.
CANCEL_SAP_DOCUMENT,DOCUMENT_STATE_ONLY,ITEM_APPROVAL_STATUS_POLICY_UPLOADED,2026-09-26 16:06:06,2026-10-01,2026-09-01,Motor,2026-09-01,2392452,2026-09-01 16:52:11,[null],10,OBSERVED_DATA_STATE,,,,,0,,CURRENT_MONTH,CANCELLATION,RCL,4,true,true,false,c9300059-f12b-4b8f-a977-56926bd0b797,LEAD_STATUS_PURCHASED,2392452,,1,pending,MOTOR_TYPE_1,true,L80489632,L80489632-V1,1,2026-07-21 10:15:11,,SAP_PAYMENT_DATE_FOR_CANCELLED_DOCUMENT,,INSTALLMENT,RABBIT_CARE_INSTALLMENT,,products/car-insurance,,,CANCEL_STATUS_NOT_APPLIED,MISSING_TERMINAL_SAP_EVIDENCE,11,3450.0,,0,1,pending,2026-07-24 00:00:00,RABBIT_LENDING,10,ITEM_SUBMISSION_STATUS_SUBMITTED,0,,892ec461-5766-4ae6-9c11-56f8cf332855,,,true,true,Two live cancel producers checked; output membership does not prove export or import.
CANCEL_SAP_DOCUMENT,DOCUMENT_STATE_ONLY,ITEM_APPROVAL_STATUS_POLICY_UPLOADED,2026-09-26 16:06:06,2026-10-01,2026-09-01,Motor,2026-09-01,2392453,2026-09-01 16:52:11,[null],10,OBSERVED_DATA_STATE,,,,,0,,CURRENT_MONTH,CANCELLATION,RCL,5,true,true,false,c9300059-f12b-4b8f-a977-56926bd0b797,LEAD_STATUS_PURCHASED,2392453,,1,pending,MOTOR_TYPE_1,true,L80489632,L80489632-V1,1,2026-07-21 10:15:11,,SAP_PAYMENT_DATE_FOR_CANCELLED_DOCUMENT,,INSTALLMENT,RABBIT_CARE_INSTALLMENT,,products/car-insurance,,,CANCEL_STATUS_NOT_APPLIED,MISSING_TERMINAL_SAP_EVIDENCE,11,3450.0,,0,1,pending,2026-07-24 00:00:00,RABBIT_LENDING,10,ITEM_SUBMISSION_STATUS_SUBMITTED,0,,892ec461-5766-4ae6-9c11-56f8cf332855,,,true,true,Two live cancel producers checked; output membership does not prove export or import.
CANCEL_SAP_DOCUMENT,DOCUMENT_STATE_ONLY,ITEM_APPROVAL_STATUS_POLICY_UPLOADED,2026-09-26 16:06:06,2026-10-01,2026-09-01,Motor,2026-09-01,2392454,2026-09-01 16:52:11,[null],10,OBSERVED_DATA_STATE,,,,,0,,CURRENT_MONTH,CANCELLATION,RCL,6,true,true,false,c9300059-f12b-4b8f-a977-56926bd0b797,LEAD_STATUS_PURCHASED,2392454,,1,pending,MOTOR_TYPE_1,true,L80489632,L80489632-V1,1,2026-07-21 10:15:11,,SAP_PAYMENT_DATE_FOR_CANCELLED_DOCUMENT,,INSTALLMENT,RABBIT_CARE_INSTALLMENT,,products/car-insurance,,,CANCEL_STATUS_NOT_APPLIED,MISSING_TERMINAL_SAP_EVIDENCE,11,3450.0,,0,1,pending,2026-07-24 00:00:00,RABBIT_LENDING,10,ITEM_SUBMISSION_STATUS_SUBMITTED,0,,892ec461-5766-4ae6-9c11-56f8cf332855,,,true,true,Two live cancel producers checked; output membership does not prove export or import.
CANCEL_SAP_DOCUMENT,DOCUMENT_STATE_ONLY,ITEM_APPROVAL_STATUS_POLICY_UPLOADED,2026-09-26 16:06:06,2026-10-01,2026-09-01,Motor,2026-09-01,2392455,2026-09-01 16:52:11,[null],10,OBSERVED_DATA_STATE,,,,,0,,CURRENT_MONTH,CANCELLATION,RCL,7,true,true,false,c9300059-f12b-4b8f-a977-56926bd0b797,LEAD_STATUS_PURCHASED,2392455,,1,pending,MOTOR_TYPE_1,true,L80489632,L80489632-V1,1,2026-07-21 10:15:11,,SAP_PAYMENT_DATE_FOR_CANCELLED_DOCUMENT,,INSTALLMENT,RABBIT_CARE_INSTALLMENT,,products/car-insurance,,,CANCEL_STATUS_NOT_APPLIED,MISSING_TERMINAL_SAP_EVIDENCE,11,3450.0,,0,1,pending,2026-07-24 00:00:00,RABBIT_LENDING,10,ITEM_SUBMISSION_STATUS_SUBMITTED,0,,892ec461-5766-4ae6-9c11-56f8cf332855,,,true,true,Two live cancel producers checked; output membership does not prove export or import.
CANCEL_SAP_DOCUMENT,DOCUMENT_STATE_ONLY,ITEM_APPROVAL_STATUS_POLICY_UPLOADED,2026-09-26 16:06:06,2026-10-01,2026-09-01,Motor,2026-09-01,2392456,2026-09-01 16:52:11,[null],10,OBSERVED_DATA_STATE,,,,,0,,CURRENT_MONTH,CANCELLATION,RCL,8,true,true,false,c9300059-f12b-4b8f-a977-56926bd0b797,LEAD_STATUS_PURCHASED,2392456,,1,pending,MOTOR_TYPE_1,true,L80489632,L80489632-V1,1,2026-07-21 10:15:11,,SAP_PAYMENT_DATE_FOR_CANCELLED_DOCUMENT,,INSTALLMENT,RABBIT_CARE_INSTALLMENT,,products/car-insurance,,,CANCEL_STATUS_NOT_APPLIED,MISSING_TERMINAL_SAP_EVIDENCE,11,3450.0,,0,1,pending,2026-07-24 00:00:00,RABBIT_LENDING,10,ITEM_SUBMISSION_STATUS_SUBMITTED,0,,892ec461-5766-4ae6-9c11-56f8cf332855,,,true,true,Two live cancel producers checked; output membership does not prove export or import.
CANCEL_SAP_DOCUMENT,DOCUMENT_STATE_ONLY,ITEM_APPROVAL_STATUS_POLICY_UPLOADED,2026-09-26 16:06:06,2026-10-01,2026-09-01,Motor,2026-09-01,2392457,2026-09-01 16:52:11,[null],10,OBSERVED_DATA_STATE,,,,,0,,CURRENT_MONTH,CANCELLATION,RCL,9,true,true,false,c9300059-f12b-4b8f-a977-56926bd0b797,LEAD_STATUS_PURCHASED,2392457,,1,pending,MOTOR_TYPE_1,true,L80489632,L80489632-V1,1,2026-07-21 10:15:11,,SAP_PAYMENT_DATE_FOR_CANCELLED_DOCUMENT,,INSTALLMENT,RABBIT_CARE_INSTALLMENT,,products/car-insurance,,,CANCEL_STATUS_NOT_APPLIED,MISSING_TERMINAL_SAP_EVIDENCE,11,3450.0,,0,1,pending,2026-07-24 00:00:00,RABBIT_LENDING,10,ITEM_SUBMISSION_STATUS_SUBMITTED,0,,892ec461-5766-4ae6-9c11-56f8cf332855,,,true,true,Two live cancel producers checked; output membership does not prove export or import.
CANCEL_SAP_DOCUMENT,DOCUMENT_STATE_ONLY,ITEM_APPROVAL_STATUS_POLICY_UPLOADED,2026-09-26 16:06:06,2026-10-01,2026-09-01,Motor,2026-09-01,2392458,2026-09-01 16:52:11,[null],10,OBSERVED_DATA_STATE,,,,,0,,CURRENT_MONTH,CANCELLATION,RCL,10,true,true,false,c9300059-f12b-4b8f-a977-56926bd0b797,LEAD_STATUS_PURCHASED,2392458,,1,pending,MOTOR_TYPE_1,true,L80489632,L80489632-V1,1,2026-07-21 10:15:11,,SAP_PAYMENT_DATE_FOR_CANCELLED_DOCUMENT,,INSTALLMENT,RABBIT_CARE_INSTALLMENT,,products/car-insurance,,,CANCEL_STATUS_NOT_APPLIED,MISSING_TERMINAL_SAP_EVIDENCE,11,3450.0,,0,1,pending,2026-07-24 00:00:00,RABBIT_LENDING,10,ITEM_SUBMISSION_STATUS_SUBMITTED,0,,892ec461-5766-4ae6-9c11-56f8cf332855,,,true,true,Two live cancel producers checked; output membership does not prove export or import.
CANCEL_SAP_DOCUMENT,DOCUMENT_STATE_ONLY,ITEM_APPROVAL_STATUS_POLICY_UPLOADED,2026-09-26 16:06:06,2026-10-01,2026-09-01,NonMotor,2026-09-10,2402578,2026-09-10 16:56:05,[null],3,OBSERVED_DATA_STATE,,,,,0,,CURRENT_MONTH,CANCELLATION,RCL,2,true,true,false,71ca919e-29fb-4a4a-a85f-9b89a51cdc9a,,2402578,,1,pending,,true,L80517642,L80517642-1,1,2026-06-08 10:59:09,,SAP_PAYMENT_DATE_FOR_CANCELLED_DOCUMENT,,INSTALLMENT,RABBIT_CARE_INSTALLMENT,,products/health-insurance,,,CANCEL_STATUS_NOT_APPLIED,MISSING_TERMINAL_SAP_EVIDENCE,4,1074.28,,0,1,pending,2026-08-01 00:00:00,RABBIT_LENDING,3,ITEM_SUBMISSION_STATUS_SUBMITTED,0,,f91dc989-846a-421a-9888-1cc86f8b004c,,,true,true,Two live cancel producers checked; output membership does not prove export or import.
CANCEL_SAP_DOCUMENT,DOCUMENT_STATE_ONLY,ITEM_APPROVAL_STATUS_POLICY_UPLOADED,2026-09-26 16:06:06,2026-10-01,2026-09-01,NonMotor,2026-09-10,2402579,2026-09-10 16:56:05,[null],3,OBSERVED_DATA_STATE,,,,,0,,CURRENT_MONTH,CANCELLATION,RCL,3,true,true,false,71ca919e-29fb-4a4a-a85f-9b89a51cdc9a,,2402579,,1,pending,,true,L80517642,L80517642-1,1,2026-06-08 10:59:09,,SAP_PAYMENT_DATE_FOR_CANCELLED_DOCUMENT,,INSTALLMENT,RABBIT_CARE_INSTALLMENT,,products/health-insurance,,,CANCEL_STATUS_NOT_APPLIED,MISSING_TERMINAL_SAP_EVIDENCE,4,1074.28,,0,1,pending,2026-08-01 00:00:00,RABBIT_LENDING,3,ITEM_SUBMISSION_STATUS_SUBMITTED,0,,f91dc989-846a-421a-9888-1cc86f8b004c,,,true,true,Two live cancel producers checked; output membership does not prove export or import.
CANCEL_SAP_DOCUMENT,DOCUMENT_STATE_ONLY,ITEM_APPROVAL_STATUS_PENDING,2026-09-26 16:06:06,2026-10-01,2026-09-01,NonMotor,2026-09-25,2506278,2026-09-25 10:06:42,"[""chrg_693n9lnwwxyzzm53a56""]",10,OBSERVED_DATA_STATE,,,,,0,,CURRENT_MONTH,CANCELLATION,RCL,1,true,false,false,68932a19-de6e-4df1-9356-095430941e3a,,2506278,chrg_693n9lnwwxyzzm53a56,1,paid,,true,L80739999,L80739999-1,1,2026-09-22 14:12:28,2026-09-22,SAP_PAYMENT_DATE_FOR_CANCELLED_DOCUMENT,,INSTALLMENT,RABBIT_CARE_INSTALLMENT,,products/health-insurance,chrg_693n9lnwwxyzzm53a56,,CANCEL_STATUS_NOT_APPLIED,MISSING_TERMINAL_SAP_EVIDENCE,10,1329.0,2026-09-22,1,1,paid,2026-09-26 00:00:00,RABBIT_LENDING,10,ITEM_SUBMISSION_STATUS_PENDING,0,,8755e8b6-9985-4c91-a175-dabc69c16143,,,true,true,Two live cancel producers checked; output membership does not prove export or import.
CANCEL_SAP_DOCUMENT,DOCUMENT_STATE_ONLY,ITEM_APPROVAL_STATUS_PENDING,2026-09-26 16:06:06,2026-10-01,2026-09-01,NonMotor,2026-09-25,2506279,2026-09-25 10:06:42,[null],10,OBSERVED_DATA_STATE,,,,,0,,CURRENT_MONTH,CANCELLATION,RCL,2,true,false,false,68932a19-de6e-4df1-9356-095430941e3a,,2506279,,1,pending,,true,L80739999,L80739999-1,1,2026-09-22 14:12:28,,SAP_PAYMENT_DATE_FOR_CANCELLED_DOCUMENT,,INSTALLMENT,RABBIT_CARE_INSTALLMENT,,products/health-insurance,,,CANCEL_STATUS_NOT_APPLIED,MISSING_TERMINAL_SAP_EVIDENCE,10,1329.0,,0,1,pending,2026-09-26 00:00:00,RABBIT_LENDING,10,ITEM_SUBMISSION_STATUS_PENDING,0,,8755e8b6-9985-4c91-a175-dabc69c16143,,,true,true,Two live cancel producers checked; output membership does not prove export or import.
CANCEL_SAP_DOCUMENT,DOCUMENT_STATE_ONLY,ITEM_APPROVAL_STATUS_PENDING,2026-09-26 16:06:06,2026-10-01,2026-09-01,NonMotor,2026-09-25,2506280,2026-09-25 10:06:42,[null],10,OBSERVED_DATA_STATE,,,,,0,,CURRENT_MONTH,CANCELLATION,RCL,3,true,false,false,68932a19-de6e-4df1-9356-095430941e3a,,2506280,,1,pending,,true,L80739999,L80739999-1,1,2026-09-22 14:12:28,,SAP_PAYMENT_DATE_FOR_CANCELLED_DOCUMENT,,INSTALLMENT,RABBIT_CARE_INSTALLMENT,,products/health-insurance,,,CANCEL_STATUS_NOT_APPLIED,MISSING_TERMINAL_SAP_EVIDENCE,10,1329.0,,0,1,pending,2026-09-26 00:00:00,RABBIT_LENDING,10,ITEM_SUBMISSION_STATUS_PENDING,0,,8755e8b6-9985-4c91-a175-dabc69c16143,,,true,true,Two live cancel producers checked; output membership does not prove export or import.
CANCEL_SAP_DOCUMENT,DOCUMENT_STATE_ONLY,ITEM_APPROVAL_STATUS_PENDING,2026-09-26 16:06:06,2026-10-01,2026-09-01,NonMotor,2026-09-25,2506281,2026-09-25 10:06:42,[null],10,OBSERVED_DATA_STATE,,,,,0,,CURRENT_MONTH,CANCELLATION,RCL,4,true,false,false,68932a19-de6e-4df1-9356-095430941e3a,,2506281,,1,pending,,true,L80739999,L80739999-1,1,2026-09-22 14:12:28,,SAP_PAYMENT_DATE_FOR_CANCELLED_DOCUMENT,,INSTALLMENT,RABBIT_CARE_INSTALLMENT,,products/health-insurance,,,CANCEL_STATUS_NOT_APPLIED,MISSING_TERMINAL_SAP_EVIDENCE,10,1329.0,,0,1,pending,2026-09-26 00:00:00,RABBIT_LENDING,10,ITEM_SUBMISSION_STATUS_PENDING,0,,8755e8b6-9985-4c91-a175-dabc69c16143,,,true,true,Two live cancel producers checked; output membership does not prove export or import.
CANCEL_SAP_DOCUMENT,DOCUMENT_STATE_ONLY,ITEM_APPROVAL_STATUS_PENDING,2026-09-26 16:06:06,2026-10-01,2026-09-01,NonMotor,2026-09-25,2506282,2026-09-25 10:06:42,[null],10,OBSERVED_DATA_STATE,,,,,0,,CURRENT_MONTH,CANCELLATION,RCL,5,true,false,false,68932a19-de6e-4df1-9356-095430941e3a,,2506282,,1,pending,,true,L80739999,L80739999-1,1,2026-09-22 14:12:28,,SAP_PAYMENT_DATE_FOR_CANCELLED_DOCUMENT,,INSTALLMENT,RABBIT_CARE_INSTALLMENT,,products/health-insurance,,,CANCEL_STATUS_NOT_APPLIED,MISSING_TERMINAL_SAP_EVIDENCE,10,1329.0,,0,1,pending,2026-09-26 00:00:00,RABBIT_LENDING,10,ITEM_SUBMISSION_STATUS_PENDING,0,,8755e8b6-9985-4c91-a175-dabc69c16143,,,true,true,Two live cancel producers checked; output membership does not prove export or import.
CANCEL_SAP_DOCUMENT,DOCUMENT_STATE_ONLY,ITEM_APPROVAL_STATUS_PENDING,2026-09-26 16:06:06,2026-10-01,2026-09-01,NonMotor,2026-09-25,2506283,2026-09-25 10:06:42,[null],10,OBSERVED_DATA_STATE,,,,,0,,CURRENT_MONTH,CANCELLATION,RCL,6,true,false,false,68932a19-de6e-4df1-9356-095430941e3a,,2506283,,1,pending,,true,L80739999,L80739999-1,1,2026-09-22 14:12:28,,SAP_PAYMENT_DATE_FOR_CANCELLED_DOCUMENT,,INSTALLMENT,RABBIT_CARE_INSTALLMENT,,products/health-insurance,,,CANCEL_STATUS_NOT_APPLIED,MISSING_TERMINAL_SAP_EVIDENCE,10,1329.0,,0,1,pending,2026-09-26 00:00:00,RABBIT_LENDING,10,ITEM_SUBMISSION_STATUS_PENDING,0,,8755e8b6-9985-4c91-a175-dabc69c16143,,,true,true,Two live cancel producers checked; output membership does not prove export or import.
CANCEL_SAP_DOCUMENT,DOCUMENT_STATE_ONLY,ITEM_APPROVAL_STATUS_PENDING,2026-09-26 16:06:06,2026-10-01,2026-09-01,NonMotor,2026-09-25,2506284,2026-09-25 10:06:42,[null],10,OBSERVED_DATA_STATE,,,,,0,,CURRENT_MONTH,CANCELLATION,RCL,7,true,false,false,68932a19-de6e-4df1-9356-095430941e3a,,2506284,,1,pending,,true,L80739999,L80739999-1,1,2026-09-22 14:12:28,,SAP_PAYMENT_DATE_FOR_CANCELLED_DOCUMENT,,INSTALLMENT,RABBIT_CARE_INSTALLMENT,,products/health-insurance,,,CANCEL_STATUS_NOT_APPLIED,MISSING_TERMINAL_SAP_EVIDENCE,10,1329.0,,0,1,pending,2026-09-26 00:00:00,RABBIT_LENDING,10,ITEM_SUBMISSION_STATUS_PENDING,0,,8755e8b6-9985-4c91-a175-dabc69c16143,,,true,true,Two live cancel producers checked; output membership does not prove export or import.
CANCEL_SAP_DOCUMENT,DOCUMENT_STATE_ONLY,ITEM_APPROVAL_STATUS_PENDING,2026-09-26 16:06:06,2026-10-01,2026-09-01,NonMotor,2026-09-25,2506285,2026-09-25 10:06:42,[null],10,OBSERVED_DATA_STATE,,,,,0,,CURRENT_MONTH,CANCELLATION,RCL,8,true,false,false,68932a19-de6e-4df1-9356-095430941e3a,,2506285,,1,pending,,true,L80739999,L80739999-1,1,2026-09-22 14:12:28,,SAP_PAYMENT_DATE_FOR_CANCELLED_DOCUMENT,,INSTALLMENT,RABBIT_CARE_INSTALLMENT,,products/health-insurance,,,CANCEL_STATUS_NOT_APPLIED,MISSING_TERMINAL_SAP_EVIDENCE,10,1329.0,,0,1,pending,2026-09-26 00:00:00,RABBIT_LENDING,10,ITEM_SUBMISSION_STATUS_PENDING,0,,8755e8b6-9985-4c91-a175-dabc69c16143,,,true,true,Two live cancel producers checked; output membership does not prove export or import.
CANCEL_SAP_DOCUMENT,DOCUMENT_STATE_ONLY,ITEM_APPROVAL_STATUS_PENDING,2026-09-26 16:06:06,2026-10-01,2026-09-01,NonMotor,2026-09-25,2506286,2026-09-25 10:06:42,[null],10,OBSERVED_DATA_STATE,,,,,0,,CURRENT_MONTH,CANCELLATION,RCL,9,true,false,false,68932a19-de6e-4df1-9356-095430941e3a,,2506286,,1,pending,,true,L80739999,L80739999-1,1,2026-09-22 14:12:28,,SAP_PAYMENT_DATE_FOR_CANCELLED_DOCUMENT,,INSTALLMENT,RABBIT_CARE_INSTALLMENT,,products/health-insurance,,,CANCEL_STATUS_NOT_APPLIED,MISSING_TERMINAL_SAP_EVIDENCE,10,1329.0,,0,1,pending,2026-09-26 00:00:00,RABBIT_LENDING,10,ITEM_SUBMISSION_STATUS_PENDING,0,,8755e8b6-9985-4c91-a175-dabc69c16143,,,true,true,Two live cancel producers checked; output membership does not prove export or import.
CANCEL_SAP_DOCUMENT,DOCUMENT_STATE_ONLY,ITEM_APPROVAL_STATUS_PENDING,2026-09-26 16:06:06,2026-10-01,2026-09-01,NonMotor,2026-09-25,2506287,2026-09-25 10:06:42,[null],10,OBSERVED_DATA_STATE,,,,,0,,CURRENT_MONTH,CANCELLATION,RCL,10,true,false,false,68932a19-de6e-4df1-9356-095430941e3a,,2506287,,1,pending,,true,L80739999,L80739999-1,1,2026-09-22 14:12:28,,SAP_PAYMENT_DATE_FOR_CANCELLED_DOCUMENT,,INSTALLMENT,RABBIT_CARE_INSTALLMENT,,products/health-insurance,,,CANCEL_STATUS_NOT_APPLIED,MISSING_TERMINAL_SAP_EVIDENCE,10,1329.0,,0,1,pending,2026-09-26 00:00:00,RABBIT_LENDING,10,ITEM_SUBMISSION_STATUS_PENDING,0,,8755e8b6-9985-4c91-a175-dabc69c16143,,,true,true,Two live cancel producers checked; output membership does not prove export or import.
CANCEL_SAP_DOCUMENT,DOCUMENT_STATE_ONLY,ITEM_APPROVAL_STATUS_PENDING,2026-09-26 16:06:06,2026-10-01,2026-09-01,Motor,2026-09-25,2504776,2026-09-25 16:48:06,"[""1_L80925659-V1""]",1,OBSERVED_DATA_STATE,,,,,0,,CURRENT_MONTH,CANCELLATION,RCB,1,true,false,false,c98840a5-acc3-4975-96b1-0298e79106d7,LEAD_STATUS_PURCHASED,2504776,1_L80925659-V1,1,paid,MOTOR_TYPE_2_PLUS,true,L80925659,L80925659-V1,1,2026-09-25 00:00:00,2026-09-25,SAP_PAYMENT_DATE_FOR_CANCELLED_DOCUMENT,,ONETIME,FULL_PAYMENT,,products/car-insurance,1_L80925659-V1,,CANCEL_STATUS_NOT_APPLIED,MISSING_TERMINAL_SAP_EVIDENCE,1,12194.98,2026-09-25,1,1,paid,2026-09-26 00:00:00,SERVICE_PROVIDER_UNSPECIFIED,1,ITEM_SUBMISSION_STATUS_SUBMITTED,0,,4a941038-87c5-4e2a-abbd-6ad027e084c8,,,true,true,Two live cancel producers checked; output membership does not prove export or import.
